rank,verb,candidate_passive_count,active_count,total_occurrences
46,HAVE,35983,10987285,11023268
37,KNOW,40455,5367677,5408132
2,DO,425043,4849599,5274642
9780,AUX,1,5168589,5168590
192,THINK,10547,3620492,3631039
285,WANT,6223,2693601,2699824
1017,THANK,704,2475917,2476621
7,GET,131372,2207953,2339325
1,GO,554734,1561271,2116005
30,SAY,52880,1840963,1893843
29,NEED,57502,1497944,1555446
42,COME,37359,1276716,1314075
128,MEAN,16907,1195505,1212412
3,MAKE,184033,792615,976648
101,LOOK,20363,841568,861931
55,SEE,33588,810707,844295
14,TAKE,99746,679809,779555
11,PUT,117917,438858,556775
4,USE,172978,352348,525326
12,GIVE,110993,407912,518905
86,START,22294,490455,512749
90,WORK,21844,461210,483054
566,BELIEVE,2050,468950,471000
5,CALL,146692,270316,417008
132,TALK,16585,395334,411919
406,FEEL,3712,387959,391671
31,MOVE,51620,331508,383128
23,ASK,65065,304079,369144
2428,GUESS,87,364764,364851
21,BRING,71661,277948,349609
110,HAPPEN,19349,316014,335363
926,LIKE,847,332414,333261
335,UNDERSTAND,5065,287557,292622
28,TELL,58826,231541,290367
65,FIND,30201,244157,274358
191,APPRECIATE,10888,260011,270899
62,HEAR,30616,238321,268937
6,APPROVE,134139,134735,268874
71,SHOW,27814,235882,263696
24,INCLUDE,64720,190939,255659
260,WIN,6763,245960,252723
27,PROVIDE,59662,187872,247534
9,REQUIRE,129014,113527,242541
960,SEEM,785,225228,226013
16,ALLOW,90134,134721,224855
70,MENTION,28066,193815,221881
33,LEAVE,50127,165672,215799
387,LOVE,3969,211276,215245
414,TRY,3536,211166,214702
95,MEET,21159,192752,213911
226,HELP,8272,200355,208627
464,LIVE,2920,201975,204895
2009,HAVEN,142,202951,203093
58,PASS,32062,170384,202446
64,RECEIVE,30316,171847,202163
78,CARRY,23719,169690,193409
164,KEEP,13182,179851,193033
178,LET,11833,178405,190238
25,PAY,62807,126276,189083
13,BUILD,99950,81645,181595
242,AGREE,7479,167744,175223
17,SET,84235,88723,172958
172,CONTINUE,12785,155743,168528
133,RUN,16456,148195,164651
8,INVOLVE,130232,32638,162870
207,BECOME,9684,152130,161814
41,CHANGE,39103,113851,152954
48,SEND,35353,116168,151521
525,REMEMBER,2246,148181,150427
22,HOLD,67606,72561,140167
187,DECIDE,11090,125575,136665
10,BASE,128561,5545,134106
66,SPEND,29934,103349,133283
140,READ,15767,117028,132795
311,SPEAK,5570,124071,129641
34,WRITE,46568,79143,125711
26,PRESENT,61623,63573,125196
130,SERVE,16811,107925,124736
39,ADD,39556,84037,123593
20,CONSIDER,71729,51674,123403
141,TURN,15629,107478,123107
54,CREATE,33588,85648,119236
15,SUPPOSE,95305,20356,115661
19,PROPOSE,78700,36707,115407
492,END,2535,111845,114380
135,SUPPORT,16209,96836,113045
63,RECOMMEND,30411,81178,111589
220,PLAY,8681,101909,110590
889,STAND,919,109264,110183
2410,WISH,89,108234,108323
202,MISS,9864,94446,104310
38,DISCUSS,40165,63264,103429
102,OFFER,20310,78781,99091
119,LOSE,18069,79758,97827
120,HIT,17939,79500,97439
74,OWN,26774,70077,96851
1328,SOUND,378,94891,95269
657,BEGIN,1591,93603,95194
373,LEARN,4109,90880,94989
162,VOTE,13250,81476,94726
940,WALK,817,92768,93585
123,PLAN,17309,75156,92465
49,RECOGNIZE,35215,57135,92350
18,LOCATE,82572,5280,87852
75,EXPECT,26068,58515,84583
160,REPRESENT,13402,71141,84543
227,OPEN,8233,74948,83181
177,CHOOSE,12031,70625,82656
158,PICK,13661,68986,82647
1274,CAN,409,79646,80055
320,BUY,5320,73992,79312
68,RAISE,29487,49821,79308
56,COVER,32849,46213,79062
467,REALIZE,2841,75681,78522
139,DRIVE,15809,62667,78476
472,WELCOME,2777,75265,78042
151,FOLLOW,14679,63349,78028
32,COMPLETE,51064,26886,77950
40,DEVELOP,39114,38702,77816
53,RELATE,33679,43208,76887
711,SIT,1377,75303,76680
47,CLOSE,35399,40471,75870
577,FALL,2012,72421,74433
36,ADDRESS,40783,32886,73669
170,REPORT,12868,60615,73483
236,GROW,7706,65111,72817
43,SUBMIT,37181,34605,71786
50,ADOPT,34616,36679,71295
282,ATTEND,6308,64398,70706
797,STAY,1116,69477,70593
85,REQUEST,22388,48150,70538
143,APPLY,15161,54150,69311
108,BREAK,19582,49708,69290
180,LEAD,11561,57595,69156
125,SHARE,17099,51741,68840
154,OPPOSE,14417,54125,68542
156,PULL,14018,53729,67747
103,CUT,20211,45142,65353
114,INCREASE,18700,45281,63981
82,SELL,22526,40984,63510
626,ENJOY,1760,61701,63461
179,STATE,11650,50768,62418
183,ENCOURAGE,11339,50996,62335
267,STOP,6650,55326,61976
314,NOTICE,5426,56299,61725
98,SIGN,20930,40357,61287
186,TEACH,11182,48176,59358
61,IDENTIFY,31220,27534,58754
35,DESIGN,45113,13333,58446
87,AFFECT,22081,34697,56778
370,COST,4157,52559,56716
44,REMOVE,36834,18873,55707
278,INDICATE,6348,48441,54789
94,REVIEW,21472,33109,54581
118,FINISH,18101,35694,53795
1079,EXIST,608,53145,53753
45,FUND,36324,17345,53669
215,THROW,9196,42090,51286
149,FOCUS,14807,36064,50871
73,PREPARE,26782,23326,50108
232,SUGGEST,8005,41231,49236
516,OCCUR,2342,46822,49164
57,LIST,32262,16413,48675
121,ACCEPT,17814,30791,48605
189,JOIN,11031,36676,47707
235,DEAL,7778,39787,47565
93,FILL,21556,25958,47514
84,INVITE,22449,24936,47385
67,PLACE,29888,17337,47225
410,FORGET,3625,41997,45622
651,CARE,1618,43947,45565
72,PERMIT,26867,18648,45515
329,POINT,5181,39715,44896
60,CONCERN,31374,12856,44230
99,DETERMINE,20898,23132,44030
1970,DEPEND,148,43588,43736
983,REMAIN,748,42888,43636
1336,APPEAR,369,43125,43494
147,HIRE,14983,27979,42962
52,BEAR,33770,9190,42960
706,WATCH,1411,40730,42141
159,REFER,13469,28330,41799
308,REACH,5624,35860,41484
92,INTEND,21650,19804,41454
59,ELECT,31379,9968,41347
51,SCHEDULE,34013,6683,40696
79,POST,23656,17036,40692
137,MAINTAIN,16041,24470,40511
883,DIE,946,39476,40422
152,AUTHORIZE,14661,25338,39999
911,WAIT,877,39068,39945
349,CHECK,4811,34968,39779
300,DROP,5849,33915,39764
169,PURCHASE,12934,26386,39320
115,GRANT,18534,20659,39193
1637,WONDER,235,38498,38733
89,ISSUE,22004,16643,38647
163,CATCH,13218,25307,38525
80,REPLACE,23410,14935,38345
5339,WOULDN,7,38260,38267
198,ANTICIPATE,10146,28100,38246
2304,APOLOGIZE,99,38034,38133
199,ANSWER,9934,27883,37817
338,EXPLAIN,5028,32691,37719
136,REDUCE,16208,21510,37718
1311,TEND,387,37243,37630
167,NOTE,13090,24439,37529
76,ESTABLISH,24138,12939,37077
804,PARTICIPATE,1098,35934,37032
106,UPDATE,19852,17121,36973
124,IMPACT,17265,19492,36757
165,COLLECT,13158,23406,36564
77,HONOR,24003,12555,36558
122,CONNECT,17472,18547,36019
111,CHARGE,19286,16429,35715
344,ENTER,4910,30190,35100
203,REFLECT,9863,25102,34965
234,SHOOT,7806,27075,34881
69,RESOLVE,28686,6165,34851
222,DRAW,8564,26095,34659
96,NAME,21109,13541,34650
296,OPERATE,6010,28606,34616
530,ASSUME,2222,32324,34546
258,FACE,6817,27655,34472
91,TIE,21729,12706,34435
97,SECONDED,21108,13273,34381
253,SAVE,7017,27345,34362
218,PUSH,8749,25356,34105
168,HANDLE,12999,20568,33567
107,LIMIT,19651,13681,33332
568,FIGURE,2040,30980,33020
157,INTRODUCE,13837,18778,32615
105,ADJOURN,19866,12525,32391
288,COUNT,6136,25882,32018
608,CONCLUDE,1861,29859,31720
304,CAUSE,5683,26016,31699
760,GRADUATE,1219,30441,31660
127,TREAT,16976,14362,31338
1016,FIT,706,30553,31259
659,FAIL,1587,29130,30717
6870,LIFE,3,30599,30602
112,SELECT,18946,11440,30386
1250,RECALL,424,29708,30132
142,COMMIT,15337,14558,29895
129,ENGAGE,16879,12962,29841
1317,DESERVE,383,29434,29817
673,VISIT,1534,28250,29784
145,COMPARE,15051,14662,29713
811,LISTEN,1084,28615,29699
231,MANAGE,8081,21345,29426
109,APPOINT,19541,9782,29323
88,AWARD,22045,7096,29141
761,STEP,1218,27791,29009
134,DIRECT,16436,12349,28785
190,HEAD,10955,17694,28649
2001,PRAY,143,28155,28298
144,BUDGET,15087,13022,28109
83,INSTAL,22487,5516,28003
4912,AREN,9,27900,27909
188,INCORPORATE,11058,16429,27487
161,PROTECT,13278,14120,27398
116,TRAIN,18495,8832,27327
274,APPROACH,6471,20630,27101
731,RESPOND,1306,25734,27040
81,ASSOCIATE,22742,4263,27005
138,IMPLEMENT,15911,11024,26935
252,DESCRIBE,7137,19696,26833
225,EXTEND,8350,18363,26713
166,FILE,13091,13615,26706
184,LAY,11300,15035,26335
200,RETIRE,9900,16406,26306
146,DEFINE,15031,11101,26132
701,EAT,1427,24660,26087
439,KICK,3197,22608,25805
131,FIX,16643,9144,25787
368,ROLL,4182,21485,25667
194,IMPROVE,10363,15196,25559
104,ATTACH,20064,5399,25463
334,TOUCH,5118,19930,25048
113,DESIGNATE,18909,6022,24931
230,STICK,8127,16391,24518
241,CORRECT,7481,16990,24471
412,KNOCK,3577,20882,24459
195,PROJECT,10349,14066,24415
148,AMEND,14860,9532,24392
185,KILL,11214,13141,24355
292,RETURN,6106,18130,24236
437,PROMISE,3270,20733,24003
196,GENERATE,10251,13574,23825
171,UTILIZE,12867,10906,23773
100,CONSTRUCT,20417,3246,23663
205,PARK,9745,13761,23506
324,REMIND,5238,17991,23229
117,CERTIFY,18305,4682,22987
1065,JUMP,632,22297,22929
256,CONTACT,6868,15988,22856
204,DELIVER,9851,12986,22837
963,LIE,781,21921,22702
286,PRODUCE,6206,15996,22202
213,PROVE,9214,12954,22168
289,MARK,6128,15948,22076
181,ESTIMATE,11402,10255,21657
208,CONDUCT,9664,11735,21399
155,RECORD,14195,7162,21357
478,CELEBRATE,2684,18631,21315
317,PERFORM,5404,15817,21221
173,RELEASE,12642,8579,21221
206,FORM,9692,11475,21167
1052,COMMENT,650,20515,21165
432,BEAT,3348,17688,21036
7137,WOULD,3,20938,20941
299,CONTAIN,5880,15012,20892
829,ARRIVE,1045,19774,20819
257,HURT,6853,13414,20267
736,TRAVEL,1285,18980,20265
514,ACT,2351,17864,20215
318,HAND,5349,14741,20090
555,SCORE,2113,17816,19929
239,DONATE,7570,12345,19915
153,NOTIFY,14556,5259,19815
209,BLESS,9646,10157,19803
246,CLEAN,7261,12435,19696
126,ZONE,17022,2457,19479
868,BENEFIT,971,18478,19449
431,EXPERIENCE,3362,15819,19181
1660,RISE,228,18891,19119
264,ANNOUNCE,6708,12365,19073
176,INFORM,12240,6752,18992
247,HIGHLIGHT,7246,11698,18944
480,WEAR,2658,16265,18923
607,CROSS,1862,16803,18665
399,HOST,3796,14817,18613
150,ASSIGN,14736,3853,18589
666,CONTRIBUTE,1572,16986,18558
340,DATE,5008,13455,18463
182,FORCE,11370,7077,18447
359,STRIKE,4409,14033,18442
259,EXPAND,6803,11592,18395
197,DENY,10187,8057,18244
388,EXCUSE,3947,14179,18126
174,ALLOCATE,12542,5574,18116
424,GATHER,3429,14664,18093
332,EXPRESS,5123,12527,17650
175,PUBLISH,12305,5301,17606
279,CONTROL,6336,11220,17556
2486,BELONG,80,17293,17373
791,EXCEED,1134,16110,17244
243,TEST,7417,9791,17208
559,SEEK,2101,15085,17186
463,ACCOUNT,2937,14248,17185
301,SHUT,5792,11260,17052
237,CHALLENGE,7620,9397,17017
611,QUESTION,1842,15129,16971
918,VOLUNTEER,860,16092,16952
250,SPLIT,7199,9702,16901
216,TRANSFER,8974,7917,16891
322,ORDER,5263,11515,16778
248,INVEST,7243,9423,16666
312,PROMOTE,5484,11127,16611
397,BLOW,3806,12737,16543
270,ELIMINATE,6586,9749,16335
672,FIGHT,1537,14724,16261
1389,IMAGINE,344,15901,16245
481,RESPECT,2646,13591,16237
212,REGISTER,9374,6855,16229
1095,PLEDGE,588,15545,16133
485,EARN,2601,13373,15974
409,BACK,3626,12309,15935
1975,PLEASE,147,15720,15867
223,DIVIDE,8483,7223,15706
635,ALRIGHT,1711,13948,15659
280,SPREAD,6319,9315,15634
434,DISCOVER,3332,12289,15621
599,OWE,1888,13732,15620
214,ASSESS,9209,6367,15576
681,TRUST,1512,14032,15544
2305,',99,15437,15536
254,OUTLINE,6982,8510,15492
1004,RESULT,724,14727,15451
413,BURN,3546,11728,15274
193,DEDICATE,10386,4811,15197
276,CLEAR,6434,8686,15120
221,LOCK,8609,6506,15115
726,FLY,1314,13759,15073
444,FEATURE,3105,11789,14894
2752,MATTER,60,14807,14867
273,PAINT,6509,8301,14810
380,WRAP,4015,10577,14592
271,COMBINE,6565,7855,14420
265,BLOCK,6696,7573,14269
363,VIEW,4231,9982,14213
201,DISTRIBUTE,9866,4344,14210
284,SEPARATE,6250,7881,14131
302,INSPIRE,5751,8306,14057
240,PLANT,7520,6535,14055
3197,DISAGREE,39,13973,14012
465,FEED,2905,10933,13838
422,DECLARE,3471,10345,13816
290,ADVISE,6127,7689,13816
1990,CONSIST,145,13654,13799
244,SPONSOR,7371,6397,13768
354,VALUE,4525,9180,13705
224,EMPLOY,8401,5251,13652
342,MEASURE,5000,8596,13596
233,ACCOMPLISH,7835,5725,13560
229,SWEAR,8165,5385,13550
219,RESTRICT,8689,4749,13438
527,DEMONSTRATE,2243,11072,13315
572,MATCH,2033,11105,13138
586,EXPIRE,1957,11123,13080
1823,BET,180,12822,13002
238,PROHIBIT,7571,5401,12972
268,ORGANIZE,6637,6288,12925
469,ACKNOWLEDGE,2791,10060,12851
2325,FLOW,97,12749,12846
2282,RIGHT,102,12741,12843
228,REVISE,8173,4580,12753
504,STUDY,2432,10293,12725
1374,LAND,352,12353,12705
865,POP,981,11696,12677
266,ADVERTISE,6675,5940,12615
352,ACHIEVE,4671,7858,12529
2277,WORSHIP,103,12333,12436
310,EVALUATE,5580,6843,12423
360,FIRE,4369,8050,12419
339,RANK,5016,7364,12380
518,WORRY,2338,10031,12369
353,LIGHT,4646,7687,12333
1520,STRUGGLE,284,12033,12317
287,DEFER,6160,6110,12270
275,ADJUST,6455,5764,12219
210,ENTITLE,9437,2778,12215
249,SURROUND,7234,4932,12166
605,POSE,1869,10268,12137
1196,RELY,477,11600,12077
328,GUARANTEE,5205,6852,12057
372,CONFIRM,4123,7698,11821
245,NOMINATE,7330,4475,11805
401,RENT,3792,7928,11720
262,LICENSE,6732,4861,11593
367,CONTRACT,4186,7275,11461
316,CALCULATE,5408,6036,11444
395,LINE,3830,7595,11425
1488,PROCEED,294,11105,11399
430,REFERENCE,3366,7967,11333
211,EXPOSE,9405,1884,11289
427,COMMUNICATE,3389,7879,11268
277,ALIGN,6368,4779,11147
510,LAUNCH,2383,8724,11107
1853,CLICK,174,10907,11081
1041,SUSPECT,661,10418,11079
272,EDUCATE,6519,4502,11021
1207,URGE,465,10430,10895
362,CAPTURE,4352,6508,10860
392,PROCESS,3912,6935,10847
291,TARGET,6111,4727,10838
319,PRINT,5325,5495,10820
330,MARRY,5142,5620,10762
592,TRACK,1922,8831,10753
347,NEGOTIATE,4882,5757,10639
263,DEEM,6710,3836,10546
283,CANCEL,6267,4265,10532
323,LINK,5252,5205,10457
435,COORDINATE,3330,7048,10378
1536,LAST,278,10075,10353
442,INTERVIEW,3131,7155,10286
630,PARTNER,1723,8490,10213
295,DRAFT,6046,4149,10195
217,SEAT,8777,1401,10178
975,CLAIM,765,9407,10172
784,QUALIFY,1148,9004,10152
269,MANDATE,6590,3525,10115
631,DIG,1722,8384,10106
1459,RIDE,305,9800,10105
458,BID,2966,7132,10098
281,REPAIR,6311,3756,10067
261,OCCUPY,6745,3283,10028
2339,WAKE,96,9829,9925
404,SETTLE,3749,6150,9899
1234,GRAB,430,9424,9854
457,CENTER,2988,6793,9781
381,INITIATE,4004,5775,9779
255,MODIFY,6892,2856,9748
581,ASSIST,1985,7740,9725
643,GAIN,1657,7938,9595
315,REGULATE,5415,4176,9591
418,ACQUIRE,3508,6021,9529
470,DESIRE,2783,6650,9433
382,TABLE,4001,5411,9412
490,COMMEND,2549,6847,9396
476,SERVICE,2706,6655,9361
808,SWITCH,1088,8223,9311
425,MONITOR,3427,5855,9282
303,STORE,5695,3565,9260
389,RETAIN,3937,5307,9244
298,DELAY,5907,3298,9205
610,EMAIL,1849,7322,9171
578,DECREASE,2008,7143,9151
356,HOUSE,4487,4540,9027
394,ASSURE,3863,5161,9024
1056,REFUSE,641,8220,8861
443,SOLVE,3115,5746,8861
251,RID,7137,1668,8805
307,FINALIZE,5637,3156,8793
350,CONVERT,4808,3972,8780
905,DRAIN,895,7864,8759
653,PREVENT,1613,7121,8734
375,PRESERVE,4069,4527,8596
513,OBSERVE,2351,6224,8575
1932,LAUGH,155,8408,8563
8215,VARY,2,8474,8476
576,ATTRACT,2016,6444,8460
309,TEAR,5582,2852,8434
723,DOUBLE,1323,7047,8370
2135,RANGE,120,8246,8366
1148,APPLAUD,519,7845,8364
336,DESTROY,5033,3300,8333
579,DUMP,2004,6302,8306
384,PACK,3996,4285,8281
1204,SUFFER,469,7810,8279
346,STEAL,4884,3343,8227
521,ADMIT,2311,5880,8191
400,OBTAIN,3795,4391,8186
539,LIFT,2162,6003,8165
2335,SING,97,8029,8126
550,QUOTE,2121,5993,8114
2388,RESIDE,90,7992,8082
325,ENFORCE,5209,2862,8071
327,PAVE,5206,2801,8007
601,ENVISION,1881,6111,7992
507,JUDGE,2400,5588,7988
473,GUIDE,2738,5222,7960
919,FAVOR,859,7044,7903
385,RESERVE,3974,3927,7901
2485,WANNA,80,7820,7900
809,ALLUDE,1086,6785,7871
496,PUMP,2504,5323,7827
407,DISPLAY,3698,4112,7810
1634,ENSURE,235,7562,7797
390,LOAD,3928,3868,7796
297,DAMAGE,5990,1799,7789
294,BURY,6084,1684,7768
1015,PRACTICE,707,7052,7759
753,BOTHER,1228,6463,7691
1269,COMPLAIN,411,7276,7687
313,ABANDON,5468,2208,7676
1748,COMPETE,198,7423,7621
1649,ARISE,230,7378,7608
351,INTEGRATE,4710,2888,7598
371,INSPECT,4139,3431,7570
331,FOUND,5130,2437,7567
341,STRUCTURE,5006,2560,7566
946,ENABLE,804,6747,7551
305,ARREST,5680,1868,7548
419,UPGRADE,3500,4024,7524
420,CITE,3479,4042,7521
636,SUPPLY,1702,5802,7504
393,EXCITE,3902,3582,7484
364,STAFF,4204,3278,7482
369,RECYCLE,4165,3291,7456
502,ENHANCE,2448,4997,7445
455,SPELL,3015,4419,7434
802,RULE,1103,6314,7417
374,SECURE,4085,3296,7381
1305,QUIT,391,6971,7362
321,RAT,5290,2010,7300
484,CAST,2630,4646,7276
460,REJECT,2954,4305,7259
306,BIND,5637,1620,7257
456,CLARIFY,3006,4145,7151
5355,S,7,7140,7147
376,MAIL,4061,3082,7143
293,INJURE,6105,980,7085
450,ACCESS,3058,3986,7044
1026,SLOW,688,6354,7042
403,ADMINISTER,3775,3254,7029
326,REIMBURSE,5208,1807,7015
554,SHIFT,2113,4894,7007
1453,SKIP,308,6631,6939
1171,BOUNCE,498,6422,6920
377,WITHDRAW,4053,2866,6919
386,HIDE,3973,2882,6855
908,OVERSEE,884,5955,6839
1276,TOTAL,408,6416,6824
1162,RAIN,505,6303,6808
801,ATTEMPT,1104,5687,6791
355,SUSPEND,4494,2252,6746
357,DOCUMENT,4448,2296,6744
964,WEIGH,778,5961,6739
1190,SURVIVE,484,6247,6731
343,ENACT,4916,1804,6720
361,COMPRISE,4368,2335,6703
594,WASH,1919,4734,6653
3051,EQUAL,45,6605,6650
613,LOWER,1818,4819,6637
734,COOK,1299,5316,6615
563,WOUND,2075,4495,6570
604,POUR,1873,4679,6552
451,GOVERN,3056,3489,6545
789,BORROW,1138,5390,6528
348,ENROL,4830,1684,6514
597,EXPLORE,1897,4606,6503
589,AIM,1939,4563,6502
925,REGARD,851,5571,6422
441,FLOOD,3190,3209,6399
2309,SHAKE,99,6297,6396
523,REPEAT,2265,4124,6389
383,RESTORE,3997,2391,6388
2275,HANG,103,6276,6379
2437,SMELL,86,6279,6365
405,FORWARD,3715,2619,6334
503,DRESS,2432,3900,6332
2521,PERTAIN,77,6234,6311
333,ORIENT,5120,1176,6296
408,EXCLUDE,3667,2619,6286
939,FLIP,818,5418,6236
416,EXECUTE,3515,2708,6223
696,VIOLATE,1442,4777,6219
719,COACH,1339,4877,6216
3196,DOUBT,39,6176,6215
1765,SLIP,193,6011,6204
531,SUMMARIZE,2214,3961,6175
646,EVOLVE,1653,4486,6139
557,APPEAL,2102,4036,6138
461,PERCEIVE,2939,3190,6129
487,IGNORE,2585,3515,6100
2452,CONCUR,85,5992,6077
621,ANALYZE,1786,4275,6061
788,ENTERTAIN,1143,4916,6059
3416,STRIVE,32,5986,6018
779,ADVANCE,1162,4855,6017
560,LEASE,2100,3911,6011
2143,STOLE,119,5887,6006
1703,OKAY,216,5782,5998
718,TIP,1340,4654,5994
454,PRE,3035,2948,5983
488,ATTACK,2559,3410,5969
477,BOOK,2699,3257,5956
551,RECOVER,2121,3833,5954
1443,PROGRESS,315,5621,5936
819,SHED,1068,4854,5922
345,GEAR,4909,950,5859
423,RENEW,3465,2344,5809
366,VET,4195,1594,5789
1030,ARGUE,679,5074,5753
436,APPROPRIATE,3313,2437,5750
641,TRIGGER,1678,4027,5705
881,EMBRACE,951,4754,5705
448,IMPOSE,3065,2633,5698
415,POSTPONE,3524,2155,5679
1776,WIND,189,5478,5667
1491,FEAR,293,5362,5655
358,DEMOLISH,4422,1188,5610
2137,INTERACT,120,5486,5606
417,RELOCATE,3509,2089,5598
438,FOUL,3203,2392,5595
398,LABEL,3799,1768,5567
445,OFFSET,3092,2446,5538
482,GROUND,2642,2857,5499
5712,SECOND,6,5486,5492
1680,DISAPPEAR,222,5266,5488
721,NUMBER,1327,4149,5476
402,CLASSIFY,3781,1679,5460
337,DIAGNOSE,5032,426,5458
1131,ENCOMPASS,543,4915,5458
447,WAIVE,3072,2356,5428
640,HUNG,1698,3723,5421
468,UNDERTAKE,2809,2608,5417
799,COPY,1109,4292,5401
705,SURVEY,1412,3962,5374
565,INVESTIGATE,2069,3294,5363
512,SUE,2362,2970,5332
542,HOOK,2152,3160,5312
689,AVOID,1469,3836,5305
4008,KID,20,5284,5304
526,POSITION,2244,3057,5301
2642,,68,5201,5269
411,TAX,3610,1655,5265
433,RENOVATE,3346,1902,5248
459,WARRANT,2955,2288,5243
616,PLUG,1809,3414,5223
520,DEFEAT,2320,2891,5211
1445,DEMAND,314,4889,5203
483,REBUILD,2634,2550,5184
702,PURSUE,1422,3719,5141
528,INTERPRET,2238,2880,5118
660,DICTATE,1581,3524,5105
658,STRESS,1588,3513,5101
536,ACCOMMODATE,2182,2917,5099
509,CONFUSE,2393,2701,5094
498,SPECIFY,2495,2547,5042
973,EMPHASIZE,768,4274,5042
1306,AVERAGE,389,4650,5039
474,TRANSPORT,2713,2319,5032
537,THREATEN,2180,2844,5024
2893,MR,52,4969,5021
704,REVEAL,1413,3606,5019
501,MOUNT,2448,2560,5008
1183,CONGRATULATE,491,4470,4961
950,HOP,798,4159,4957
745,RIP,1253,3678,4931
752,WELL,1228,3696,4924
637,PRIORITIZE,1701,3222,4923
529,TAP,2233,2670,4903
499,BILL,2495,2403,4898
440,DEPLOY,3195,1698,4893
690,CO,1461,3422,4883
2350,SLEEP,95,4786,4881
774,FACILITATE,1169,3711,4880
800,TRANSLATE,1108,3754,4862
755,BOARD,1225,3628,4853
365,TASK,4195,627,4822
466,CIRCULATE,2904,1915,4819
486,SCAR,2590,2225,4815
475,DISCHARGE,2709,2104,4813
2050,SLASH,135,4666,4801
606,PROGRAM,1863,2933,4796
535,PHASE,2185,2574,4759
511,FINANCE,2365,2386,4751
695,ENDORSE,1444,3298,4742
421,ANNEX,3476,1265,4741
743,RESEARCH,1266,3456,4722
452,EXPEND,3049,1665,4714
593,SHIP,1920,2783,4703
494,CONTEMPLATE,2509,2176,4685
832,MAP,1038,3645,4683
379,THRILL,4025,658,4683
1221,ENCOUNTER,450,4231,4681
378,EQUIP,4027,650,4677
1193,SUCK,482,4194,4676
899,MESS,900,3776,4676
1464,HAT,302,4360,4662
545,AFFORD,2141,2517,4658
453,WORD,3044,1596,4640
974,PITCH,766,3861,4627
1158,TRIP,511,4111,4622
814,SURPRISED,1079,3536,4615
3250,AMOUNT,37,4561,4598
1034,SQUARE,671,3926,4597
595,FACTOR,1900,2666,4566
491,DISMISS,2546,2012,4558
713,PREDICT,1359,3193,4552
1164,SPECIALIZE,503,4016,4519
845,LOG,1016,3502,4518
1330,ADVOCATE,378,4137,4515
1201,COUNSEL,472,4037,4509
493,SEAL,2511,1987,4498
573,INFLUENCE,2031,2458,4489
497,CAP,2497,1986,4483
534,INCUR,2189,2287,4476
391,OBLIGATE,3928,537,4465
519,ACTIVATE,2334,2120,4454
714,STRETCH,1358,3083,4441
937,DRILL,826,3601,4427
449,SCREEN,3063,1363,4426
895,PRESS,913,3511,4424
851,COMPLY,992,3431,4423
6701,TRUSTEE,3,4417,4420
1227,SMOKE,443,3970,4413
629,VERIFY,1727,2680,4407
552,COMMISSION,2120,2285,4405
712,WARN,1371,3033,4404
962,DECLINE,782,3605,4387
735,MARKET,1297,3088,4385
977,CHAIR,761,3605,4366
1229,OPT,441,3922,4363
588,CONSUME,1940,2422,4362
1313,SNAP,385,3970,4355
650,MOTIVATE,1624,2722,4346
2704,LACK,64,4271,4335
2741,TRAIL,61,4236,4297
692,PROCLAIM,1459,2833,4292
1094,PRESUME,589,3703,4292
426,COMPLICATED,3418,812,4230
2473,CRY,82,4122,4204
1414,CONSTITUTE,328,3861,4189
3973,TEACHER,20,4155,4175
669,CONVINCE,1561,2599,4160
1659,EQUATE,228,3907,4135
861,EXERCISE,983,3145,4128
471,VACATE,2782,1339,4121
602,EMPOWER,1878,2239,4117
585,WASTE,1963,2142,4105
675,DETAIL,1525,2573,4098
876,SCREW,956,3108,4064
1239,FIELD,429,3604,4033
622,GRADE,1786,2242,4028
1135,WITNESS,536,3471,4007
1868,SUCCEED,170,3833,4003
732,RUSH,1301,2699,4000
569,INSTRUCT,2040,1960,4000
540,DELETE,2161,1823,3984
645,STACK,1655,2323,3978
620,ENGINEER,1786,2181,3967
396,GRANDFATHERE,3816,143,3959
1505,SPIN,287,3662,3949
524,TITLE,2259,1663,3922
856,BUMP,989,2928,3917
462,ENCLOSE,2938,973,3911
1422,ECHO,324,3587,3911
642,SHAPE,1672,2232,3904
913,WATER,868,2998,3866
591,ABSORB,1924,1935,3859
879,DRY,953,2894,3847
517,ATTRIBUTE,2340,1506,3846
495,MIXED,2507,1325,3832
1391,BOIL,342,3477,3819
1033,NARROW,674,3137,3811
4376,SLIDE,14,3770,3784
796,CRACK,1116,2657,3773
3212,BEG,39,3701,3740
2481,MIND,81,3645,3726
522,MANUFACTURE,2269,1447,3716
1096,TORE,588,3121,3709
717,SUSTAIN,1347,2361,3708
2002,TOUR,143,3563,3706
429,EMBED,3369,335,3704
1231,SEARCH,435,3260,3695
663,CONSULT,1576,2112,3688
652,ARRANGE,1618,2050,3668
614,STRIP,1812,1845,3657
703,SORT,1416,2232,3648
967,ILLUSTRATE,771,2876,3647
824,SPOT,1052,2591,3643
506,STATION,2402,1221,3623
935,TIME,832,2790,3622
1156,TRANSITION,512,3110,3622
770,GREET,1178,2434,3612
2417,FUNCTION,88,3513,3601
1035,SPACE,670,2931,3601
924,FREE,852,2743,3595
3215,SMILE,39,3551,3590
724,CREDIT,1317,2264,3581
627,TRANSFORM,1744,1835,3579
583,PREFERRED,1972,1606,3578
617,WIDEN,1796,1775,3571
769,RECRUIT,1179,2379,3558
694,CONSOLIDATE,1444,2110,3554
558,TERMINATE,2101,1450,3551
634,BAN,1716,1827,3543
428,SLAT,3384,155,3539
988,DRAG,741,2784,3525
1831,DREAM,179,3345,3524
869,IMPLY,970,2539,3509
623,NEGLECT,1782,1725,3507
821,EXAMINE,1057,2421,3478
841,AIR,1024,2442,3466
1278,TYPE,407,3051,3458
1681,ENTAIL,222,3236,3458
1698,OBJECT,217,3208,3425
624,CONVEY,1761,1663,3424
584,FENCE,1968,1454,3422
9120,EVENT,1,3417,3418
4140,OFTENTIME,18,3391,3409
2765,DARE,60,3347,3407
505,ACCUSE,2418,988,3406
561,DISTURB,2088,1313,3401
446,SITUATE,3076,325,3401
816,HEAT,1077,2301,3378
763,SUPERVISE,1206,2159,3365
716,BORE,1352,2003,3355
1983,FRONT,146,3208,3354
1027,FLOAT,687,2665,3352
1188,EXHIBIT,485,2864,3349
547,MITIGATE,2138,1211,3349
1575,TESTIFY,258,3090,3348
1216,ROTATE,454,2894,3348
820,BLEND,1068,2280,3348
677,UPSET,1518,1824,3342
2447,TASTE,85,3250,3335
625,OVERLOOK,1761,1564,3325
549,ALTER,2132,1176,3308
1290,RESIGN,402,2891,3293
686,ADAPT,1482,1805,3287
2499,BREATHE,79,3198,3277
548,SHOCK,2132,1134,3266
1840,MOTION,177,3073,3250
738,TUCK,1281,1952,3233
479,COMPENSATE,2681,550,3231
2269,REACT,103,3127,3230
687,MODEL,1481,1739,3220
662,BOND,1576,1633,3209
698,AUDIT,1433,1774,3207
575,DISPOSE,2016,1188,3204
785,DEPICT,1145,2055,3200
697,DEBATE,1440,1760,3200
538,TUNE,2175,1016,3191
707,GATE,1391,1798,3189
1187,WAVE,486,2694,3180
872,FORGIVE,968,2196,3164
2053,COLLABORATE,134,3029,3163
489,TRAP,2554,590,3144
922,TRADE,853,2289,3142
1469,ADMIRE,301,2836,3137
846,BAKE,1006,2126,3132
1411,SIDE,330,2780,3110
2253,INSIST,105,2999,3104
772,TACKLE,1175,1924,3099
1419,SPEED,326,2773,3099
3841,REDO,22,3069,3091
746,IMPRESS,1247,1843,3090
1574,SPARK,259,2830,3089
1986,EXIT,146,2924,3070
1014,LEVEL,709,2356,3065
638,ACCOMPANY,1700,1357,3057
1978,LEAN,147,2909,3056
532,ISOLATE,2203,847,3050
541,CONTAMINATE,2154,894,3048
1867,YIELD,171,2853,3024
1338,COOL,368,2654,3022
647,SUBSIDIZE,1649,1371,3020
825,PLOW,1052,1957,3009
828,SUIT,1045,1964,3009
982,PROMPT,749,2257,3006
995,SPRAY,736,2265,3001
655,REWARD,1605,1386,2991
880,CONCENTRATE,951,2037,2988
842,REINFORCE,1023,1964,2987
776,REVERSE,1164,1819,2983
632,ELEVATE,1721,1246,2967
680,LEVY,1514,1447,2961
823,INTERRUPT,1053,1908,2961
709,ARTICULATE,1381,1550,2931
600,COMPROMISE,1883,1041,2924
596,BROADCAST,1898,1020,2918
644,DISCLOSE,1656,1246,2902
564,ABUSE,2074,824,2898
639,JUSTIFY,1699,1195,2894
665,DISTRACT,1574,1302,2876
567,HUMBLE,2040,824,2864
902,STRENGTHEN,898,1965,2863
612,PRICE,1834,1029,2863
546,BALANCED,2140,714,2854
1862,CONFORM,172,2675,2847
2319,PAGE,98,2744,2842
582,FRUSTRATE,1974,864,2838
5534,AGENDA,6,2823,2829
515,FROZEN,2344,484,2828
1758,EMERGE,195,2631,2826
619,DERIVE,1791,1033,2824
773,COMPILE,1169,1653,2822
571,ACCREDIT,2036,783,2819
1002,SINK,727,2090,2817
598,PRESCRIBE,1892,923,2815
5698,SWING,6,2807,2813
888,STREAM,926,1886,2812
556,DETACH,2103,703,2806
812,PERFECT,1082,1721,2803
609,REDEVELOP,1861,935,2796
533,INSURE,2202,591,2793
790,INVENT,1138,1654,2792
2363,FAKE,94,2697,2791
896,TRIM,909,1876,2785
500,TELEVISE,2467,313,2780
890,SCALE,919,1854,2773
4675,LEND,11,2755,2766
1503,REST,288,2475,2763
798,FRAME,1115,1645,2760
603,DISAPPOINT,1877,877,2754
1233,SHOWCASE,432,2321,2753
1285,ORIGINATE,404,2337,2741
959,MERGE,787,1951,2738
649,DISPATCH,1625,1108,2733
12319,MIX,1,2731,2732
777,STABILIZE,1164,1568,2732
847,RESUME,1001,1724,2725
767,TAG,1186,1538,2724
942,SATISFY,816,1906,2722
927,SWEEP,847,1872,2719
562,SUBDIVIDE,2076,618,2694
1440,MIRROR,316,2362,2678
730,TWEAK,1308,1368,2676
2639,ABSTAIN,68,2608,2676
978,CONVENE,758,1909,2667
1345,MAN,366,2298,2664
720,REVISIT,1337,1326,2663
5135,TREE,8,2652,2660
987,TOSS,742,1915,2657
766,DECORATE,1201,1456,2657
1786,TEAM,188,2467,2655
2276,DANCE,103,2550,2653
5900,ROW,5,2647,2652
3364,DOWNTOWN,34,2618,2652
1018,CHASE,704,1943,2647
903,FOLD,897,1747,2644
1134,PRAISE,537,2105,2642
2019,ESCAPE,141,2500,2641
508,REAPPOINTE,2397,242,2639
1113,PICTURE,568,2063,2631
2420,RESONATE,88,2534,2622
1218,MULTIPLY,453,2168,2621
1177,TOP,495,2120,2615
1347,INHERIT,365,2246,2611
4191,DISTRICT,17,2590,2607
1077,DEFEND,609,1998,2607
544,EARMARK,2142,460,2602
1071,SOLICIT,617,1968,2585
4010,E,20,2564,2584
570,VEST,2037,547,2584
3306,WATERSHE,35,2549,2584
1128,NAIL,548,2035,2583
2131,DR,121,2460,2581
758,ASSEMBLE,1222,1356,2578
3194,HANDBOOK,39,2530,2569
618,REZONE,1795,766,2561
775,INSERT,1166,1386,2552
7629,NOPE,2,2549,2551
700,COLOR,1430,1120,2550
786,CRAFT,1144,1405,2549
848,DEVOTE,997,1552,2549
4539,LANE,13,2534,2547
1667,MARCH,226,2321,2547
8341,ART,2,2541,2543
1836,ROCK,178,2352,2530
941,DOWNLOAD,817,1709,2526
750,POWER,1233,1289,2522
938,MINIMIZE,824,1697,2521
590,COMPOSE,1925,596,2521
762,WEIGHT,1212,1305,2517
2773,AGE,59,2457,2516
656,DIVERT,1597,916,2513
2730,STEM,61,2445,2506
2134,CLIMB,121,2377,2498
749,FORECAST,1233,1265,2498
765,PAIR,1203,1292,2495
670,GIFT,1559,933,2492
2381,DOG,92,2391,2483
1140,DISTINGUISH,532,1951,2483
1024,STUFF,697,1781,2478
676,AUTOMATE,1521,957,2478
742,EXEMPT,1267,1195,2462
2039,EXCEL,137,2320,2457
1146,AFFIRM,521,1933,2454
543,BULLY,2150,303,2453
1429,SUM,322,2127,2449
2164,SHOUT,116,2324,2440
2026,ONE,139,2297,2436
2852,SHOP,54,2381,2435
1240,SIZE,429,2001,2430
580,DISPLACE,1993,436,2429
1161,BLAME,505,1920,2425
3371,THRIVE,33,2389,2422
1340,COLLAPSE,368,2052,2420
6518,OK,4,2415,2419
3974,DIFFER,20,2384,2404
834,INSTITUTE,1032,1366,2398
667,FULFIL,1566,826,2392
943,FLUSH,814,1576,2390
2459,SALUTE,84,2297,2381
759,RENDER,1221,1159,2380
615,CONDITION,1810,558,2368
871,ACCUMULATE,968,1397,2365
1738,SCHOOL,202,2161,2363
1358,REITERATE,360,1998,2358
2114,CRASH,123,2231,2354
1747,DOT,198,2156,2354
894,DETECT,914,1437,2351
805,CARVE,1095,1250,2345
4173,SENSE,17,2322,2339
715,DISPERSE,1357,978,2335
993,PRONOUNCE,737,1598,2335
553,CONVICT,2119,212,2331
2469,REPLY,83,2245,2328
897,WIPE,906,1421,2327
4798,DEVIL,10,2312,2322
2636,BALL,68,2249,2317
668,DEPOSIT,1564,750,2314
661,OFFEND,1581,729,2310
740,BRIEF,1278,1031,2309
1300,WARM,395,1912,2307
3764,SHINE,24,2283,2307
1471,YELL,301,2001,2302
976,SCAN,764,1536,2300
3369,FAST,34,2263,2297
3033,REGRET,45,2251,2296
898,FILTER,901,1391,2292
574,AFFILIATE,2021,269,2290
10908,RATE,1,2288,2289
3822,PRIDE,23,2262,2285
1580,SNOW,256,2029,2285
855,PACKAGE,989,1291,2280
587,SCATTER,1947,318,2265
4259,REQUIREMENT,16,2237,2253
1372,PUNCH,353,1899,2252
916,DETERIORATE,864,1388,2252
2254,PAUSE,105,2145,2250
747,WIRE,1243,1005,2248
2972,PRETEND,48,2183,2231
1059,ADHERE,637,1593,2230
958,DEFLECT,788,1423,2211
685,MURDER,1491,713,2204
1219,CIRCLE,453,1748,2201
860,GUARD,983,1217,2200
793,DISCOURAGE,1128,1072,2200
915,DOMINATE,866,1326,2192
1664,PART,227,1956,2183
7250,LOT,2,2170,2172
699,REUSE,1431,740,2171
830,SHORTEN,1043,1127,2170
3358,HESITATE,34,2135,2169
783,CROWD,1150,1017,2167
892,REOPEN,917,1242,2159
722,SUBJECT,1327,832,2159
778,CRUSH,1162,992,2154
997,HAUL,735,1414,2149
1072,VOICE,617,1531,2148
1512,MISUNDERSTOOD,285,1863,2148
729,INTERCEPT,1308,834,2142
691,CONDEMN,1461,678,2139
628,CONSTRAIN,1734,405,2139
822,GROUP,1055,1080,2135
11072,ROUND,1,2129,2130
683,ILLUMINATE,1503,623,2126
936,ACCELERATE,826,1300,2126
849,FILM,994,1118,2112
909,MOW,880,1230,2110
952,RUIN,792,1315,2107
966,UNIFY,773,1333,2106
990,SEIZE,740,1362,2102
921,ALERT,854,1240,2094
2526,CLASS,77,2016,2093
2291,CHEER,102,1989,2091
1013,CHOP,709,1373,2082
878,DELEGATE,953,1123,2076
768,RE,1183,890,2073
633,INDUCT,1721,351,2072
2248,CEASE,106,1965,2071
947,RESCUE,803,1265,2068
1090,PILE,594,1474,2068
1483,EMBODY,296,1767,2063
951,STAMP,797,1260,2057
833,RATIFY,1033,1016,2049
674,RECONSTRUCT,1530,519,2049
794,CONFRONT,1124,923,2047
3393,FEE,33,2010,2043
1144,BREED,528,1513,2041
984,EDIT,748,1290,2038
882,UPHOLD,949,1085,2034
708,TRANSMIT,1386,648,2034
684,RESCHEDULE,1502,527,2029
1495,SPILL,291,1734,2025
862,RENAME,982,1041,2023
1435,SACRIFICE,317,1697,2014
1100,PATCH,581,1432,2013
810,REFINE,1085,925,2010
7215,LIBRARY,3,2002,2005
654,ERECT,1608,396,2004
10868,ORG,1,2002,2003
1847,BIT,175,1821,1996
4312,DIVE,15,1980,1995
840,PIN,1024,969,1993
885,HEAL,932,1044,1976
2849,ABUT,54,1881,1935
710,TAILOR,1379,550,1929
884,ROB,932,995,1927
1087,BORDER,598,1324,1922
4135,SCROLL,18,1903,1921
910,REDESIGN,877,1040,1917
2285,CALM,102,1812,1914
2906,SPAN,51,1857,1908
1930,EMBARK,155,1752,1907
10539,CAMERA,1,1902,1903
886,DISRUPT,930,971,1901
815,RESURFACE,1078,822,1900
648,INCARCERATE,1649,248,1897
2569,OVERLAP,74,1821,1895
1272,ENLIST,410,1482,1892
664,CONFINE,1576,315,1891
2878,SHIN,53,1837,1890
852,LANDSCAPE,992,893,1885
2422,FLUCTUATE,88,1795,1883
1198,MELT,476,1402,1878
1037,BITE,666,1210,1876
839,CHARACTERIZE,1024,847,1871
1371,SUBTRACT,353,1514,1867
817,DISSOLVE,1071,794,1865
803,REPEAL,1099,766,1865
682,ALLOT,1512,351,1863
1067,BUST,630,1233,1863
1088,CORRELATE,598,1262,1860
1571,STIR,262,1593,1855
11164,EASEMENT,1,1850,1851
2385,CHAT,91,1757,1848
1130,SQUEEZE,547,1298,1845
836,REMODEL,1028,810,1838
1420,BEHAVE,326,1511,1837
2406,SIGNIFY,89,1744,1833
900,DIMINISH,900,931,1831
2943,CITIZEN,49,1781,1830
679,PENALIZE,1515,303,1818
858,OVERCOME,984,834,1818
1179,FARM,494,1323,1817
2501,T,79,1737,1816
2157,STAR,118,1693,1811
838,EVACUATE,1025,784,1809
1075,STALL,611,1197,1808
4204,CLERK,17,1789,1806
1982,SUB,146,1653,1799
1107,EXCHANGE,577,1216,1793
2218,SCREAM,109,1681,1790
1383,RECKON,349,1440,1789
678,ADDICT,1516,270,1786
3316,JOKE,35,1751,1786
854,RESCIND,989,793,1782
754,REVOKE,1225,537,1762
3109,NURSE,43,1718,1761
1413,SUBSCRIBE,329,1428,1757
827,EXHAUST,1047,708,1755
5137,ETC,8,1747,1755
1465,SCRATCH,302,1446,1748
929,CODIFY,844,899,1743
1127,STIPULATE,549,1192,1741
920,ALLEGE,857,882,1739
1283,MENTOR,404,1334,1738
1163,BAR,503,1234,1737
733,INTRIGUE,1301,434,1735
1092,SUPPLEMENT,590,1140,1730
751,REPURPOSE,1230,499,1729
2424,REVOLVE,88,1638,1726
1616,FOSTER,244,1479,1723
1846,EXPLODE,176,1544,1720
1556,COMMAND,267,1453,1720
945,FLAG,807,911,1718
728,REPAY,1311,405,1716
843,DISCIPLINE,1018,697,1715
7593,HOME,2,1712,1714
1243,TIGHTEN,427,1287,1714
1943,AWAIT,153,1558,1711
671,OUTDATE,1546,164,1710
2061,HOCKEY,133,1577,1710
1530,SELF,280,1429,1709
1810,DIP,183,1526,1709
2825,PREDATE,56,1650,1706
5105,SIDEWALK,8,1693,1701
693,UNDERUTILIZE,1458,242,1700
1042,BRAND,661,1038,1699
2025,WRESTLE,139,1560,1699
1979,SIGNAL,147,1546,1693
1455,MILL,307,1385,1692
782,ESCORT,1152,536,1688
1904,COMPLEMENT,163,1523,1686
954,STREAMLINE,790,894,1684
1849,MATURE,175,1507,1682
792,COMPEL,1128,554,1682
739,AGED,1279,396,1675
826,RELIEVE,1050,625,1675
1508,RAMP,287,1372,1659
3436,CAPTAIN,31,1626,1657
688,WOODE,1480,174,1654
955,RECESS,790,863,1653
873,HARM,963,679,1642
1022,STAG,701,931,1632
12519,HILL,1,1629,1630
2278,BOW,102,1522,1624
1049,UNVEIL,654,963,1617
12154,CODE,1,1616,1617
2750,RACE,60,1554,1614
1597,UNITE,252,1362,1614
7691,LADY,2,1607,1609
1044,VALIDATE,658,946,1604
1197,CHIP,476,1122,1598
1236,OVERLAY,430,1168,1598
1192,PRECLUDE,483,1113,1596
2018,CHART,141,1448,1589
2220,DEPART,109,1480,1589
1181,ROUNDED,492,1094,1586
853,CONCEIVE,991,594,1585
1038,COAT,664,921,1585
1122,UPLOAD,556,1028,1584
795,PUBLICIZE,1120,457,1577
2489,FISH,80,1496,1576
1522,MAXIMIZE,283,1293,1576
991,COUPLE,738,836,1574
757,IMPAIRED,1223,349,1572
3143,DAY,41,1525,1566
2261,PARDON,105,1458,1563
3357,RISK,34,1523,1557
1949,SAND,152,1395,1547
2840,RALLY,55,1490,1545
831,APPRAISE,1038,506,1544
1169,TRANSPIRE,501,1042,1543
979,CONTEST,757,785,1542
1141,EMPTY,530,1010,1540
912,CATEGORIZE,873,667,1540
756,CONFIGURE,1224,315,1539
2423,KISS,88,1450,1538
2347,WHOA,95,1442,1537
1480,BAND,298,1238,1536
3509,FATHER,29,1505,1534
1905,PREACH,162,1371,1533
1039,PORTRAY,663,867,1530
867,HANDICAP,976,549,1525
764,PUNISH,1203,322,1525
2453,CONSENT,85,1438,1523
748,BLIGHT,1241,276,1517
1490,REBOUND,293,1221,1514
1656,RELAX,228,1285,1513
2295,PLEAD,101,1408,1509
3539,INTERSECT,28,1481,1509
985,TROUBLE,745,759,1504
1382,PRECEDE,349,1153,1502
1452,SWUNG,310,1190,1500
844,TOW,1016,484,1500
1636,TICK,235,1264,1499
3217,COINCIDE,39,1459,1498
928,IMPORT,846,651,1497
874,DISCONTINUE,961,534,1495
3231,GOOGLE,38,1457,1495
744,NEUTER,1255,239,1494
887,DISCONNECT,928,564,1492
781,ROOT,1154,330,1484
1588,EXPENSE,254,1228,1482
1007,WEAVE,723,758,1481
1097,SHADE,586,895,1481
2268,STUDENT,104,1374,1478
1008,ACCRUE,721,755,1476
5487,CHURCH,6,1461,1467
1995,SPIT,144,1323,1467
2055,HID,134,1331,1465
2797,COOPERATE,57,1407,1464
932,BOUND,839,616,1455
953,DISCOUNT,791,663,1454
1293,WRECK,399,1054,1453
904,CRITICIZE,896,555,1451
957,REALLOCATE,788,657,1445
1036,RECONSIDER,669,776,1445
2372,SAIL,93,1351,1444
901,ANCHOR,899,542,1441
1779,BREW,188,1250,1438
12050,CORRESPOND,1,1437,1438
8303,ROAD,2,1435,1437
1860,CAUTION,173,1261,1434
813,DEVASTATE,1081,349,1430
727,INUNDATE,1314,116,1430
1011,SINGLE,714,715,1429
1903,SEED,163,1264,1427
725,POISE,1317,109,1426
1694,POSSESS,219,1207,1426
2542,UNFOLD,76,1348,1424
1438,CHERISH,317,1107,1424
914,PROSECUTE,867,556,1423
7489,H,2,1420,1422
3291,ASPIRE,36,1385,1421
9107,FIXTURE,1,1418,1419
1474,COMMENCE,300,1117,1417
1102,CONFLICT,581,835,1416
8100,SCHOLARSHIP,2,1408,1410
3243,WANDER,38,1372,1410
1593,BRUSH,254,1154,1408
1139,UNCOVER,532,876,1408
2918,DOC,51,1356,1407
1084,PLOT,603,795,1398
933,CURE,838,559,1397
2156,FROZE,118,1278,1396
737,PREDICATE,1281,114,1395
1811,ZOOM,182,1206,1388
1632,POKE,237,1149,1386
1073,FOOL,616,768,1384
907,COD,891,490,1381
2984,PHONE,48,1332,1380
3825,BIKE,23,1354,1377
1064,HAMMER,633,743,1376
2352,BATTLE,95,1281,1376
3282,RING,36,1338,1374
2168,INQUIRE,116,1257,1373
2541,HURRY,76,1296,1372
944,ENTRUST,813,558,1371
1598,SLICE,252,1115,1367
1357,LEAK,360,1006,1366
1184,SUBSTITUTE,490,875,1365
1718,FORESEE,211,1154,1365
1063,HARVEST,634,730,1364
999,FORMALIZE,730,633,1363
1048,FORMULATE,654,701,1355
1175,DASH,495,856,1351
2259,PIECE,105,1246,1351
771,INTIMIDATE,1177,172,1349
1260,CATER,417,931,1348
2367,BRIDGE,93,1254,1347
2033,HAIL,137,1207,1344
1110,STRAIGHTEN,574,769,1343
1266,SPEARHEAD,413,926,1339
1029,JAM,681,655,1336
1710,TWEET,213,1122,1335
741,MISTAKEN,1276,57,1333
850,INFECT,992,339,1331
1388,AID,344,987,1331
3283,STUMBLE,36,1295,1331
835,ENDANGER,1030,295,1325
1212,FRY,459,861,1320
4655,PROBLEM,12,1307,1319
891,ASSAULT,917,398,1315
4157,SPORT,17,1297,1314
1314,DIFFERENTIATE,385,929,1314
971,ABATE,769,542,1311
1669,SURFACE,226,1082,1308
787,SPAY,1144,164,1308
864,ENCUMBER,982,321,1303
1288,SURRENDER,402,900,1302
4504,SKI,13,1285,1298
3671,PREVAIL,25,1272,1297
1292,ALLEVIATE,401,896,1297
2174,ON,115,1179,1294
780,REELECT,1155,137,1292
965,POPULATE,773,517,1290
3627,BEND,26,1263,1289
818,ROUT,1070,219,1289
1223,SOURCE,449,840,1289
2791,COMMUTE,58,1230,1288
1677,SPUR,223,1064,1287
1576,BANG,258,1023,1281
1679,POLICE,222,1057,1279
1668,WEATHER,226,1053,1279
1211,ATTAIN,459,820,1279
1405,CURVE,333,944,1277
806,TEMPT,1093,184,1277
2838,SKATE,55,1222,1277
1132,CAPITALIZE,539,737,1276
1060,CONCEAL,637,635,1272
6864,HI,3,1265,1268
877,TOLERATE,954,314,1268
1111,ARM,572,695,1267
8684,SPRING,1,1263,1264
1086,DELINEATE,601,662,1263
1947,PATROL,152,1109,1261
1214,FUEL,457,801,1258
4551,PRECINCT,13,1241,1254
1366,DELIGHT,357,895,1252
1031,RECLAIM,679,569,1248
1069,SIMPLIFY,625,623,1248
968,REFURBISH,770,474,1244
6439,ORANGE,4,1239,1243
961,REPLICATE,783,450,1233
2144,SLID,119,1114,1233
1101,DUPLICATE,581,648,1229
1612,BAIL,244,983,1227
807,FIN,1093,133,1226
1686,COMPLIMENT,221,1002,1223
930,ORDAIN,842,380,1222
1456,ESCALATE,307,915,1222
2245,BLEED,106,1116,1222
1000,STAGGER,728,492,1220
11534,ENROLL,1,1214,1215
1578,SWAP,257,958,1215
859,BURDEN,983,231,1214
1856,PEEL,173,1041,1214
1332,PILOT,378,832,1210
1051,FURNISH,653,552,1205
1309,RELAY,388,815,1203
1166,SCRAP,502,700,1202
1959,WEED,151,1051,1202
1040,ENERGIZE,662,539,1201
1112,DEDUCT,570,630,1200
1535,CONFER,278,916,1194
1759,HUNT,194,999,1193
969,REPAVE,770,418,1188
2355,OBEY,94,1094,1188
1298,FADE,396,791,1187
5170,IMPLORE,8,1179,1187
2072,NET,131,1054,1185
1023,LUMP,701,484,1185
2209,TEXTE,111,1072,1183
3422,PEAK,32,1147,1179
1098,SHORT,584,595,1179
5082,MISSPOKE,8,1167,1175
2506,NAVIGATE,79,1092,1171
1544,DIAL,275,895,1170
2028,ENDURE,139,1029,1168
1176,ANGLE,495,672,1167
870,APPAL,969,198,1167
1487,SAMPLE,296,870,1166
934,SEGREGATE,838,328,1166
3262,DRANK,37,1129,1166
2654,REMARK,67,1096,1163
2346,PARCEL,95,1068,1163
986,PLAT,743,418,1161
1136,ROT,535,626,1161
1215,COMPOUND,456,701,1157
6171,INCENTIVE,4,1152,1156
2036,BOOST,137,1018,1155
1264,INSTILL,415,738,1153
1080,CLUSTER,606,545,1151
2287,EFFECT,102,1048,1150
3323,CALENDAR,35,1115,1150
970,PERSONALIZE,770,379,1149
1061,EXCAVATE,636,513,1149
1639,CHEAT,234,914,1148
2846,FLEE,54,1092,1146
2917,R,51,1094,1145
6757,BUSINESS,3,1140,1143
1058,TERM,637,506,1143
2994,OVERFLOW,47,1094,1141
1047,RECONCILE,655,485,1140
893,VACCINATE,915,224,1139
2399,IN,90,1048,1138
981,REWRITE,750,386,1136
1277,KNIT,408,727,1135
1676,SHAVE,223,910,1133
1396,TRACE,337,793,1130
4311,BOAST,15,1114,1129
1025,RECONFIGURE,693,436,1129
1117,SHIELD,562,564,1126
2280,INTERFERE,102,1023,1125
863,EVIDENCE,982,140,1122
3694,SHANK,25,1095,1120
3894,SWORE,22,1098,1120
1934,DELIBERATE,154,965,1119
1337,SOAK,368,750,1118
2477,PURPOSE,82,1033,1115
4391,CHAMBER,14,1098,1112
1149,REFRESH,518,593,1111
1114,EXPEDITE,566,544,1110
2435,FLASH,86,1022,1108
1032,LEGALIZE,678,430,1108
1120,REDIRECT,558,549,1107
866,INCLINE,978,127,1105
5588,REP,6,1098,1104
948,SENTENCE,800,304,1104
1362,CONSERVE,358,742,1100
1821,GARNER,181,919,1100
875,FASCINATED,961,137,1098
1509,SLAM,286,810,1096
2827,HUG,56,1037,1093
1012,CUSTOMIZE,712,379,1091
2237,CREEP,107,982,1089
1725,SLAP,207,881,1088
1045,OMIT,658,430,1088
837,STRICKEN,1025,58,1083
1235,SEASON,430,653,1083
949,REFUNDED,798,285,1083
1076,PRESSURE,610,471,1081
3624,CAMPAIGN,26,1051,1077
1009,ALARM,721,354,1075
917,SATURATE,864,211,1075
1589,BLAST,254,819,1073
2401,CULMINATE,90,983,1073
2956,BOWL,49,1022,1071
1802,SCOOP,184,886,1070
1137,COMPACT,533,534,1067
1991,STEER,145,919,1064
10446,DUDE,1,1063,1064
1315,DISAPPROVE,385,678,1063
1496,TRUCK,290,773,1063
1409,BOX,330,732,1062
1020,METER,703,356,1059
1645,BOOT,232,826,1058
2674,SCOUT,65,991,1056
1351,RECUSE,364,691,1055
12486,BYLAW,1,1053,1054
1331,INCENTIVIZE,378,671,1049
1927,CHEW,156,893,1049
1296,GRILL,397,652,1049
2020,BURST,140,907,1047
980,DISSEMINATE,756,290,1046
1074,OVERWHELM,614,431,1045
1833,FUMBLE,179,866,1045
1880,RESOURCE,167,877,1044
3031,DOCTOR,46,995,1041
857,DESTINE,985,55,1040
1764,MASTER,193,845,1038
989,REHABILITATE,741,295,1036
1099,OVERTURN,582,453,1035
7207,HANDOFF,3,1031,1034
1046,SADDEN,656,378,1034
1360,NURTURE,360,672,1032
2299,ADORE,100,931,1031
1057,COMPRESS,639,391,1030
2801,CONTEND,57,971,1028
1287,BUFFER,403,623,1026
1691,TRIPLE,220,805,1025
2484,EASE,81,943,1024
1138,SO,533,490,1023
2720,SYMBOLIZE,62,961,1023
1327,SHELTER,378,645,1023
931,DISCRIMINATE,842,181,1023
1872,COMMEMORATE,168,854,1022
1756,STIMULATE,195,827,1022
1478,TEASE,298,724,1022
1734,BOTTLE,204,816,1020
1848,REVERT,175,844,1019
8895,DUNNO,1,1016,1017
1083,STRAND,604,411,1015
1902,SALARY,163,852,1015
1619,EXEMPLIFY,243,770,1013
1068,SLOP,629,382,1011
1168,SPRINKLE,501,509,1010
1906,POUND,162,846,1008
1271,HATCH,411,595,1006
1010,DEPLETE,720,286,1006
1116,BUNDLE,566,435,1001
2100,COUNTER,126,874,1000
1078,REINSTATE,609,390,999
1854,CERTIFICATE,174,825,999
992,DETAIN,738,257,995
906,CONSTRUE,891,102,993
1561,LOAN,265,726,991
1627,WALL,240,751,991
2402,RUB,89,901,990
1569,FREAK,263,722,985
2314,SPIKE,98,886,984
1085,CONDENSE,602,382,984
4502,REIGN,13,970,983
4122,ERR,18,963,981
8025,STINK,2,976,978
2808,WHISPER,57,921,978
1434,LESSEN,318,657,975
3467,ALDERMAN,31,942,973
1641,RECITE,234,738,972
1775,PRIZE,190,782,972
3802,CRAWL,23,948,971
1152,STANDARDIZE,514,456,970
1230,ENRICH,437,533,970
1053,FORECLOSE,648,319,967
1606,UNDERESTIMATE,247,720,967
1115,RAP,566,400,966
3523,FARE,29,935,964
1558,INTERESTED,266,696,962
1956,EDGE,151,807,958
2379,GLOVE,92,864,956
1170,FUNNEL,499,457,956
1769,RECONVENE,192,763,955
1226,ERODE,444,509,953
1795,REAFFIRM,186,766,952
1499,POOL,289,662,951
1730,MIGRATE,206,742,948
4286,TOWNHOME,16,932,948
1630,CHANNEL,238,710,948
1273,EXTRACT,409,536,945
1323,BUS,379,565,944
1108,STAIN,574,370,944
1070,IMMERSE,625,319,944
2301,SECTION,100,844,944
1482,TRASH,297,646,943
1450,SHOVE,311,631,942
1203,BESTOW,469,472,941
1054,TICKET,643,298,941
1001,HARASS,728,212,940
3322,DISLIKE,35,903,938
2558,RACK,75,863,938
1626,FLATTEN,240,696,936
1303,STAB,394,541,935
996,BAPTIZE,736,197,933
1106,WITHHOLD,577,355,932
1816,SWALLOW,182,749,931
1783,SURPASS,188,743,931
1244,FORBID,426,505,931
3317,SNUCK,35,894,929
1560,MINE,265,663,928
1537,INVADE,278,650,928
1697,WHIP,217,710,927
3572,PERSIST,28,899,927
923,AFFIX,852,75,927
3117,PARENT,42,884,926
1610,UNDERMINE,245,680,925
1476,CHOKE,299,625,924
1369,BOMB,354,570,924
1151,OUTFIT,514,410,924
1997,LOBBY,144,780,924
3691,DISH,25,899,924
1082,INSULATE,604,319,923
1333,HAUNT,375,547,922
1213,STRAP,458,464,922
11803,TEXT,1,918,919
1185,HACK,489,428,917
1511,REORGANIZE,285,632,917
5872,THUMB,5,911,916
1322,SACK,380,535,915
2313,CURB,98,815,913
1109,DIVORCE,574,337,911
1153,EMIT,514,397,911
2212,REBATE,110,800,910
2014,PIT,141,769,910
1551,BAG,272,637,909
1119,CROWN,559,349,908
3877,SNEAK,22,886,908
1145,ANIMATE,526,379,905
1089,SIGNALIZE,594,309,903
1208,UNDERLINE,464,437,901
1629,DRUG,238,660,898
2358,WILL,94,803,897
2035,PROP,137,760,897
1361,INJECT,360,535,895
1182,REPAINT,491,404,895
1319,REVAMP,382,513,895
1346,CULTIVATE,365,526,891
1199,RUST,472,419,891
1766,SPAWN,192,699,891
1202,REVITALIZE,471,420,891
1019,DEEDE,703,186,889
1281,STOCK,405,484,889
1005,DISQUALIFY,724,163,887
1301,OUTSOURCE,394,492,886
1672,PEN,225,660,885
1352,REVIVE,364,521,885
1533,LAYER,279,605,884
1392,COMPOST,342,542,884
1912,DROWN,160,722,882
2848,RESIST,54,826,880
4057,OVERSAW,19,860,879
1186,CHARTER,487,392,879
1844,PET,176,700,876
3044,PAIN,45,831,876
1028,TERRIFY,682,193,875
4195,BURROW,17,857,874
1105,CLOG,577,296,873
1157,MEMORIALIZE,511,361,872
2391,RESENT,90,779,869
956,HOSPITALIZE,789,79,868
3080,VENTURE,44,821,865
3039,CAT,45,820,865
1690,SMASH,221,643,864
2338,D,96,767,863
2911,PAN,51,811,862
1688,PASTE,221,641,862
1104,STUN,578,283,861
3665,CONFESS,26,834,860
1608,DOCK,246,613,859
1604,SANDWICH,247,611,858
3518,DOVETAIL,29,828,857
1178,SKEW,495,362,857
1043,MAXE,660,195,855
1147,PERSUADE,521,333,854
1712,CASH,212,640,852
1692,SUPERSEDE,220,631,851
2048,ABIDE,135,716,851
3600,GREEN,27,823,850
1715,SIMULATE,212,638,850
1635,LOOP,235,613,848
998,EVICT,732,116,848
1125,LEVERAGED,550,296,846
2142,DESCEND,119,727,846
1282,TILT,404,441,845
1425,SPOIL,323,522,845
2127,BAIT,122,722,844
3398,DRIBBLE,33,808,841
1191,ENLARGE,483,358,841
1793,TRICK,186,654,840
1200,CHAIN,472,367,839
4299,RESEMBLE,15,824,839
1251,DAMN,423,416,839
1159,RETROFIT,507,332,839
1217,INFLATE,453,385,838
1841,CAMP,177,660,837
3305,GRIND,35,802,837
1541,PETITIONED,275,561,836
3440,DRUM,31,802,833
1377,ERASE,351,482,833
1395,DISPENSE,337,496,833
1726,NECESSITATE,207,623,830
1003,LANDLOCKE,725,105,830
1484,HINDER,296,533,829
1773,REFINANCE,190,638,828
2196,OUTWEIGH,113,714,827
1881,CHAMPION,167,659,826
1828,BANK,179,646,825
1334,BOLT,373,449,822
1289,HARDEN,402,420,822
1295,REALIGN,399,422,821
1194,UNDO,479,341,820
7377,COURSE,2,818,820
3140,NOD,42,775,817
5104,INBOUND,8,809,817
1256,INFUSE,419,398,817
1103,PRORATE,579,236,815
3083,TAB,44,770,814
2503,RATTLE,79,735,814
972,OVERGROWN,768,45,813
8415,NAY,2,810,812
1268,ITEMIZE,412,399,811
1172,PREEMPT,498,312,810
1467,VETO,302,506,808
1050,HEADQUARTER,654,154,808
1662,RESTATE,227,580,807
1861,SHRE,172,635,807
1532,FORGE,279,528,807
1436,SOLIDIFY,317,489,806
1439,SEW,316,490,806
1524,ZERO,282,523,805
5054,CROW,9,796,805
2015,GRACE,141,663,804
1457,WEAKEN,306,497,803
1246,DISABLE,425,376,801
1006,SHAKEN,724,76,800
1646,IMPEDE,231,568,799
2665,DITCH,67,731,798
994,INTOXICATE,737,61,798
1771,BROADEN,190,606,796
1154,LEGISLATE,513,280,793
1402,COMPUTE,334,456,790
1424,PROCURE,323,466,789
1055,CONGEST,642,146,788
2436,SCRAMBLE,86,702,788
10156,CANDIDATE,1,787,788
3867,RED,22,763,785
3609,STANDARD,27,757,784
1600,DENOTE,248,536,784
1174,DISCARD,496,288,784
3066,REAP,44,739,783
1570,RECREATE,263,518,781
1066,INTERTWINE,631,150,781
2562,BENT,74,705,779
1702,INVOKE,216,561,777
1470,RESTRUCTURE,301,474,775
1081,INTERCONNECT,606,169,775
1444,BAT,314,459,773
1442,MOBILIZE,315,457,772
1549,DISPUTE,273,498,771
1242,REVERE,428,342,770
2914,KINDERGARTEN,51,718,769
2224,SKETCH,108,660,768
1437,COMFORT,317,451,768
2141,TREASURE,120,648,768
1380,WELD,350,418,768
1167,VIDEOTAPE,502,265,767
5285,ANIMAL,7,759,766
3313,SIN,35,730,765
1428,BUZZ,323,441,764
1021,PLAIT,702,59,761
3130,DEFY,42,718,760
1378,AGGRAVATE,351,409,760
2676,DOSE,65,695,760
1552,CURSE,272,488,760
3300,CARD,36,719,755
1321,SILENCE,381,373,754
12614,ACTIVITY,1,753,754
1121,FLESH,558,196,754
4231,MAINTENANCE,16,737,753
3845,EXCISE,22,731,753
2047,ASSERT,135,617,752
2711,TREND,63,689,752
1294,LITTER,399,352,751
1729,CLIP,206,544,750
1507,PHOTOGRAPH,287,463,750
1528,TWISTED,282,468,750
1732,SHOVEL,205,544,749
1344,REASSURE,367,382,749
5385,NOISE,7,742,749
1329,REWORK,378,370,748
2105,IGNITE,125,622,747
2415,BED,88,657,745
3541,HUSTLE,28,717,745
2710,BUG,63,680,743
2753,UP,60,682,742
1751,BYPASS,197,545,742
1757,BLACK,195,547,742
3648,ALTERNATE,26,715,741
1548,WHISTLE,274,467,741
1263,EXACERBATE,415,325,740
1590,CHICKEN,254,486,740
1618,DEVISE,243,494,737
1189,RECLASSIFY,485,252,737
1826,STONE,180,557,737
4262,BOOM,16,720,736
5269,MOTHER,7,728,735
1312,DISBAND,386,348,734
1245,SEVER,426,308,734
2359,CITY,94,639,733
1602,REASON,247,485,732
1091,RISEN,592,140,732
1741,ROAST,201,530,731
7075,QUICK,3,728,731
1385,AUGMENT,348,382,730
2344,SHORE,95,635,730
1286,PUZZLE,404,325,729
1468,SHATTER,302,426,728
1615,AGGREGATE,244,484,728
1599,SCOPE,250,477,727
2470,DEFAULT,83,644,727
9352,PERKIN,1,725,726
1559,TACK,266,459,725
1798,STAPLE,185,539,724
1118,SANCTION,561,163,724
1123,EXPEL,554,170,724
1356,BREACH,361,362,723
2850,HIKE,54,668,722
4668,FAVORITE,11,710,721
3492,DODGE,30,690,720
1926,LENT,156,564,720
1577,STAKE,257,463,720
3900,CLAP,21,698,719
1252,SPAR,422,297,719
1837,CHILL,178,540,718
1658,DISSIPATE,228,490,718
1133,TRAFFIC,538,179,717
1209,PREPPE,463,252,715
1401,EXPORT,335,380,715
1835,SOFTEN,178,537,715
1650,JACK,230,482,712
1335,DREDGE,370,341,711
2064,CRANK,132,578,710
1923,MERIT,157,552,709
1249,IRON,424,285,709
3168,PARALLEL,41,666,707
2044,KEY,136,570,706
2991,BRIGHTEN,48,658,706
7268,SYMPATHIZE,2,704,706
1261,MISLEAD,417,288,705
1248,ANNOYED,425,279,704
3954,RESET,21,682,703
1124,OBSESS,552,149,701
1150,REASSIGN,516,184,700
2181,ELABORATE,114,585,699
4658,TOWER,11,687,698
2153,NON,118,580,698
1062,VICTIMIZE,636,62,698
1364,SWAY,358,338,696
7480,FACILITY,2,693,695
3091,SMEAR,43,652,695
1279,AUCTION,407,287,694
1270,REPLANT,411,283,694
1423,REEVALUATE,324,368,692
8363,ALRIGHTY,2,689,691
1160,DECOMMISSION,507,184,691
1525,DEGRADE,282,408,690
3521,INTERVENE,29,661,690
4097,FACT,18,671,689
1165,REHABBE,502,187,689
5051,FOOD,9,679,688
1267,MANIPULATE,412,276,688
7576,P,2,684,686
1521,RENEGOTIATE,283,402,685
2702,CUB,64,621,685
1919,UNLOAD,159,525,684
1368,HEIGHTEN,354,328,682
1977,RECEDE,147,535,682
2732,EVEN,61,620,681
7196,UNDERWENT,3,678,681
1788,FRIGHTEN,187,493,680
3279,BRANCH,36,644,680
2052,PROFILE,135,545,680
3095,MIMIC,43,637,680
1924,DIGEST,157,521,678
11674,RAY,1,675,676
1155,REMEDIATE,513,162,675
1232,SHRED,435,238,673
1258,DEPRIVE,418,254,672
2876,FAULT,53,619,672
1416,ENLIGHTEN,328,343,671
1379,QUANTIFY,350,321,671
4160,COMMITTEE,17,653,670
6420,SEVEN,4,666,670
4879,WEBSITE,10,659,669
1814,MASK,182,486,668
3677,BARK,25,642,667
2582,CONCEDE,72,595,667
2244,TIRED,106,561,667
1792,NEGATE,186,481,667
1241,VEGETATE,428,238,666
7820,OFFENSE,2,663,665
3951,BRAG,21,644,665
1195,GLORIFY,478,187,665
1870,ROPE,169,495,664
3277,HOVER,36,628,664
1785,MANIFEST,188,475,663
4171,TOWN,17,646,663
1461,SOW,304,359,663
1724,COIN,207,455,662
4175,CURRICULUM,17,644,661
1367,GLUE,355,305,660
1265,RESUBMITTE,414,246,660
4846,OVERCAME,10,649,659
1684,LURE,222,437,659
1143,FLAW,528,130,658
4278,JOB,16,641,657
5427,POLE,7,647,654
9859,RHYME,1,651,652
2159,CYCLE,117,535,652
1093,REDONE,590,61,651
2714,CONTRADICT,63,588,651
1492,PREPAY,292,359,651
9392,HOLIDAY,1,649,650
1370,FORMAT,353,296,649
3362,PERISH,34,615,649
1129,ADJUDICATE,547,101,648
8166,PACKET,2,645,647
1538,PRIVILEGE,277,370,647
1727,STRAIN,206,440,646
2242,SHELL,106,539,645
1222,RESOLVED,449,196,645
3233,OLD,38,606,644
1433,MODERNIZE,318,326,644
2059,LOOSEN,133,509,642
1696,AUTHOR,219,420,639
3208,SHRINK,39,600,639
1448,FLAVOR,314,324,638
5730,RADIO,5,633,638
1941,FUR,153,484,637
1297,REASSESS,397,239,636
1376,UNRESTRICTED,351,284,635
1586,ENCAPSULATE,255,380,635
2328,PROTEST,97,538,635
1808,RETRIEVE,183,451,634
1398,OBSTRUCT,336,298,634
1767,MORPH,192,440,632
3021,PEER,46,585,631
1353,AMPLIFY,362,269,631
3174,CASE,40,590,630
1397,AMORTIZE,336,293,629
1253,CENTRALIZE,422,207,629
1547,INHABIT,274,355,629
1431,AWAKEN,319,310,629
4488,BLOOM,13,615,628
2049,DARN,135,491,626
2579,OVERDOSE,73,553,626
1583,DISADVANTAGE,256,369,625
1518,POLL,284,340,624
1642,DEMO,233,391,624
1916,CRUNCH,160,463,623
1205,DEPORT,468,155,623
1655,DISREGARD,228,394,622
1510,TENDER,286,335,621
1587,HALT,255,366,621
2088,HONE,128,492,620
3409,DEED,32,588,620
6756,LL,3,617,620
4844,COW,10,610,620
1992,STUMP,145,474,619
1387,PLAGUE,346,273,619
1390,FABRICATE,343,276,619
1945,TALLY,153,465,618
2492,SMOOTH,80,537,617
1719,DUB,210,407,617
1255,ARCHIVE,419,197,616
1407,DISGUST,332,284,616
2283,FREQUENT,102,514,616
1623,DECEIVE,242,373,615
3372,DAWN,33,582,615
1386,REROUTE,347,267,614
1614,INDUCE,244,369,613
2097,MASH,127,485,612
5050,SWEAT,9,603,612
1180,APPRISE,492,119,611
1573,BUCKLE,260,351,611
2965,DRIFT,49,562,611
1603,DIVERSIFY,247,363,610
1173,ABBREVIATE,497,112,609
1663,INVOICE,227,381,608
1412,SIGHT,329,279,608
5062,WHOOP,9,599,608
7990,RESIDENT,2,606,608
1787,NEST,188,419,607
1864,REAR,171,435,606
1466,BETRAY,302,303,605
1553,REFORM,271,333,604
2820,SOAR,56,548,604
3729,DISORDER,24,579,603
2316,MEMORIZE,98,505,603
1280,PIP,406,196,602
3507,PARADE,29,573,602
1479,VERSE,298,303,601
1678,MODERATE,223,377,600
1446,SHRUNK,314,286,600
3858,TOY,22,577,599
2329,SCRUB,97,502,599
1581,OVERTHROW,256,342,598
1426,INDEX,323,275,598
2266,LETTER,104,494,598
1302,SALVAGE,394,203,597
2733,ARCH,61,535,596
2621,REGAIN,69,527,596
1324,TICKLE,378,217,595
1403,EXPLOIT,333,262,595
1142,BOMBARD,529,66,595
1883,SALT,166,427,593
3765,PLEASURE,24,569,593
1427,REDEEM,323,270,593
3425,RETREAT,32,560,592
2096,PROPEL,127,465,592
1220,REINVESTE,452,139,591
4563,B,12,579,591
2947,SPLASH,49,542,591
8912,REVENUE,1,589,590
1126,REMEDIE,549,41,590
1653,TALENTE,229,360,589
5047,PREP,9,580,589
11094,DONUT,1,587,588
1834,PRECIPITATE,178,410,588
4285,GARDEN,16,572,588
1406,PRUNE,333,253,586
3731,INTERFACE,24,562,586
1914,BOBBLE,160,426,586
1628,LACE,240,345,585
2622,HINT,69,516,585
1812,PINCH,182,403,585
1284,LITIGATE,404,179,583
2185,POLISH,114,468,582
3458,BRAINSTORM,31,551,582
2890,CONCERT,52,529,581
1648,MOLD,231,350,581
2529,SOIL,77,504,581
1514,DIVVY,285,294,579
2000,CLOCK,144,435,579
1354,PHRASED,361,218,579
2989,HOSE,48,530,578
5916,ROSE,5,572,577
1475,HASH,299,277,576
1519,FLOOR,284,292,576
4203,BEACH,17,559,576
2953,SWIPE,49,527,576
3465,TAPE,31,543,574
2024,ANNOTATE,140,433,573
1326,UNDERSTATE,378,195,573
3592,TRANSCEND,27,546,573
1257,TIERE,418,154,572
2194,VARIED,113,458,571
1827,PACE,180,390,570
1940,DOWNFIELD,153,417,570
1291,OVERWORK,402,165,567
1206,EUTHANIZE,467,100,567
11744,RELATIONSHIP,1,566,567
11126,LACROSSE,1,565,566
1210,AGENDIZE,463,103,566
1891,INFER,165,399,564
7835,VIDEO,2,561,563
2433,RAKE,86,477,563
2084,CONQUER,129,434,563
2607,BUBBLE,71,491,562
1770,SOCIALIZE,191,370,561
3752,BUCK,24,536,560
1887,MEND,165,394,559
1958,SHUFFLE,151,408,559
1339,CALIBRATE,368,191,559
2310,ICE,98,460,558
2705,MESH,64,493,557
1666,DECK,227,330,557
3835,CLUB,23,533,556
1460,CANNABIS,305,251,556
3373,PERSEVERED,33,523,556
1363,GENERALIZE,358,197,555
2095,ATTEST,127,426,553
5929,RANG,5,547,552
3356,STORM,34,517,551
5112,ROAR,8,542,550
5291,17,7,543,550
1472,OPTIMIZE,301,249,550
1259,CLAD,418,130,548
1462,CRAM,304,244,548
1308,LOCALIZE,389,158,547
1348,GUTTED,365,182,547
2112,COURT,123,422,545
2749,TRAVERSE,60,484,544
1621,DOWN,243,300,543
5331,RECEIVER,7,536,543
1942,GRASP,153,389,542
1721,DISRESPECT,208,333,541
1523,BAFFLE,283,258,541
1859,CEMENT,173,367,540
1739,DETER,202,338,540
1417,SCRUTINIZE,327,211,538
1373,EJECT,352,185,537
1237,OBLIGE,430,107,537
1682,SUMMON,222,314,536
4606,RENOVATION,12,524,536
1900,GAUGE,164,372,536
5785,ASH,5,531,536
2294,DEVIATE,101,434,535
1693,RECOUP,219,316,535
3286,DELVE,36,499,535
1699,JEOPARDIZE,217,318,535
2626,SMACK,69,466,535
3718,ELMHURST,25,509,534
2727,PUNT,62,472,534
2673,DAM,65,468,533
1543,ENUMERATE,275,257,532
2021,PISS,140,392,532
2468,GRIEVE,83,449,532
6447,INSTRUCTOR,4,527,531
3969,MESSAGE,20,510,530
3064,INTERCHANGE,44,486,530
2543,PENCIL,76,454,530
2180,RAID,115,414,529
1228,VANDALIZE,442,87,529
1384,LIQUIDATE,348,180,528
2611,REBID,70,458,528
2065,THEME,132,396,528
2394,OUTGROW,90,438,528
4339,ROD,15,513,528
1494,INSULT,291,236,527
3983,CAKE,20,506,526
7355,ADVENTURE,2,524,526
3414,FOOT,32,494,526
1310,ENGRAVE,388,138,526
1582,STRING,256,269,525
2292,PAD,101,424,525
1951,PROVOKE,152,373,525
1342,OVERSTATE,367,157,524
8185,NUT,2,522,524
1961,MULCH,150,373,523
4616,SURGE,12,511,523
2930,PANIC,50,472,522
1736,RECHARGE,203,319,522
2693,PAT,64,458,522
1807,ENCROACH,183,338,521
1968,STOKE,149,372,521
5373,RIM,7,513,520
3723,GRAVITATE,24,496,520
3431,FACEBOOK,31,489,520
7962,GLOW,2,517,519
2315,WHEEL,98,421,519
3127,LAYMAN,42,477,519
2404,ROOF,89,430,519
11590,SOFTBALL,1,518,519
1865,PORT,171,348,519
2085,REARRANGE,129,389,518
1408,ABOLISH,332,184,516
2307,SQUASH,99,416,515
1540,LODGE,276,239,515
2201,HOLE,112,402,514
2083,ATE,129,383,512
3591,FOUR,27,485,512
3612,MOURN,27,484,511
7443,CAR,2,509,511
1567,MISINTERPRET,263,247,510
1307,UNATTENDED,389,120,509
3225,ASCEND,38,471,509
1707,VENT,213,295,508
4047,VOW,19,488,507
1393,REPLENISH,340,167,507
5519,WAT,6,501,507
3709,ENTRANCE,25,482,507
3386,DUCK,33,474,507
1400,IRRIGATE,336,170,506
1820,REDEFINE,181,325,506
2464,EXTRAPOLATE,84,421,505
4424,CASCADE,14,491,505
1546,REMIT,275,229,504
2289,INHALE,102,402,504
3883,WHAT,22,482,504
1225,TRAUMATIZE,445,59,504
1299,SUNG,395,108,503
2471,PIQUE,83,420,503
3124,CONGREGATE,42,460,502
3413,GAME,32,470,502
1262,MARGINALIZE,416,84,500
1410,OVERLOAD,330,169,499
4973,FINE,9,489,498
4416,LOW,14,484,498
1320,REUNITE,381,117,498
2925,PIONEER,50,447,497
1247,MOTORIZE,425,72,497
1485,GROOM,296,201,497
2412,OUT,89,406,495
1529,THRUST,280,215,495
1539,RESURRECT,276,219,495
1359,INTERRELATE,360,134,494
2944,FLOURISH,49,445,494
2241,UNFUNDED,107,387,494
2098,RINSE,127,367,494
11878,MISTAKE,1,493,494
3629,MISPRONOUNCE,26,467,493
1554,RECTIFY,271,222,493
1819,FIRM,181,311,492
8903,DRIVEWAY,1,491,492
6221,VALVE,4,488,492
6394,REJOICE,4,487,491
2211,INTERN,110,381,491
1674,TWO,224,267,491
2256,LEFT,105,386,491
3335,LAG,35,456,491
9711,HELLO,1,489,490
1671,FOREST,225,265,490
1640,DILUTE,234,256,490
3486,TANK,30,459,489
1375,REDACT,351,138,489
1238,DOOM,429,59,488
3707,GARAGE,25,463,488
2826,BROWN,56,432,488
1550,CONFISCATE,273,214,487
1526,MISUSE,282,205,487
2022,WHITTLE,140,347,487
2348,FRED,95,391,486
2670,PENETRATE,66,420,486
3134,PRESIDE,42,441,483
2375,LONG,92,391,483
2103,RESTART,125,358,483
2125,MOCK,122,361,483
1404,EXTINGUISH,333,149,482
1350,ETCH,365,116,481
5842,NETWORK,5,475,480
1594,REPLAY,254,226,480
1647,CLOUD,231,248,479
2924,LICK,50,428,478
2742,COMPUTER,61,417,478
1735,BOGGE,203,275,478
1454,HAMPER,308,170,478
1275,ACQUAINT,408,70,478
1506,REINTRODUCE,287,191,478
3131,BEAM,42,436,478
4228,RESORT,16,461,477
2519,CORNER,77,400,477
2586,MATERIALIZE,72,405,477
1591,DEPRECIATE,254,223,477
1304,CORRUGATE,391,85,476
2548,STEAM,76,400,476
2551,REHEARSE,75,401,476
2641,TRESPASS,68,407,475
1516,DISMANTLE,284,191,475
1917,PATTERN,159,315,474
2094,JAR,127,347,474
2677,DREAD,65,408,473
5343,C,7,465,472
5943,LIP,5,466,471
1224,MULTIFACETE,447,24,471
1803,OUTLAW,184,285,469
5150,BLINK,8,461,469
1399,POISON,336,132,468
2781,ENSUE,58,410,468
2032,CLOTHE,137,331,468
2631,SHARPEN,69,397,466
1885,BISECT,166,300,466
2859,BUTCHER,54,412,466
2606,LIKEN,71,395,466
3229,FAN,38,426,464
1318,BLINDSIDE,382,82,464
2472,CAVE,83,380,463
5357,ST,7,456,463
3111,HUH,43,420,463
2575,EVAPORATE,73,390,463
1625,REMAND,241,222,463
2697,VISUALIZE,64,399,463
1365,DILAPIDATE,357,105,462
10173,PROPERTY,1,460,461
4412,WEEP,14,447,461
1722,IMPOUND,208,253,461
3824,SIP,23,437,460
1745,MISSPELL,200,260,460
1784,REFILL,188,272,460
1341,BIAS,368,91,459
2005,SEGMENT,142,317,459
1254,EQUALIZED,420,39,459
5218,CRUISE,8,451,459
1432,PROMULGATE,319,140,459
1925,INFILTRATE,157,301,458
1566,REDISTRIBUTE,264,194,458
1584,TORTURE,256,202,458
2147,CART,119,338,457
1953,PERPETUATE,151,306,457
3480,ESTEEM,30,426,456
2937,SHOWER,50,405,455
2281,PLUCK,102,353,455
1415,UNDERSERVED,328,126,454
2191,TONE,113,341,454
1742,GLAZE,201,253,454
12156,UPFIELD,1,452,453
1527,MISPLACE,282,170,452
1463,TEMPER,303,148,451
3611,COLLIDE,27,424,451
5795,REFUND,5,445,450
5553,OPTION,6,443,449
3515,RAIL,29,420,449
2628,HUDDLE,69,380,449
3015,ERUPT,47,401,448
1815,MAT,182,265,447
2798,PERMEATE,57,390,447
1818,BUTTON,181,265,446
3812,SHY,23,423,446
1611,DISALLOW,245,201,446
1458,ENSLAVE,305,141,446
3188,OVEN,39,406,445
4279,ACE,16,429,445
2330,TAPER,97,347,444
6363,OFFICE,4,438,442
1894,GRATE,164,278,442
1316,ASSASSINATE,384,57,441
4306,GLANCE,15,425,440
3725,GUTTER,24,416,440
3418,WHITE,32,408,440
3689,OUTPERFORM,25,414,439
6583,HIGH,3,436,439
10817,UNLOCK,1,438,439
3687,REFRAIN,25,413,438
1325,PREDETERMINE,378,60,438
2574,CROP,73,363,436
1644,DISEASE,233,203,436
2653,ARRAY,67,369,436
1781,BLIND,188,248,436
2658,SHADOW,67,369,436
2008,BIRTH,142,294,436
1622,RIG,242,193,435
2841,CHUCK,55,380,435
1670,TABULATE,225,210,435
1969,DISTORT,148,286,434
2318,DE,98,336,434
3598,PONDER,27,406,433
1609,TOUT,245,188,433
2662,INNOVATE,67,366,433
6530,CANOPY,4,429,433
12489,BEWARE,1,431,432
5133,WINTER,8,424,432
2903,RETAIL,52,379,431
1683,LIBERATE,222,209,431
2062,OUTSCORE,133,298,431
3533,SWELL,29,402,431
5864,LUNCH,5,425,430
7309,CONCEPT,2,428,430
2007,SPRUNG,142,288,430
1565,DISENFRANCHISE,264,165,429
1922,PROLONG,158,269,427
7879,OUTWEIGHS,2,424,426
1613,SCRIPT,244,181,425
2321,BLOSSOM,98,327,425
6737,DWELL,3,422,425
4473,GOAL,13,412,425
5891,NATURE,5,420,425
4521,EPITOMIZE,13,412,425
1515,APPREHEND,285,139,424
1394,INFEST,338,85,423
1909,DOWNSIZE,161,261,422
1501,DEPRESSED,289,131,420
5599,AMAZED,6,414,420
1801,FORFEIT,184,236,420
1418,NESTLE,327,92,419
1441,SUBMERGE,316,102,418
9037,LOCATION,1,417,418
1451,CRAMP,311,107,418
1944,GUN,153,265,418
1967,SYNC,149,268,417
1946,RETRACT,152,265,417
1557,DECIMATE,266,151,417
8211,BASIS,2,414,416
2955,TAIL,49,367,416
2490,CONSOLE,80,336,416
1477,OPPRESS,298,118,416
1665,OVERPAY,227,189,416
1585,KIDNAP,255,160,415
2931,LOOSE,50,364,414
2031,GLEAN,137,277,414
12439,THAT,1,412,413
1813,OVERRULE,182,231,413
3404,MAJORED,32,380,412
5367,EXACT,7,403,410
5312,ESTE,7,403,410
8647,POLICY,1,408,409
1481,CRUCIFY,298,111,409
1652,SUPPRESS,230,179,409
2203,WARDEN,112,296,408
3897,NATE,21,387,408
1349,PRIM,365,42,407
4916,ROOM,9,398,407
5627,INCOME,6,400,406
1774,PLUMB,190,216,406
3138,AVAIL,42,363,405
2759,CURL,60,345,405
2034,INGEST,137,268,405
2239,SKIRT,107,297,404
3236,OVERHEAR,38,366,404
1855,ALLY,174,229,403
1888,BEEF,165,238,403
1355,INGRAIN,361,42,403
8092,FIREFIGHTER,2,401,403
1857,QUEUE,173,229,402
1624,INVERT,241,161,402
1473,STEEP,300,102,402
2564,RAM,74,328,402
2308,LOOT,99,302,401
1972,REPRODUCE,148,253,401
4870,RIDGE,10,391,401
5807,CHUCKLE,5,396,401
2620,SKIN,69,332,401
1381,RELEGATE,349,51,400
1607,IMPLICATE,246,153,399
2667,GRASS,66,333,399
2479,INK,81,318,399
1931,DESERT,155,244,399
1595,SUBSTANTIATE,254,144,398
4281,JOG,16,382,398
1908,ORCHESTRATE,161,237,398
3259,STRADDLE,37,361,398
1704,GALVANIZE,215,182,397
2768,CON,59,338,397
1555,DOWNGRADE,270,127,397
3962,ENDEAVOR,20,377,397
1643,OBSCURE,233,162,395
5323,JOT,7,388,395
8813,RANCH,1,394,395
1579,SADDLE,257,138,395
4056,GOTCHA,19,375,394
1754,STARVE,196,198,394
2077,BEAUTIFY,130,264,394
1489,RESTRAIN,294,100,394
1504,MISTREAT,288,105,393
1447,ENCRYPT,314,78,392
4784,BABY,10,382,392
11379,INSURANCE,1,390,391
9728,SI,1,390,391
1817,FUSE,181,209,390
6313,CHOICE,4,386,390
9452,KITCHEN,1,389,390
4861,NEAR,10,380,390
3012,AUDITION,47,342,389
6611,HALLWAY,3,386,389
3925,EGG,21,367,388
1343,ACCUSTOM,367,21,388
6609,PHRASE,3,385,388
6898,CLASSROOM,3,385,388
5512,BOAT,6,381,387
3776,RIFLE,23,364,387
1790,MISREPRESENT,187,200,387
1701,IMPLANT,216,170,386
1877,WROUGHT,167,218,385
2110,FRACTURE,124,261,385
1685,COMMINGLE,221,164,385
1989,WARD,145,239,384
2145,BUNCH,119,265,384
1780,MEDIATE,188,195,383
1486,ENTHUSE,296,86,382
4620,TEEN,12,370,382
5684,LIEN,6,376,382
4091,G,18,363,381
1777,REESTABLISH,189,192,381
10400,CLIMATE,1,380,381
4046,STROKE,19,362,381
12547,W,1,379,380
2668,TRICKLE,66,314,380
1921,FERTILIZE,158,222,380
2373,BLANK,92,287,379
6234,ROADWAY,4,375,379
4251,IMMIGRATE,16,363,379
3424,BLAZE,32,346,378
4773,BRAVE,10,368,378
1782,CURATE,188,189,377
1601,ERADICATE,248,128,376
3626,LINGER,26,350,376
8485,BETCHA,2,374,376
2450,DICE,85,291,376
4168,GAMBLE,17,359,376
3773,GAP,24,352,376
3176,PROSPER,40,336,376
1430,HARDWIRED,322,54,376
11908,PRECIATE,1,374,375
12301,SHIRT,1,374,375
3599,CONVERGE,27,347,374
1517,TAINT,284,89,373
11510,POSTER,1,372,373
1939,INTER,153,220,373
1700,TANGLE,217,156,373
2081,FELL,130,243,373
3394,REEL,33,339,372
1502,SYNCHRONIZE,288,83,371
12236,VEGETABLE,1,370,371
1720,RESTRIPE,208,163,371
6023,CHEF,5,366,371
9928,BLA,1,369,370
1907,PEG,162,208,370
3406,BUNT,32,337,369
2669,SPECULATE,66,302,368
5604,MISREAD,6,362,368
1497,RUMOR,289,78,367
1449,MISINFORM,312,55,367
11710,BIN,1,365,366
1513,HANDCUFFED,285,81,366
1568,ILL,263,103,366
6709,REREAD,3,361,364
2140,WOW,120,244,364
2487,LECTURE,80,284,364
3219,LATE,39,324,363
2226,WRONG,108,255,363
3635,PROFIT,26,336,362
3692,18,25,337,362
1713,FASTEN,212,150,362
1981,L,146,216,362
1620,DIGITIZE,243,119,362
4465,FUN,13,349,362
2129,DECOMPOSE,121,240,361
7940,EXAMPLE,2,359,361
6889,CHANCE,3,358,361
6925,DIS,3,357,360
1572,LEFTOVER,261,99,360
4752,SPRANG,11,348,359
2566,TRUMP,74,285,359
4652,SOCK,12,347,359
1421,HEARTEN,325,34,359
2170,THREAD,116,242,358
2252,WHACK,105,253,358
3736,LUCKE,24,334,358
2324,TUTOR,97,260,357
1689,ENDOW,221,136,357
4261,FUNDRAISE,16,341,357
1778,WEB,189,168,357
3522,KENNEL,29,328,357
3423,RADIATE,32,325,357
1755,OUTNUMBER,195,161,356
1493,RECERTIFIE,291,65,356
4566,THREE,12,344,356
2823,EXPERIMENT,56,300,356
1731,UNDERFUNDE,206,149,355
1564,PERSECUTE,265,90,355
3268,PANEL,37,318,355
2530,CANVASS,77,278,355
2240,FROST,107,248,355
7323,SUFFICE,2,353,355
1498,SWAMP,289,65,354
2082,RECALCULATE,130,224,354
4498,EVOKE,13,341,354
1749,DUNK,197,156,353
6839,DIGRESS,3,350,353
2498,LAPSE,79,274,353
5194,GAY,8,345,353
3928,BENCH,21,332,353
2688,SPRUCE,65,287,352
5808,ABOUND,5,347,352
5466,BUD,6,346,352
2057,INFIELD,133,219,352
5969,SOPHOMORE,5,346,351
12339,LOVER,1,350,351
4147,RECAP,17,333,350
3705,SQUIRT,25,325,350
2531,PREVIEW,77,272,349
5738,DOVE,5,344,349
3330,PERK,35,314,349
1500,MISCONSTRUE,289,60,349
2963,FLEX,49,299,348
2151,DUST,118,229,347
3202,INTERJECT,39,307,346
4500,RAVE,13,333,346
5634,LEAP,6,340,346
3884,RAG,22,324,346
1897,LAUD,164,181,345
3516,PROFESS,29,316,345
2480,CLUE,81,264,345
3258,X,37,308,345
9716,DISCUSSION,1,344,345
4947,CRAVE,9,336,345
1871,SLAUGHTER,169,176,345
2493,SOUTHBOUND,80,264,344
2113,MASSAGE,123,220,343
1830,PRIVATIZE,179,164,343
3501,RIVAL,29,314,343
3099,SKIM,43,300,343
2163,BARGAIN,117,224,341
2214,SUBCONTRACT,110,230,340
2451,PURPORT,85,255,340
3399,COMB,33,307,340
1760,ACCORD,194,145,339
1545,TETHERED,275,64,339
4096,INDULGE,18,321,339
8001,UPKEEP,2,336,338
1633,PRESSURIZE,236,102,338
1845,LGBT,176,161,337
1762,REGRADE,193,143,336
1984,INFRINGE,146,190,336
1850,DISGUISE,174,162,336
8378,JOURNEY,2,334,336
2235,IMPART,107,228,335
1563,INCAPACITATE,265,69,334
4101,DISTANCE,18,316,334
4258,PREMISE,16,318,334
1962,PROFFER,150,184,334
1886,ORIENTATE,165,168,333
1899,JAIL,164,169,333
2119,GAS,123,209,332
2152,BLUR,118,214,332
7139,ESCROW,3,329,332
2724,SPOTLIGHT,62,270,332
1617,INDICT,244,87,331
2075,ENTICE,131,200,331
2695,FURTHER,64,267,331
2915,SHEAR,51,280,331
3354,EYE,34,296,330
2146,DIM,119,211,330
2117,UNASSIGNE,123,207,330
6300,BRIGHT,4,326,330
4641,CURRY,12,317,329
3823,POCKET,23,306,329
7811,REG,2,327,329
5679,NEEDLE,6,323,329
3763,ELUDE,24,304,328
2958,CONTRAST,49,279,328
1596,PSYCHE,253,74,327
1687,MAGNIFY,221,106,327
2225,TOAST,108,219,327
1796,FLANK,186,140,326
2783,VANISH,58,267,325
3966,HABIT,20,305,325
3975,SEEP,20,305,325
2901,PAPER,52,271,323
1772,REINSTALL,190,133,323
3530,PADDLE,29,293,322
9187,ROLE,1,321,322
1874,FORTIFY,167,155,322
1711,REAUTHORIZE,213,109,322
1673,OUTDO,225,95,320
2592,SNATCH,72,247,319
5198,FIVE,8,311,319
7213,SHOE,3,316,319
2109,MUTE,124,195,319
3726,BADGE,24,295,319
1750,ELATED,197,121,318
1714,PARALYZE,212,106,318
5364,BRAIN,7,311,318
1973,GRAY,147,171,318
1562,NOTARIZED,265,52,317
2993,LABOR,47,270,317
3395,JERK,33,284,317
5223,EVERGREEN,8,309,317
2327,MINISTER,97,219,316
11160,BROTHER,1,315,316
4106,MARVEL,18,297,315
3155,WORLD,41,273,314
4126,GPS,18,296,314
9347,SPOUSE,1,313,314
3004,MILK,47,267,314
2166,HOMESTEAD,116,197,313
2839,HOLLOW,55,258,313
2731,EMBE,61,251,312
4243,FLICK,16,296,312
2851,BLANKET,54,258,312
2913,RECOUNT,51,261,312
1832,VOID,179,133,312
4018,WET,19,292,311
3759,GRAPPLE,24,287,311
4678,GOLF,11,300,311
2483,EMULATE,81,230,311
2895,SHAME,52,259,311
2104,REBRANDE,125,185,310
2293,COUCH,101,209,310
8090,LAUGHTER,2,308,310
2595,UNLOCKED,72,238,310
1957,DECEASED,151,159,310
3000,QUIET,47,263,310
5128,TRANSIT,8,301,309
4263,GEL,16,293,309
1824,ACCLAIM,180,128,308
3588,QUIZ,27,280,307
2647,SPRAWL,68,239,307
2123,COVET,122,185,307
1743,FROWN,200,107,307
2409,HARNESS,89,217,306
7291,SCIENCE,2,304,306
4891,COLLEGE,10,296,306
1892,DISTIL,165,141,306
7652,MEDIUM,2,304,306
8084,GASP,2,303,305
2302,SHUTTLE,100,205,305
8517,ARTICLE,2,303,305
1839,SLOT,177,128,305
6243,MONIE,4,300,304
4445,SUGAR,14,290,304
3475,PEEK,30,274,304
1873,BARRICADE,168,136,304
1822,APPEND,181,122,303
1542,INDIVIDUALIZED,275,28,303
2006,REISSUE,142,161,303
3547,TEN,28,275,303
4084,LOGO,19,284,303
1592,ASTONISH,254,49,303
1882,BRUISE,167,135,302
2027,ELAPSE,139,163,302
2128,SWARM,122,180,302
2387,YANK,90,212,302
2169,CORPORATE,116,186,302
2474,HINGE,82,220,302
1965,BATTER,150,152,302
4330,HARBOR,15,287,302
4992,ENVELOPE,9,293,302
3045,DEEPEN,45,257,302
7979,WALKWAY,2,299,301
1875,CURTAIL,167,134,301
1708,TENURE,213,88,301
3703,PROBE,25,276,301
4244,ALL,16,284,300
7245,BACKSLASH,2,298,300
6088,YOUTH,4,296,300
1928,PAR,155,145,300
3216,CLOSET,39,260,299
7604,DAD,2,297,299
2635,BRACKET,69,230,299
3228,ZIP,38,261,299
2872,ELICIT,53,245,298
1753,KNOT,196,101,297
2462,STITCH,84,213,297
1675,NATURALIZE,224,73,297
2176,UNLEASH,115,181,296
4030,FLOWER,19,277,296
2162,DISAGGREGATE,117,179,296
7233,CRINGE,3,293,296
2957,PREFACE,49,247,296
1534,HEARTBROKEN,278,18,296
3567,SNIFF,28,268,296
2527,BRAID,77,218,295
2369,SAFEGUARD,93,202,295
2831,EMBARRASSED,56,239,295
6008,OUGHTA,5,290,295
4034,KNOWLEDGE,19,276,295
6798,CAREER,3,292,295
4116,DRIP,18,276,294
3247,BLADE,38,255,293
3939,SLEEVE,21,272,293
3494,CREST,30,263,293
3682,SPROUT,25,268,293
2649,FLIE,68,225,293
1657,INCONVENIENCE,228,65,293
2326,LENGTHEN,97,195,292
1993,ANOINT,145,147,292
3135,POLY,42,250,292
1761,CONSTRICT,193,99,292
2362,CLEANSE,94,197,291
6636,ADJOIN,3,288,291
2567,OIL,74,217,291
2584,SWAT,72,219,291
3011,DESPISE,47,244,291
7104,HEART,3,288,291
2513,ANGER,78,213,291
1971,INFLICT,148,143,291
4451,LOOM,14,277,291
3866,SPY,22,268,290
2101,NICKNAME,126,164,290
1789,ENGULF,187,103,290
4631,PE,12,278,290
1901,NOURISH,164,125,289
3150,PIGGYBACK,41,248,289
1838,BOLDE,178,111,289
3813,ACTION,23,266,289
1763,ELECTRIFY,193,96,289
2056,100,134,155,289
4617,LOFT,12,277,289
1654,AFFLICT,229,60,289
2971,CABLE,48,240,288
2086,DEVALUE,129,159,288
4720,MEANDER,11,277,288
2238,STARTLE,107,181,288
4648,CORE,12,276,288
2552,SYNTHESIZE,75,213,288
2074,MICROCHIPPE,131,157,288
2650,QUARTER,67,220,287
4072,COSTUME,19,268,287
1843,AMUSE,176,111,287
1797,APPORTION,186,101,287
4439,FLOCK,14,272,286
1893,LEASH,164,122,286
2858,COMMUNITY,54,232,286
2629,GREASE,69,217,286
3734,SUCCUMB,24,262,286
2618,FLARE,70,216,286
2637,PINPOINT,68,218,286
8219,ABSENT,2,284,286
1531,BEHOLDEN,279,7,286
8144,MISSIONER,2,284,286
1806,ANNUALIZE,183,102,285
5178,CUP,8,277,285
1717,TAMPER,211,74,285
11951,DEFENSE,1,284,285
3126,ACCENT,42,243,285
3891,M,22,263,285
3382,APPROXIMATE,33,252,285
4065,PIRATE,19,265,284
4522,EMIGRATE,13,271,284
10945,KIT,1,282,283
12615,PRODUCT,1,282,283
4350,YELLOW,15,268,283
2066,WIDOW,132,151,283
7057,PAST,3,280,283
2217,CONSUMMATE,109,174,283
1638,IMMUNIZE,235,48,283
2063,TEXTURE,132,149,281
1869,HIJACK,170,111,281
3652,SHINGLE,26,255,281
1695,DISMAY,219,62,281
2139,ABORT,120,161,281
11624,CHERRY,1,280,281
2630,RECOGNISE,69,211,280
2923,BUTT,50,230,280
1935,REFRIGERATE,154,126,280
2080,TRANSPLANT,130,150,280
2236,GRAVEL,107,173,280
12165,MONEY,1,278,279
3200,PUFF,39,240,279
2206,STUB,111,167,278
7002,ASS,3,275,278
4806,CLINCH,10,268,278
3686,WAREHOUSE,25,253,278
9661,TAXPAYER,1,277,278
2187,SPIRIT,114,163,277
9977,F,1,276,277
1605,POSTMARK,247,29,276
5379,PEOPLE,7,269,276
2478,CONCRETE,81,195,276
1910,LAMINATE,161,115,276
2974,IMITATE,48,228,276
2078,RECONNECTE,130,146,276
2812,BELT,57,219,276
2368,REINVENT,93,182,275
3972,LOB,20,255,275
2902,SKYROCKET,52,223,275
2698,DISSECT,64,211,275
2040,HYPE,137,138,275
2198,AX,112,163,275
7437,OWEN,2,272,274
3839,FERRY,22,252,274
7693,LAYOUT,2,271,273
6712,EDUCATION,3,270,273
4754,LIGHTEN,11,261,272
1863,TRANSCRIBE,171,99,270
2334,BOLSTER,97,173,270
2411,DECAY,89,181,270
5247,ELBOW,8,262,270
3141,GRAPH,42,227,269
2290,READJUST,102,166,268
4094,FRE,18,250,268
2646,CLAW,68,200,268
2102,INTENSIFY,126,142,268
3643,TRIBUTE,26,242,268
5298,RECEIPT,7,261,268
5153,BUSH,8,259,267
3577,SQUAT,27,240,267
5190,ROAM,8,259,267
7133,LUMBER,3,264,267
6174,WIGGLE,4,263,267
9583,VOTER,1,265,266
3078,DEBUT,44,222,266
2182,BULLDOZE,114,152,266
4592,DEFECT,12,253,265
1631,ENAMOR,238,27,265
3934,MUSCLE,21,243,264
1999,DING,144,120,264
2426,FAX,87,177,264
4919,STREAK,9,255,264
6963,PRO,3,261,264
1804,EXPUNGE,184,79,263
2802,WING,57,206,263
5248,CENTRE,8,255,263
5039,RECOLLECT,9,254,263
3120,JUGGLE,42,221,263
2271,FASHION,103,160,263
2215,PERCH,110,152,262
4490,INCH,13,249,262
9932,SCUSE,1,261,262
5655,PAW,6,256,262
12340,BURGER,1,261,262
2982,PREY,48,214,262
3043,RUPTURE,45,217,262
1960,SLANT,151,110,261
2534,ADORN,77,184,261
2414,GOBBLE,88,173,261
4028,LAMENT,19,242,261
2322,DERAIL,98,163,261
2333,CIRCUMVENT,97,164,261
3924,TUMBLE,21,239,260
2610,SMOTHER,70,190,260
2118,REWORD,123,137,260
4548,REGROUP,13,246,259
5533,STROLL,6,253,259
2122,PATENT,122,137,259
3221,LATCH,38,220,258
4269,CHIME,16,242,258
2726,PEACH,62,195,257
5085,SUNSET,8,249,257
4260,COMPREHEND,16,241,257
3347,MACHINE,34,223,257
12073,HIP,1,256,257
2445,SAW,85,171,256
1728,ENCASE,206,50,256
2475,SLE,82,174,256
1661,WOKEN,228,28,256
9567,BASIN,1,255,256
1744,FLATTER,200,55,255
2717,CRUMBLE,63,192,255
2207,R3,111,144,255
2013,POLLUTED,141,114,255
4505,COUGH,13,242,255
4746,HOLLER,11,244,255
10742,GRANDFATHER,1,253,254
1768,OVERCROWD,192,62,254
3959,FAINT,21,233,254
2687,PREMIER,65,189,254
1706,OVERBURDEN,214,40,254
4176,DOME,17,237,254
12178,WHOMEVER,1,252,253
12332,TECH,1,252,253
1851,REPRIMAND,174,79,253
1800,FINGERPRINT,185,68,253
1878,INAUGURATE,167,86,253
2124,OVERHAUL,122,131,253
3645,SKUNK,26,226,252
9581,ATTENDEE,1,251,252
2041,DETOUR,137,115,252
6725,FIRST,3,249,252
5632,STRAY,6,246,252
3785,FORK,23,228,251
1737,ACCLIMATE,203,48,251
4721,SCOOT,11,240,251
4206,MICROPHONE,17,233,250
11930,PEE,1,248,249
1852,ABDUCT,174,75,249
12396,SQUIRREL,1,248,249
3485,HEDGE,30,219,249
2810,RAILROAD,57,192,249
2809,CHISEL,57,192,249
2425,EXALT,87,162,249
2386,REAPPLIE,91,157,248
4515,SURCHARGE,13,235,248
3281,FLING,36,212,248
1842,WED,177,71,248
2400,GRAZE,90,158,248
2234,CHRISTEN,107,141,248
4417,BOGGLE,14,233,247
2666,OVERESTIMATE,66,181,247
5459,BITCH,6,241,247
4073,BOTTOM,19,228,247
2912,PICKLE,51,195,246
6291,FAIR,4,242,246
8590,ENGINE,1,245,246
2979,REMARRY,48,198,246
4349,DETRACT,15,230,245
2533,BRIBE,77,168,245
2728,ADVANTAGE,62,183,245
2785,BUTTER,58,187,245
2099,REHIRE,127,118,245
3698,BONE,25,219,244
5048,SNEEZE,9,235,244
2392,BROACH,90,154,244
1890,ACQUIT,165,79,244
3579,STOMP,27,217,244
3288,MANEUVER,36,208,244
1884,INSTITUTIONALIZE,166,78,244
2106,RECAPTURE,125,118,243
4895,BROOK,10,233,243
2042,CORRODE,136,107,243
2576,NORMALIZE,73,169,242
5278,BANQUET,7,235,242
2961,GRIP,49,193,242
2440,INSTIGATE,86,156,242
3613,PIVOT,27,215,242
1920,STUNG,159,83,242
2463,DOLE,84,157,241
1918,PERPETRATE,159,82,241
5422,SAUCE,7,234,241
3931,AP,21,220,241
2590,EXERT,72,169,241
1651,NUANCED,230,11,241
2263,STYLE,104,136,240
5200,SHEET,8,232,240
7964,ENERGY,2,238,240
1985,UNSUPERVISE,146,94,240
10145,WAR,1,239,240
10074,HEAVEN,1,239,240
1709,BUSS,213,27,240
3861,REPENT,22,218,240
2004,OVERSHADOW,143,97,240
2232,ADMINISTRATE,107,133,240
6600,SUP,3,237,240
2398,THIN,90,150,240
2171,PURGE,116,124,240
2609,PIERCE,70,169,239
1723,DISGRUNTLE,208,31,239
4305,TROT,15,224,239
5326,HAZARD,7,232,239
1913,TRUNCATE,160,79,239
1805,DEHYDRATE,184,55,239
6970,TOWNSHIP,3,236,239
3376,WAVER,33,206,239
2708,REPEL,63,175,238
4440,HEED,14,224,238
4297,COP,16,222,238
8006,GENE,2,235,237
1752,AGGRIEVE,196,41,237
2505,PROPAGATE,79,158,237
2689,RELINQUISH,65,172,237
3019,SCOUR,46,190,236
2886,ENVY,53,183,236
2547,PARSE,76,160,236
3755,PLUNGE,24,212,236
4950,TAXI,9,227,236
3957,DEERFIELD,21,214,235
5947,REAPPOINTMENT,5,230,235
4111,BACKUP,18,217,235
2377,INTERNALIZE,92,143,235
3340,TWIN,34,201,235
3307,FLOP,35,199,234
6524,MALE,4,230,234
1889,UNANSWERED,165,69,234
6268,CHILDCARE,4,230,234
2210,INFRARE,111,123,234
1705,ENGROSS,215,19,234
4818,GROAN,10,224,234
5086,KNEEL,8,226,234
4993,MOTOR,9,224,233
1879,OVERUSE,167,66,233
1980,DISASSEMBLE,146,87,233
2130,REACTIVATE,121,112,233
2701,POWDER,64,169,233
1733,RESOLD,205,28,233
1963,RETRAIN,150,82,232
2231,DARKEN,107,125,232
2396,SQUISH,90,142,232
3896,VIBRATE,21,211,232
2228,CHOREOGRAPH,108,124,232
3856,PERCOLATE,22,210,232
2439,RAFFLE,86,145,231
1866,BACKFILLE,171,60,231
1746,INSCRIBE,199,32,231
5087,SNAKE,8,223,231
5485,RUMBLE,6,224,230
2323,INHIBIT,97,133,230
2370,SUPERIMPOSE,93,137,230
6910,PATIENT,3,227,230
2364,STIFLE,93,136,229
2954,SPRAIN,49,180,229
10229,ANT,1,228,229
6390,MOMENT,4,225,229
8445,DUPLEX,2,227,229
2985,PLOP,48,181,229
3537,BACKHAND,29,200,229
1799,IMPRISON,185,44,229
2454,SCENTED,85,144,229
2932,REFOCUS,50,179,229
6201,SCENARIO,4,225,229
1954,EXTINCT,151,77,228
1740,CREDENTIALE,201,27,228
2091,CAPTIVATE,128,100,228
2165,DRAPE,116,112,228
3520,TECHNOLOGY,29,199,228
4829,SOLUTION,10,218,228
7795,TRIANGLE,2,226,228
5169,SPHERE,8,220,228
2598,ABSOLVE,71,157,228
1938,PREPACKAGE,154,73,227
2587,UNINCORPORATED,72,155,227
5717,AD,6,221,227
2172,FRAGMENT,116,111,227
2090,SHORTLIST,128,99,227
2133,RIVET,121,105,226
1716,FLABBERGAST,212,14,226
11627,LARGE,1,225,226
10689,INDUSTRY,1,225,226
10431,HONOREE,1,225,226
2585,GLOSSED,72,153,225
4897,SCOFF,10,215,225
3476,CONTENT,30,194,224
11153,DA,1,223,224
5791,BLUE,5,219,224
9896,TRANSFORMER,1,223,224
4371,DOPE,15,209,224
2869,COLLAR,53,171,224
2178,DISTRESSED,115,108,223
7336,SUPER,2,221,223
11708,WINE,1,222,223
2270,BANISH,103,120,223
2996,MOP,47,175,222
5030,SWOOP,9,213,222
3093,PERFORMANCE,43,179,222
9555,CITYWIDE,1,220,221
5026,GLASS,9,212,221
2871,BRACE,53,168,221
2247,PRINCIPLE,106,114,220
6245,DER,4,216,220
3525,COMBAT,29,191,220
2199,ROUGH,112,108,220
5761,DIGIT,5,215,220
1950,HOMEGROWN,152,68,220
1898,HORRIFY,164,56,220
2108,IMPRINT,124,96,220
2975,CREASE,48,172,220
10514,DELI,1,219,220
2594,WAG,72,148,220
4187,TOOL,17,202,219
6176,COMMITMENT,4,215,219
5332,RELISH,7,212,219
7675,SCHOLAR,2,217,219
1794,ENTRENCH,186,33,219
4888,ORBIT,10,209,219
9595,SEGUE,1,218,219
2645,WORSEN,68,151,219
2188,STOCKPILE,113,105,218
4022,BARBECUE,19,199,218
4041,PLUMMET,19,199,218
1791,HOMESCHOOLE,186,32,218
5506,VEER,6,212,218
3156,PROOF,41,176,217
2442,RIDDLE,86,131,217
1955,CORRUPT,151,66,217
1825,BIFURCATED,180,36,216
3832,MATRICULATE,23,193,216
10634,SALE,1,215,216
2546,MIKE,76,140,216
2303,DISINFECT,99,116,215
2262,RUNG,104,111,215
3922,AXE,21,194,215
3377,HITCH,33,182,215
11542,MIDDLE,1,214,215
4436,COMPASS,14,201,215
2393,CAGE,90,124,214
3460,WICKED,31,183,214
2183,TRAMPLE,114,100,214
4710,GRAMMAR,11,203,214
3034,BARB,45,169,214
2011,MANICURE,141,72,213
3717,BODY,25,188,213
2623,THICKEN,69,144,213
2161,AVERT,117,96,213
6601,SHAD,3,210,213
2197,MISHANDLE,113,100,213
2120,STERILIZE,123,89,212
5988,AWAKE,5,207,212
3524,LAP,29,183,212
9975,HO,1,211,212
9280,FOUNDER,1,211,212
4729,WISE,11,200,211
3172,MINGLE,41,170,211
9994,DEBT,1,210,211
2608,SUBDUE,71,140,211
2782,RATCHET,58,153,211
2311,EXAGGERATED,98,113,211
5154,SQUEAK,8,203,211
6797,HEALTH,3,208,211
4533,EX,13,197,210
2111,MEDICATE,124,86,210
2054,CHASTISE,134,76,210
2227,AMALGAMATE,108,102,210
6695,BELLOW,3,207,210
3684,ROCKET,25,185,210
2298,ASSIMILATE,100,109,209
4629,CIRCUIT,12,197,209
3227,OUTPACE,38,171,209
3495,TUNNEL,30,178,208
4881,CRANE,10,198,208
3821,CHALK,23,185,208
1895,GLUTEN,164,44,208
8065,CAPSULE,2,205,207
1929,DEMOTE,155,52,207
2751,OVER,60,147,207
1933,DEACTIVATE,154,53,207
3030,SMOKEY,46,160,206
4021,R2,19,187,206
2312,OFFLOAD,98,108,206
3074,QUERY,44,162,206
2204,SHAM,111,95,206
3047,UTTER,45,161,206
1948,VIDEOE,152,54,206
6133,ME,4,202,206
3953,FUNK,21,185,206
11392,SUMMIT,1,205,206
2177,DISLOCATE,115,90,205
5971,COMPORT,5,200,205
2775,QUARRY,59,146,205
1911,SECLUDE,160,45,205
2071,UNDERGONE,131,74,205
2251,RECIRCULATE,105,100,205
3170,SIFT,41,164,205
2265,PLASTER,104,100,204
11520,TOOLKIT,1,203,204
2343,WEAN,95,109,204
2193,STREW,113,91,204
10055,WATT,1,203,204
3355,SUBSIDE,34,170,204
1829,DISHEARTEN,179,24,203
8112,HORSE,2,201,203
2995,BALLOON,47,156,203
1809,COPYRIGHT,183,20,203
2952,BREAD,49,154,203
3641,TOLL,26,177,203
1876,STYMIE,167,36,203
2443,REIMAGINE,86,116,202
2286,INVENTORIE,102,100,202
11816,TWOS,1,201,202
1974,CENSOR,147,55,202
2613,REJUVENATE,70,132,202
3086,PAM,43,159,202
2360,REDEDICATE,94,108,202
2644,DWARF,68,134,202
4300,BREEZE,15,187,202
2679,DENT,65,136,201
3024,SNAG,46,155,201
2790,RELOAD,58,143,201
10216,MOSQUITO,1,200,201
7143,OFF,3,198,201
5166,STRUT,8,193,201
2213,CRIPPLE,110,90,200
11850,PUBLIC,1,199,200
3040,REPURCHASE,45,155,200
2977,SHOULDER,48,152,200
5543,LURK,6,194,200
9482,ACHE,1,199,200
4356,RECIPE,15,185,200
2515,SCULPT,78,122,200
2154,POLARIZE,118,82,200
2663,MELD,67,133,200
1896,OUTRAGED,164,36,200
7863,PEEP,2,198,200
4936,HONK,9,191,200
2446,RETALIATE,85,115,200
4447,SPRINT,14,186,200
1987,AGITATE,146,54,200
6019,BEEP,5,194,199
6207,FLAP,4,195,199
2136,EXASPERATE,120,79,199
2246,SHUN,106,93,199
2155,HANDCRAFT,118,81,199
2700,REFUTE,64,134,198
1952,ACCOST,152,46,198
2331,ODOR,97,101,198
2488,PEPPER,80,118,198
3028,VACUUM,46,152,198
3571,CREAM,28,169,197
3415,QUEST,32,164,196
1858,SPRINKLERE,173,23,196
12374,LEG,1,195,196
3854,PATRONIZE,22,174,196
2167,SILT,116,80,196
4088,SE,18,178,196
2173,VENTILATE,116,80,196
3361,CHANT,34,161,195
2593,SWEETEN,72,123,195
3325,A,35,160,195
3498,PROPHESY,30,165,195
6645,FORWARDS,3,192,195
3656,HOOD,26,169,195
2694,ASPHALT,64,131,195
6368,EXUDE,4,191,195
2822,STALK,56,139,195
2341,POLLINATE,96,98,194
3352,NUDGE,34,160,194
4482,LAWN,13,181,194
2430,NARRATE,87,107,194
10586,SOO,1,193,194
3605,IMAGE,27,167,194
6576,SQUIRE,3,191,194
11703,RESPONDENT,1,193,194
2158,REFINISH,117,76,193
2089,RECONSTITUTE,128,65,193
3235,FAITH,38,155,193
2046,PREDISPOSE,136,57,193
4954,REBEL,9,183,192
2883,AMASS,53,139,192
2195,INTERSPERSE,113,79,192
6604,PILCH,3,189,192
7071,AWARE,3,189,192
3502,ITERATE,29,162,191
2980,DWINDLE,48,143,191
1937,PREFABRICATE,154,37,191
2525,BATH,77,114,191
5046,GAZE,9,182,191
4948,COURAGE,9,182,191
11016,POEM,1,190,191
2465,FERMENT,84,106,190
2651,CRITIQUE,67,123,190
10466,CEREMONY,1,189,190
7269,HUFF,2,188,190
3672,REJOIN,25,164,189
3885,LASH,22,167,189
1936,MISGUIDE,154,35,189
2589,DIFFUSE,72,117,189
3991,BEFRIEND,20,169,189
2060,SEQUESTER,133,56,189
2672,THAW,66,122,188
2317,SLAIN,98,90,188
3937,CREW,21,167,188
2273,SANITIZE,103,85,188
2951,GROSS,49,139,188
2260,REDLINE,105,83,188
2349,CRIMINALIZE,95,93,188
2274,BUM,103,85,188
2045,SHORTCHANGE,136,51,187
5656,BRAKE,6,181,187
6855,OVERHEAD,3,184,187
2267,STRANGLE,104,83,187
6896,FRUIT,3,184,187
7969,CANNA,2,184,186
2959,TENT,49,137,186
12235,APPOINTMENT,1,185,186
2619,ARMOR,70,116,186
2023,CREMATE,140,46,186
3326,JET,35,151,186
12063,BINGO,1,185,186
6912,RENEWAL,3,183,186
2491,CONCEPTUALIZE,80,106,186
6307,SCARF,4,182,186
3234,CHRONICLE,38,148,186
2408,RAVAGE,89,96,185
8216,PETE,2,183,185
2389,HOUND,90,95,185
2767,WRINKLE,59,126,185
2070,RIDICULE,131,54,185
11518,FUTURE,1,184,185
3198,MULTI,39,146,185
2067,ORPHAN,132,53,185
6155,WHOO,4,181,185
4772,LORI,10,175,185
3565,DENOUNCE,28,156,184
5319,DARREN,7,177,184
5639,DOOR,6,178,184
2804,BASH,57,127,184
3659,BEGET,26,158,184
2029,SHELVE,139,45,184
3160,RETARD,41,143,184
2216,RENOWNE,110,73,183
2058,AMPE,133,50,183
5865,SCULPTURE,5,178,183
2476,DYE,82,101,183
3389,JOINT,33,150,183
3284,FLAT,36,147,183
2763,REGENERATE,60,123,183
2279,SUBPOENA,102,81,183
2833,TOPPLE,55,127,182
7837,CHILD,2,180,182
3905,SPIRAL,21,161,182
2138,TARNISH,120,62,182
2012,TRANSACT,141,41,182
3314,ASSORT,35,147,182
7850,HOE,2,180,182
2591,IMPROVISE,72,110,182
2517,OUTLIVE,78,104,182
2357,MISSTATE,94,88,182
2907,DISINTEGRATE,51,130,181
6883,STAIR,3,178,181
2537,REBOOT,76,105,181
2126,CHLORINATE,122,59,181
6624,MID,3,178,181
4234,REHAB,16,164,180
1915,BANDY,160,20,180
10438,UNDER,1,179,180
10962,PC,1,179,180
2438,TATTOOED,86,94,180
11777,INTAKE,1,179,180
2528,ASCERTAIN,77,103,180
2284,REPOSTE,102,78,180
3350,DANGLE,34,146,180
2757,EVADE,60,119,179
2037,QUARANTINE,137,42,179
3907,SKID,21,158,179
4419,SHRUG,14,165,179
2093,COMPUTERIZE,128,51,179
3139,COCK,42,137,179
2612,RESHAPE,70,109,179
1976,BURGLARIZE,147,31,178
2010,TINT,142,36,178
2150,OVERCHARGE,118,60,178
10299,TRAINING,1,177,178
10608,FLEET,1,177,178
3308,FAT,35,143,178
1964,CLUTTERED,150,27,177
2748,BOO,60,117,177
4457,RIPPLE,13,164,177
12147,INSIGHT,1,176,177
3949,BROWSE,21,156,177
2683,USHER,65,112,177
2497,BEST,79,98,177
4233,FIZZLE,16,160,176
2458,HAVIN,85,91,176
4878,RECOURSE,10,166,176
2760,NEUTRALIZE,60,116,176
3199,TRENCH,39,136,175
2192,FRAY,113,62,175
2523,COBBLE,77,98,175
3145,PRY,41,134,175
2148,UPROOT,119,56,175
2068,PERFORATE,131,44,175
2250,DEFUNDE,105,70,175
4007,WALKIN,20,154,174
3805,PIE,23,151,174
2545,CHAR,76,98,174
7054,GENDER,3,171,174
4527,NAP,13,161,174
2482,TILE,81,93,174
3566,DEBRIEF,28,146,174
5651,CUSTOMER,6,168,174
2432,SOLDER,86,87,173
3430,FAMILY,31,142,173
2073,UNDERVALUE,131,42,173
2777,TRANSPOSE,59,114,173
2202,PURIFY,112,60,172
5271,YEARN,7,165,172
3207,QUADRUPLE,39,133,172
3007,CLUDE,47,125,172
3114,MUSTER,43,129,172
2419,BELATE,88,84,172
6520,WAYMARSH,4,168,172
4444,REMOTE,14,158,172
3112,SLIT,43,129,172
2038,ENSHRINE,137,35,172
2190,MIRE,113,59,172
6590,HUB,3,169,172
2712,CONSECRATE,63,109,172
7055,LUNGE,3,169,172
6550,LAD,3,168,171
1966,RUBBERIZE,149,22,171
4635,WIG,12,159,171
5410,PURSE,7,164,171
2936,ACCENTUATE,50,121,171
6684,MURMUR,3,168,171
2509,KNIGHT,78,93,171
2722,ENCODE,62,108,170
5817,OWNER,5,165,170
3068,MUCK,44,126,170
1994,ENCHANT,145,24,169
2376,MINT,92,77,169
6251,ALE,4,165,169
3851,WRANGLE,22,147,169
5181,BUCKET,8,160,168
3879,TUG,22,146,168
5130,APP,8,159,167
2873,CUE,53,114,167
2300,CORRAL,100,67,167
2508,YOGA,79,88,167
2557,ENVELOP,75,92,167
2829,ECLIPSE,56,111,167
2535,SANCTIFY,77,90,167
2175,RETHOUGHT,115,52,167
2500,RECIPROCATE,79,88,167
2904,SHEPHERD,52,115,167
3035,WILT,45,122,167
3038,FAR,45,121,166
2030,HONOUR,138,28,166
2784,MARINATE,58,108,166
10915,BRO,1,165,166
4345,SNOWBALL,15,151,166
5315,TELEPHONE,7,158,165
2003,ARRAIGN,143,22,165
6542,SHUDDER,3,162,165
6124,MODE,4,160,164
4197,SLAY,17,147,164
1988,ATTUNE,146,18,164
2107,POLITICIZE,124,40,164
2079,REDRESS,130,34,164
4780,HUMP,10,154,164
6246,SKILLED,4,160,164
3276,ESPOUSE,36,128,164
4290,RUNNER,16,148,164
2680,JAZZ,65,98,163
2223,INCINERATE,108,55,163
2868,DISPEL,53,110,163
7274,GRIT,2,161,163
2233,BRICKE,107,56,163
3470,PROD,30,133,163
2518,INVALIDATE,78,84,162
5290,CREAK,7,155,162
4245,OPINE,16,146,162
3003,WAX,47,115,162
2703,CHAD,64,98,162
4462,CONJURE,13,149,162
2016,DECLAW,141,21,162
2337,UNEARTH,97,65,162
2675,UNREGISTERED,65,97,162
2736,DEVOLVE,61,101,162
2179,COERCE,115,47,162
11381,FROG,1,160,161
3189,BROKER,39,122,161
2384,WEDGE,91,70,161
5797,TODO,5,156,161
3383,OVERSIZE,33,128,161
2540,SICKEN,76,85,161
2898,JUICE,52,109,161
2051,CORDONE,135,26,161
3450,CONTOUR,31,130,161
2405,REPOSITION,89,71,160
2205,INPUTTE,111,49,160
4519,BLEEP,13,147,160
2087,DEFRAY,129,31,160
4169,EXHALE,17,143,160
2258,MISMANAGE,105,55,160
9462,ACID,1,158,159
1996,MORTIFY,144,15,159
4579,WREAK,12,147,159
3699,PARAPHRASE,25,134,159
2950,NIP,49,110,159
6675,TOUCHDOWN,3,156,159
12131,REMINISCE,1,158,159
4282,SOUP,16,143,159
7768,METAL,2,157,159
5801,PLAQUE,5,153,158
4688,REVEL,11,147,158
3771,SCRIBBLE,24,134,158
4083,RETAKE,19,139,158
4920,BLUFF,9,148,157
2856,WHISK,54,103,157
4951,WIDE,9,148,157
3678,EMANATE,25,132,157
4159,DAB,17,140,157
7043,LOSS,3,154,157
8074,PEAR,2,155,157
5142,COUNTY,8,149,157
6770,CLASH,3,153,156
2353,HUMILIATE,95,61,156
6203,RAMBLE,4,152,156
2889,CEDE,52,104,156
1998,PREJUDICED,144,12,156
2418,OBLITERATE,88,68,156
2221,ANTIQUATE,109,47,156
2502,REPRINT,79,77,156
8815,LOVELY,1,155,156
2371,MAR,93,63,156
5033,GLIDE,9,146,155
2929,HOIST,50,105,155
2186,DUPE,114,41,155
3037,REORDER,45,110,155
4397,LIMP,14,140,154
3818,GOOF,23,131,154
4595,REFEREE,12,142,154
10739,CLE,1,153,154
7307,JERRY,2,152,154
2719,HASSLE,62,92,154
3036,INCITE,45,109,154
4138,SATIN,18,136,154
2467,EFFECTUATE,83,71,154
11899,CONSTRUCTION,1,152,153
3119,SPANK,42,111,153
3311,ASTOUND,35,118,153
6270,PANT,4,149,153
6841,WINK,3,150,153
5157,FALTER,8,145,153
3342,SLUMP,34,119,153
2340,AMBUSH,96,57,153
5053,THIRTY,9,143,152
6229,FORT,4,148,152
2043,RELOOKE,136,16,152
3804,19,23,129,152
4127,CONVERSE,18,134,152
2616,ADMONISH,70,82,152
2588,REWIRE,72,80,152
3285,INTERNET,36,116,152
4507,SAG,13,138,151
2787,POACH,58,93,151
6110,ODD,4,147,151
2664,SEQUENCE,67,84,151
3106,ENCIRCLE,43,108,151
4274,WOO,16,135,151
2461,INTERROGATE,84,67,151
3273,HEAVE,37,114,151
2332,DECENTRALIZE,97,54,151
4049,LEGGED,19,132,151
2460,CONVOLUTE,84,67,151
2709,FEATHER,63,87,150
10856,BUILDER,1,149,150
3989,PRICK,20,130,150
3271,STASH,37,113,150
10069,HUM,1,149,150
5573,CUSTOM,6,144,150
6279,WHIZ,4,146,150
2560,COLLATE,74,76,150
2017,REBORN,141,9,150
4643,LETTERHEAD,12,138,150
5003,DUCT,9,140,149
2565,SIDELINE,74,75,149
3241,TAN,38,111,149
2149,SCAMME,119,30,149
2691,POT,65,84,149
10632,OVERRODE,1,148,149
7447,COO,2,147,149
2572,DEFLATE,73,76,149
4708,DIET,11,138,149
2544,TERRORIZE,76,73,149
2615,ABLE,70,79,149
4571,VOMIT,12,136,148
2922,REINSTITUTE,50,98,148
2867,REACTIVE,53,95,148
6078,JINX,5,143,148
5206,DON,8,140,148
3060,CLONE,44,104,148
10224,CANCER,1,147,148
8983,COEXIST,1,147,148
2577,NULLIFY,73,74,147
7294,EMPLOYMENT,2,145,147
2539,AUTHORISE,76,71,147
9155,OVERHANG,1,146,147
3303,QUILT,35,112,147
2115,FOREWARN,123,24,147
5603,DISPATCHER,6,141,147
7730,PRIORITY,2,145,147
3527,POSIT,29,117,146
5654,RELAPSE,6,140,146
2896,DISARM,52,94,146
9976,PUSA,1,145,146
2255,STIGMATIZE,105,41,146
7771,WIFE,2,144,146
5060,PAVEMENT,9,137,146
2427,PARTITION,87,59,146
5454,HOOP,7,139,146
2538,AERATE,76,70,146
4201,DABBLE,17,129,146
3390,TORCH,33,113,146
2834,CLUMP,55,91,146
4637,PULSE,12,134,146
2184,HYDRATED,114,32,146
2366,MUFFLE,93,52,145
2297,NOTATE,100,45,145
4574,STOUT,12,133,145
3871,SLUR,22,123,145
5869,BULL,5,140,145
2555,INTERMINGLE,75,70,145
4913,DART,9,136,145
3122,CONDONE,42,103,145
2296,FIXATE,101,44,145
2614,BENCHMARKE,70,75,145
2776,BELOVE,59,86,145
6565,PERCENT,3,141,144
3301,PAWN,36,108,144
3222,INSINUATE,38,106,144
2746,SQUANDER,61,83,144
4800,DIVINE,10,134,144
9834,BARBER,1,143,144
2219,MISLABELE,109,35,144
2583,CARPET,72,72,144
4266,GRID,16,128,144
5578,PEDAL,6,138,144
4418,CAVEAT,14,130,144
8767,SPARKLE,1,143,144
2978,INFURIATE,48,95,143
2390,METE,90,53,143
5286,REAPPEAR,7,136,143
2456,JURIE,85,58,143
12438,TALKIN,1,142,143
2774,REV,59,84,143
2116,PERPLEXED,123,20,143
4277,HASTEN,16,127,143
3941,APPRENTICE,21,122,143
4711,RANT,11,132,143
2351,EXONERATE,95,47,142
6184,FANCY,4,138,142
2092,PREOCCUPY,128,14,142
4208,PRANK,17,125,142
2160,REPROGRAMME,117,25,142
8498,WHITEHEAD,2,140,142
2681,OVERHEAT,65,77,142
11804,MIN,1,141,142
2356,REDEPLOY,94,48,142
3211,CHUNK,39,103,142
7209,QUARTERBACK,3,139,142
2877,ASCRIBE,53,88,141
4180,MARSHAL,17,124,141
11119,CONE,1,140,141
8114,WORKOUT,2,139,141
8419,SEATBELT,2,139,141
6651,COG,3,138,141
2354,SLIGHT,94,47,141
5017,SURMISE,9,131,140
6172,GROWL,4,136,140
5008,PERUSE,9,131,140
3780,GROOVE,23,117,140
3296,REVOLUTIONIZE,36,104,140
3412,GANG,32,108,140
3183,CUFF,40,100,140
4685,COAST,11,129,140
3942,FETCH,21,119,140
12239,GOV,1,139,140
9469,DOS,1,139,140
2076,SILOE,131,9,140
3177,SPICE,40,100,140
2596,WINTERIZE,72,68,140
3918,UNDERPIN,21,118,139
6996,CHECKLIST,3,136,139
3654,UNPACKED,26,113,139
4775,TEMPLATE,10,129,139
11977,GRUNT,1,138,139
5236,SMART,8,130,138
4661,DISOBEY,11,127,138
9659,UNPLUG,1,137,138
3732,COALESCE,24,114,138
2550,PLACARD,76,62,138
4542,WITHER,13,125,138
5397,KEN,7,131,138
3240,INTIMATE,38,100,138
3855,REPHRASE,22,115,137
7845,CABIN,2,135,137
2882,SCOLD,53,84,137
2121,REDESIGNATE,123,14,137
6142,STRAIGHT,4,133,137
2407,COMMERCIALIZE,89,48,137
5257,ITCH,8,129,137
3464,MORTGAGE,31,106,137
5858,RETIREE,5,132,137
11489,BREAKDOWN,1,135,136
3586,CLAMP,27,109,136
8309,EIGHT,2,134,136
4017,TROLL,19,117,136
3070,NOTCH,44,92,136
3192,REFUEL,39,97,136
2264,DRENCH,104,32,136
2602,CATALOGUE,71,65,136
2835,INCUBATE,55,81,136
3628,WAN,26,110,136
7999,ISLAND,2,133,135
6347,GLOSS,4,131,135
7450,BASELINE,2,133,135
5019,THUMP,9,126,135
3488,SIEVE,30,105,135
4117,GHOST,18,117,135
3203,PERSONIFY,39,96,135
2842,UNMARKE,55,80,135
2361,MOLEST,94,41,135
4832,DIVERGE,10,125,135
8957,HOUSEHOLD,1,134,135
4120,LANGUISH,18,117,135
2069,OVERTAKEN,131,4,135
5629,WHINE,6,129,135
3175,VAULT,40,95,135
2132,OSTRACIZE,121,14,135
6386,PREFERENCE,4,130,134
6849,MISSUS,3,131,134
2723,HERD,62,72,134
3938,SPEAR,21,113,134
7399,BLAKE,2,132,134
2382,CAMOUFLAGE,91,43,134
2573,OVEREXTEND,73,61,134
3532,RATIONALIZE,29,105,134
4657,DIAGRAM,11,123,134
6138,WOMAN,4,129,133
5318,BIG,7,126,133
9282,PAYBACK,1,132,133
3712,RUSTLE,25,108,133
5002,HARKEN,9,124,133
3727,CROUCH,24,109,133
2230,TREED,107,26,133
2514,JADE,78,55,133
6975,EXCLAIM,3,130,133
4329,ARC,15,118,133
9056,GRAM,1,132,133
2416,INDEMNIFY,88,45,133
6892,MEDITATE,3,130,133
2938,SNUFF,50,83,133
5224,DINOSAUR,8,125,133
2441,DEPUTIZE,86,46,132
8992,THINKIN,1,131,132
6326,KAYAK,4,128,132
6897,GESTURE,3,129,132
3169,HEARTE,41,91,132
2603,SPOOK,71,61,132
3071,REDISCOVER,44,88,132
2617,SHACKLE,70,62,132
4804,BLITZ,10,122,132
3137,RECONFIRM,42,90,132
3005,TRUE,47,84,131
2380,MAUL,92,39,131
4503,CLUTCH,13,118,131
5482,SKY,6,125,131
2365,FATIGUE,93,38,131
3320,UNDECIDED,35,96,131
9810,CHAMP,1,130,131
2853,HUNKER,54,77,131
2306,COOPE,99,31,130
2431,HEM,86,44,130
3063,RECALIBRATE,44,86,130
2288,AIRLIFT,102,28,130
5152,BARREL,8,122,130
3620,WH,27,103,130
6697,SCHEME,3,127,130
2815,SEDUCE,56,74,130
3260,INTRUDE,37,93,130
2897,DECRIMINALIZE,52,78,130
4585,UNPAID,12,118,130
2754,RETOOL,60,69,129
3214,SLUNG,39,90,129
3670,FREEHOLD,26,103,129
3988,HEAP,20,109,129
2200,PROTRACT,112,17,129
3742,CRATE,24,105,129
3079,GABLE,44,85,129
2800,RESUSCITATE,57,71,128
2229,BULLETE,108,20,128
2738,ELONGATE,61,67,128
3587,UNTIE,27,101,128
7653,FORMULA,2,126,128
4256,UNDERCUT,16,112,128
2434,REINVIGORATED,86,42,128
3328,DISCERN,35,93,128
2189,OVERTAX,113,15,128
2272,DISBURSE,103,25,128
4751,RELIVE,11,116,127
2512,GRAFT,78,49,127
2997,OVERPOWER,47,80,127
2625,SEDATE,69,58,127
2455,READAPT,85,42,127
2627,TAME,69,58,127
5310,PICKET,7,120,127
3801,PORTION,23,104,127
3435,CUDDLE,31,96,127
2378,MISQUOTE,92,35,127
12206,SIREN,1,126,127
5420,REPOSE,7,120,127
3349,INBOUNDE,34,93,127
8233,CUZ,2,124,126
3843,RECOMMIT,22,104,126
2624,CHEWY,69,57,126
10518,SOLO,1,125,126
3159,CORROBORATE,41,85,126
8141,MISBEHAVE,2,124,126
6811,ERRAND,3,123,126
12187,NEW,1,125,126
5446,TREAD,7,119,126
4858,DEUCE,10,116,126
5536,OHM,6,119,125
5579,ZONING,6,119,125
4568,ROWDY,12,113,125
4757,ANTE,11,114,125
12383,DEF,1,124,125
3799,IRRITATED,23,102,125
2448,DISSATISFY,85,40,125
4744,BARGE,11,114,125
2336,ACTUATE,97,28,125
6993,FLAME,3,122,125
5242,GOSSIP,8,116,124
7374,STAIRWELL,2,122,124
4029,GEM,19,105,124
2926,SEAR,50,74,124
2257,DOMESTICATE,105,19,124
3055,SPLICE,45,79,124
10651,POOP,1,123,124
3640,CUSS,26,98,124
2403,FURLOUGH,89,35,124
2449,UNFILLE,85,39,124
6846,CHEESE,3,120,123
3181,DISENGAGE,40,83,123
2208,PUREBRE,111,12,123
3869,REBUKE,22,101,123
3618,JEWEL,27,96,123
2243,OVERRATE,106,17,123
5749,SLACK,5,118,123
11646,METHOD,1,122,123
2342,THWART,95,28,123
3979,JACKET,20,103,123
4066,MUSHROOM,19,103,122
12266,CHEEK,1,121,122
2568,UNBIASED,74,48,122
7935,TOME,2,120,122
6653,PURR,3,119,122
6411,INT,4,118,122
6484,BACKYARD,4,118,122
6696,PROCRASTINATE,3,119,122
5616,RECUR,6,115,121
8028,GRAPE,2,119,121
3453,GRAIN,31,90,121
5118,ALT,8,113,121
6442,STEAD,4,117,121
2520,INTENTIONE,77,44,121
4662,CLARKE,11,110,121
8209,TRANSPORTATION,2,119,121
5080,BACKFIRE,8,113,121
10492,MOBILE,1,120,121
3708,CRYSTALLIZE,25,96,121
8199,BROCCOLI,2,119,121
4062,BURP,19,101,120
3534,DEVOUR,29,91,120
2504,RECONDITION,79,41,120
2949,HERALD,49,71,120
2816,FLATLINE,56,64,120
4730,LEAF,11,109,120
6623,STUTTER,3,117,120
5649,FULL,6,114,120
9676,GOD,1,119,120
3230,STARTUP,38,82,120
6539,SUICIDE,3,117,120
2725,BUOY,62,58,120
5873,TEXTBOOK,5,115,120
6238,SWISH,4,116,120
5989,SWAG,5,115,120
6011,TUBE,5,115,120
3094,CATALOG,43,76,119
2516,INCENSE,78,41,119
5857,HARP,5,114,119
3711,WIELD,25,94,119
2756,DECREED,60,59,119
5621,HURDLE,6,113,119
9320,TENANT,1,118,119
4733,RANSOM,11,108,119
3859,HORN,22,97,119
3634,PUTT,26,93,119
3597,STORY,27,92,119
11937,UNDEFEATED,1,117,118
2690,DEFORM,65,53,118
2524,TORMENT,77,41,118
4215,ERE,17,101,118
4003,STUD,20,98,118
3405,REHASH,32,86,118
3836,CRUST,23,95,118
9584,BACKPACK,1,116,117
7461,FLUNK,2,115,117
3762,MISCALCULATE,24,93,117
12393,INTENT,1,116,117
11818,LEECH,1,116,117
3816,FUSS,23,94,117
2916,UNITED,51,66,117
4998,KEEL,9,108,117
4885,SOOTHE,10,107,117
10254,EM,1,116,117
11580,ZACH,1,116,117
8122,HON,2,114,116
8043,TAKEAWAY,2,114,116
2847,DECONSTRUCT,54,62,116
3923,NICKEL,21,95,116
5492,HOMETOWN,6,110,116
3437,BANDAGE,31,85,116
2793,PAROLE,57,59,116
2421,ABRIDGE,88,28,116
4909,DISCLAIM,9,107,116
2222,NORME,109,7,116
7829,LAME,2,114,116
2249,UNDERWRITTEN,105,11,116
3046,OPERATIONALIZE,45,71,116
3042,ALIGHT,45,71,116
2511,SHUTTER,78,38,116
10936,LAUREATE,1,115,116
2960,UNCOLLECTE,49,67,116
2699,BLINDFOLD,64,51,115
2910,CRUMPLE,51,64,115
2857,BRAISE,54,61,115
2522,REPROVE,77,38,115
5574,INTERCEDE,6,109,115
2747,DIMENSION,60,55,115
4486,ACQUIESCE,13,102,115
2656,CANTILEVER,67,48,115
2563,MULTICOLORE,74,41,115
12639,BREWERY,1,114,115
11530,GEE,1,114,115
3829,SCALLOP,23,92,115
3059,EMBELLISH,44,71,115
3249,LEACH,37,78,115
3056,CONFOUND,45,70,115
7494,JUT,2,113,115
3129,SPEW,42,72,114
3103,BLEACH,43,71,114
3451,AROUSE,31,83,114
5259,RICOCHET,8,106,114
7654,NOODLE,2,112,114
3187,HARMONIZE,40,74,114
3118,R1,42,72,114
4209,EVERSOURCE,17,97,114
2865,INVIGORATE,53,61,114
3348,CHINOOK,34,80,114
4924,GOVERNMENT,9,105,114
7454,CRISP,2,112,114
8955,HEALTHCARE,1,113,114
2413,DISCOLOR,89,25,114
12294,AFORESAID,1,112,113
3610,INITIAL,27,86,113
4984,BASEMENT,9,104,113
2988,REORIENT,48,65,113
2706,BILLET,64,49,113
4336,PAL,15,98,113
3182,STUNT,40,73,113
6585,PROSPECT,3,110,113
2836,VEIL,55,58,113
4005,OFFICIATE,20,93,113
5905,BULLPEN,5,108,113
5295,MAID,7,106,113
3745,TWENTY,24,89,113
2770,RILE,59,54,113
2678,REFORMATTE,65,48,113
2578,WI,73,39,112
4636,CRISSCROSS,12,100,112
4158,MUMBLE,17,95,112
2772,PULVERIZE,59,53,112
2879,ANNIHILATE,53,59,112
4402,UNDERSCORED,14,98,112
5826,PROTRUDE,5,107,112
5122,INGRESS,8,104,112
3374,PUNCTURE,33,78,111
4545,BECKON,13,98,111
4428,SALIDA,14,97,111
6391,WOBBLE,4,107,111
7620,APPRAISER,2,109,111
2796,OXIDIZE,57,54,111
4674,UNLIMITED,11,100,111
6117,SODA,4,107,111
2320,EMBARGO,98,13,111
4541,SWIRL,13,98,111
2601,JUMBLE,71,40,111
2908,DETONATE,51,60,111
2794,STOW,57,54,111
4374,WAD,15,96,111
2345,IMPEACH,95,16,111
3471,STANDALONE,30,81,111
2888,SMITHTOWN,53,57,110
5633,BACKTRACK,6,104,110
2466,SIDETRACK,83,27,110
2374,AS,92,18,110
5005,BUNK,9,101,110
2397,DISJOINT,90,20,110
12525,DIME,1,109,110
4967,OVERSTEP,9,101,110
4841,GROPE,10,100,110
5375,MOAN,7,103,110
2684,AMPUTATE,65,45,110
2921,LAUNDER,50,60,110
4626,DIRTY,12,97,109
8396,VERITA,2,107,109
10843,DIALOGUE,1,108,109
2494,INDENT,80,29,109
3445,SUNLIGHT,31,78,109
12407,WATERWORK,1,108,109
2973,ENJOIN,48,61,109
10414,RABBIT,1,108,109
6676,INCOMPLETE,3,106,109
6263,BUFFALO,4,105,109
4887,WHITEN,10,99,109
11851,WINNER,1,108,109
3226,FOOTNOTE,38,71,109
4081,MINDSET,19,90,109
5010,MAST,9,100,109
11267,TRAGUS,1,107,108
3076,POPCORN,44,64,108
12078,ENROLLMENT,1,107,108
3075,CATALYZE,44,64,108
4911,BEHOLD,9,99,108
3986,NICK,20,88,108
5233,ROOFTOP,8,100,108
5393,MICROWAVE,7,101,108
4381,NO,14,94,108
4492,ROUSE,13,95,108
3385,REGIONALIZE,33,75,108
2652,COMPARTMENTALIZE,67,41,108
12327,QUALITY,1,107,108
3971,RASMUSSEN,20,88,108
2817,SIXTEEN,56,52,108
3660,MANGA,26,81,107
6299,REEK,4,103,107
3026,MINCE,46,61,107
7372,LUTZ,2,105,107
2648,ENTANGLE,68,39,107
10821,OVERDO,1,106,107
3345,STEREOTYPE,34,73,107
4364,POTHOLE,15,92,107
5741,HALF,5,102,107
3184,TERRACE,40,67,107
2824,DAZZLE,56,50,106
6587,ENDEAVOUR,3,103,106
4143,CANDY,18,88,106
2769,LIGHTENED,59,47,106
3638,RUFFLE,26,80,106
2745,SIPHON,61,45,106
3653,DREW,26,80,106
3575,PROVISION,28,78,106
3649,COE,26,80,106
4925,RELOOK,9,97,106
3001,CHARM,47,59,106
2444,RATION,85,21,106
11350,FACADE,1,105,106
4811,FLUTTER,10,96,106
4690,CRADLE,11,94,105
4020,LOP,19,86,105
3166,BEAD,41,64,105
2803,REASSEMBLE,57,48,105
3344,BETTER,34,71,105
2743,RETESTE,61,44,105
5711,DIVERSE,6,99,105
4538,SEMI,13,92,105
4872,LEARNER,10,95,105
2707,REPUBLISH,63,42,105
11450,ACCIDENT,1,103,104
4506,FART,13,91,104
4991,SPIRE,9,95,104
4596,CRAP,12,92,104
6160,STRATEGIZE,4,100,104
6743,CLIENT,3,101,104
3650,GUTEN,26,78,104
3590,BUFF,27,77,104
3619,COMCAST,27,77,104
3041,GEO,45,59,104
8274,GOWN,2,102,104
2843,EMBOSS,55,49,104
10117,STRAW,1,103,104
2875,BULKY,53,51,104
9422,PASTA,1,103,104
4544,SILVER,13,91,104
2686,DEBUNK,65,39,104
3319,TEED,35,69,104
3696,CHURN,25,78,103
8696,SHOT,1,102,103
7318,ZOMBIE,2,101,103
3158,CARAMEL,41,62,103
3087,ENUNCIATE,43,60,103
7214,THUNDER,3,100,103
3889,FLUFF,22,81,103
2795,TILL,57,46,103
3483,TAUNT,30,73,103
8077,FURNACE,2,101,103
2764,REFILE,60,43,103
5092,STREETLIGHT,8,95,103
2640,DEPOSE,68,35,103
2766,COLONIZE,60,43,103
7329,CRIME,2,101,103
2771,TATTERE,59,44,103
5263,SAINT,7,96,103
4807,MISJUDGE,10,93,103
2496,CHANNELIZE,79,23,102
2805,PROPORTION,57,45,102
3239,DOCKET,38,64,102
4448,CONFIDE,14,88,102
6787,GRIN,3,99,102
5799,SWERVE,5,97,102
2604,INFLAME,71,31,102
3538,SUFFOCATE,28,74,102
2969,MANGLE,48,54,102
3697,ENGENDER,25,77,102
2713,SUNSETTE,63,39,102
4797,CORD,10,92,102
6669,LEN,3,98,101
8295,GETTIN,2,99,101
2983,SMUGGLE,48,53,101
5723,CONTRAVENE,6,95,101
7040,STORAGE,3,98,101
3238,FRESHEN,38,63,101
4337,CANT,15,86,101
5625,CONSPIRE,6,95,101
6421,PJ,4,97,101
5237,ALLEN,8,93,101
3868,FOIL,22,79,101
4425,MANGO,14,87,101
3101,OVERSIGHT,43,57,100
2660,REGIONALISE,67,33,100
4213,DIA,17,83,100
4638,SUPERINTEND,12,88,100
4196,SCRIBE,17,83,100
3292,CORN,36,64,100
4672,SLUG,11,89,100
4301,PING,15,84,99
5759,CAUSA,5,94,99
3540,HURL,28,71,99
3185,AUTOGRAPH,40,59,99
3186,DOWNPLAY,40,59,99
8768,INSTANCE,1,98,99
3549,GRAVITY,28,71,99
2638,MISMATCH,68,31,99
2561,BIGOTE,74,25,99
4819,DISSENT,10,89,99
2553,REBUFF,75,23,98
5301,INQUIRY,7,91,98
5631,MITTEN,6,92,98
4536,PLANK,13,85,98
4199,CEPT,17,81,98
5264,GOOSE,7,91,98
5462,BLURT,6,92,98
6422,SHRANK,4,94,98
2762,STRATIFY,60,38,98
11045,TIT,1,97,98
11643,PROTOCOL,1,97,98
3254,REPRIORITIZE,37,61,98
2429,ELECTROCUTE,87,11,98
4067,FINGER,19,79,98
8304,STEAK,2,96,98
4403,BULK,14,84,98
2685,INTROVERT,65,33,98
6215,SECEDE,4,94,98
7917,HOMELESSNESS,2,96,98
3433,SPOON,31,66,97
3402,VERBALIZE,32,65,97
2659,DISORIENT,67,30,97
3562,HEADLINE,28,69,97
4132,UNUSED,18,79,97
4442,TREK,14,83,97
3133,ALIENATE,42,55,97
3085,SANDBLAST,43,54,97
2715,IMBUE,63,34,97
5176,DEEP,8,89,97
7528,TIEMPO,2,95,97
2692,DUMBFOUND,65,32,97
9243,ADVERTISEMENT,1,96,97
4359,STOOP,15,82,97
3295,DEMENTE,36,61,97
4745,PARACHUTE,11,86,97
2885,FALSIFY,53,44,97
4475,GLUCOSE,13,84,97
2734,TRADEMARK,61,36,97
5449,RDID,7,90,97
2813,CAPTION,57,40,97
2510,UNBUDGETE,78,19,97
7891,EAST,2,95,97
11929,PHYSICIAN,1,96,97
3438,PLUNK,31,65,96
6378,EYEBALL,4,92,96
6646,DIFFERENTIAL,3,93,96
6408,PINK,4,92,96
2941,TIDY,49,47,96
3006,MONETIZE,47,49,96
5620,HAM,6,90,96
3862,SPAT,22,74,96
3750,STABLE,24,72,96
2739,UNSCHEDULE,61,35,96
5780,CANDLE,5,91,96
5703,SUMMONS,6,90,96
3716,BOTCH,25,71,96
3446,CARAMELIZE,31,65,96
3193,FRANCHISE,39,57,96
2457,FLUORIDATE,85,11,96
3970,ALCOHOL,20,76,96
4687,IDOLIZE,11,85,96
9541,DONATION,1,95,96
7941,COLD,2,94,96
2633,EXILE,69,26,95
5935,GALLOP,5,90,95
3820,AVENGE,23,72,95
8592,UNNUMBERE,1,94,95
4591,TE,12,83,95
4114,EXPOUND,18,77,95
2507,MESMERIZE,79,16,95
3146,THORN,41,54,95
4248,HUMID,16,79,95
5070,IDLE,9,86,95
8139,MOOSE,2,93,95
11749,GLAD,1,94,95
5076,FORTY,8,87,95
7583,GRAVE,2,93,95
4943,SNIP,9,86,95
4172,SCAPE,17,78,95
12018,LEMUR,1,94,95
3647,TENSE,26,69,95
2792,INTERLAKEN,58,37,95
4441,GUESSTIMATE,14,81,95
2395,OUTVOTE,90,4,94
3568,GARNISH,28,66,94
2716,SUBSUME,63,31,94
3741,IMPLODE,24,70,94
6922,PLUM,3,91,94
3108,BATTERY,43,51,94
2866,ENRAGE,53,41,94
2786,MOTHBALL,58,36,94
8437,CAB,2,92,94
4273,OUTSTRIP,16,78,94
9697,QUESTIONNAIRE,1,93,94
6720,SICKLE,3,91,94
2942,RESEAL,49,45,94
7019,LID,3,91,94
4432,DIN,14,80,94
2779,RANDOMIZE,59,35,94
5337,10,7,86,93
3144,UNSIGNED,41,52,93
2992,BERATE,48,45,93
7455,EMPLOYER,2,91,93
5480,HOWDY,6,87,93
3116,FORSAKE,42,51,93
9440,DAVE,1,92,93
8347,STRODE,2,91,93
2755,GOUGE,60,33,93
2383,REMISSE,91,1,92
6614,PARTICULATE,3,89,92
2634,GERRYMANDER,69,23,92
4219,HOARD,17,75,92
4422,SAVOR,14,78,92
7202,14,3,89,92
6118,LUBE,4,88,92
8104,CHAINSAW,2,90,92
4326,STIFFEN,15,77,92
4839,KINDRE,10,82,92
2554,REVEGETATE,75,17,92
2807,RESETTLE,57,35,92
2696,VOLVE,64,28,92
3584,QUICKEN,27,65,92
5380,TOIL,7,85,92
2789,ITALICIZE,58,33,91
7144,WHORE,3,88,91
4820,PERVADE,10,81,91
5491,MISFIRE,6,85,91
6531,THIESSEN,4,87,91
2599,INDOCTRINATE,71,20,91
6632,CAL,3,88,91
3266,JUXTAPOSE,37,54,91
3018,PAMPER,46,45,91
6446,DAS,4,87,91
4134,PACIFY,18,73,91
3580,SPECTE,27,64,91
5881,SAVANNA,5,86,91
4360,DOWNSTAIRS,15,76,91
4613,GASKEY,12,79,91
3242,DISCREDIT,38,53,91
3441,PECKED,31,60,91
4926,VOLUME,9,82,91
12037,RUCK,1,90,91
4939,GLARE,9,82,91
5753,STEEL,5,85,90
2597,SUNDOWN,71,19,90
3053,PUMMEL,45,45,90
2920,DISSUADE,50,40,90
3800,CATAPULT,23,67,90
6728,HUSBAND,3,87,90
4230,DULL,16,74,90
3002,UPENDED,47,43,90
3479,COAX,30,60,90
3576,REENACT,27,63,90
7018,COKE,3,87,90
5883,LADDER,5,84,89
2605,PETRIFY,71,18,89
3298,REIN,36,53,89
9801,PERCENTAGE,1,88,89
2806,PHOTOSHOPPE,57,32,89
3739,MUDDY,24,65,89
10952,FINDER,1,88,89
7712,PARKING,2,87,89
12223,OPPONENT,1,88,89
7310,RETRO,2,87,89
2661,GENTRIFIE,67,22,89
5116,VAPE,8,81,89
3162,DESEGREGATE,41,48,89
3171,ORGANISE,41,48,89
7175,PEED,3,86,89
11325,BARE,1,88,89
3027,CONFLATE,46,43,89
2740,BANTER,61,28,89
3128,RESTOCK,42,47,89
3881,UNWRAPPED,22,67,89
2532,EMBROIL,77,12,89
2536,MISDIAGNOSE,77,11,88
4265,REVOLT,16,72,88
12225,ACCOMMODATION,1,87,88
4280,GUM,16,72,88
6471,ES,4,84,88
2655,VILIFY,67,21,88
6475,ROACH,4,84,88
2860,UNEARNED,54,34,88
11213,BACON,1,87,88
4898,HEARKEN,10,78,88
2900,RUGGE,52,36,88
6673,OVERTOOK,3,85,88
10849,ALDERMEN,1,87,88
4814,DEGENERATE,10,78,88
8345,PORE,2,86,88
2894,HUNCH,52,36,88
12434,ENDO,1,87,88
3508,PROBATE,29,59,88
4323,UNANNOUNCED,15,73,88
4747,TURBOCHARGE,11,77,88
2737,IMPUTE,61,27,88
4309,NUMB,15,73,88
2495,BACKLOGGE,80,7,87
3179,STAGNATE,40,47,87
3529,DISPROVE,29,58,87
3190,REFIT,39,48,87
2580,MISALIGN,73,14,87
2559,WEBCAST,75,12,87
4871,REGRESS,10,77,87
5225,MOCHA,8,79,87
10339,WAGNER,1,86,87
4549,WRENCH,13,74,87
2549,MOOR,76,11,87
3426,POSTURE,32,55,87
11972,CANAL,1,86,87
4000,UNRAVEL,20,67,87
4052,JAGGED,19,68,87
3852,DECIPHER,22,65,87
2828,DISINTERESTE,56,31,87
7022,ROOK,3,84,87
2811,MISDIRECT,57,30,87
6249,AVER,4,83,87
4153,CALLIN,17,70,87
2987,VINDICATE,48,39,87
8376,WILDLIFE,2,85,87
6097,CAROL,4,82,86
4931,BRAWL,9,77,86
2600,MUG,71,15,86
6038,PASTORE,5,81,86
8482,FURLONG,2,84,86
3097,BIOME,43,43,86
2927,STACEY,50,36,86
5829,JUS,5,81,86
4552,FLIRT,13,73,86
7904,DOKE,2,84,86
2899,DIVEST,52,34,86
3828,RESIZE,23,63,86
5671,IRK,6,80,86
5366,RELENT,7,79,86
2657,REGIMENT,67,19,86
5399,AL,7,79,86
3309,HATRE,35,51,86
5377,AGONIZE,7,79,86
3315,VAPORIZE,35,51,86
3220,CONCOCT,38,47,85
3632,RUT,26,59,85
4426,GERMINATE,14,71,85
2721,LYNCH,62,23,85
2780,EMANCIPATE,59,26,85
3807,PLAGIARIZE,23,62,85
7247,COY,2,83,85
2887,MOB,53,32,85
7744,UNCORKED,2,83,85
4985,BABYSAT,9,76,85
3903,ROTTEN,21,64,85
2998,DILATE,47,38,85
9602,VOL,1,84,85
5272,DISTRUST,7,78,85
5058,BOOZLE,9,76,85
4016,SNORT,19,66,85
3397,CRAZE,33,52,85
5145,TONGUE,8,77,85
7471,EUBANK,2,83,85
3583,BELITTLE,27,58,85
2939,RACIALIZE,50,35,85
12024,HAWK,1,84,85
4893,YAWN,10,75,85
3020,SATE,46,38,84
6001,MOUTH,5,79,84
4109,COUNTERACT,18,66,84
4567,UNCONTESTED,12,72,84
3278,CUSHION,36,48,84
5369,ORDEN,7,77,84
4099,BI,18,66,84
5979,AT,5,79,84
8272,NAKED,2,82,84
3246,EXTRUDE,38,46,84
4856,JARED,10,74,84
8596,TIMELINE,1,83,84
6066,SCURRY,5,79,84
6318,DETEST,4,80,84
3104,MUDDLE,43,41,84
4321,SLAVE,15,69,84
4089,PLY,18,65,83
7976,LAT,2,81,83
2863,UNDERINSURED,54,29,83
3073,REDRAFTE,44,39,83
4586,TOGGLE,12,71,83
3797,BONNIE,23,60,83
2778,ATTENUATE,59,24,83
6525,FLINCH,4,79,83
3484,TINKER,30,53,83
6329,BRUNG,4,79,83
3107,SCORN,43,40,83
6936,SEVENTY,3,80,83
2864,LIQUEFY,53,30,83
3878,UNDOCUMENTE,22,61,83
3555,COIL,28,55,83
2643,OVERPRICE,68,15,83
3982,POUNCE,20,63,83
3391,MUTATE,33,50,83
2933,PLATEAUE,50,33,83
5334,ELK,7,76,83
3265,FEDERATE,37,46,83
3608,CROCHET,27,56,83
2966,POPULARIZE,49,34,83
4382,CRIMP,14,69,83
3381,HOBBLE,33,50,83
3791,RUNDOWN,23,60,83
2581,ENTWINE,72,11,83
3294,DISGRACE,36,46,82
7047,SHIVER,3,79,82
7332,ORCHESTRA,2,80,82
5238,GENRE,8,74,82
4291,TRANSPARENT,16,66,82
3013,TAR,47,35,82
6704,SQUINT,3,79,82
9964,FIG,1,81,82
9339,LES,1,81,82
4461,SIDESTEP,13,69,82
4863,RUBBER,10,72,82
3630,WARP,26,56,82
2570,ENTHRAL,73,9,82
2788,BEWILDER,58,24,82
5912,RIOT,5,77,82
3616,PREHEAT,27,55,82
3125,BLACKEN,42,40,82
2854,PROFOUND,54,28,82
7638,DIKE,2,80,82
4184,BUNKER,17,65,82
3088,DEMONIZE,43,39,82
4131,SANDBAG,18,64,82
7340,DUEL,2,79,81
6356,BUSA,4,77,81
3834,TELEGRAPH,23,58,81
4246,LEVER,16,65,81
2830,BREASTFE,56,25,81
3848,REFRAME,22,59,81
3996,RIPEN,20,61,81
3585,SPLINTER,27,54,81
3657,SUBORDINATE,26,55,81
5189,PRESUPPOSE,8,73,81
2682,COLLATERALIZE,65,16,81
3121,DEREGULATE,42,39,81
3010,RETITLE,47,34,81
9897,BARZAK,1,80,81
10725,TRAILHEAD,1,80,81
6575,TROOP,3,78,81
4728,HISS,11,70,81
2814,MYSTIFY,56,25,81
2981,SYNDICATE,48,33,81
3290,EXTORT,36,44,80
3419,MISCHARACTERIZE,32,48,80
3089,OCCLUDE,43,37,80
3466,HUSH,31,49,80
3204,OVERFILL,39,41,80
10277,ANKLE,1,79,80
8470,SIZZLE,2,78,80
3578,FARMLAND,27,53,80
5767,SAVAGE,5,75,80
3029,LULL,46,34,80
5074,MACE,8,72,80
5306,OUTPUT,7,73,80
5049,ENQUIRE,9,71,80
3946,BADGER,21,59,80
9313,SHEEP,1,79,80
6298,LORD,4,76,80
5606,GREED,6,74,80
8173,ADO,2,78,80
12413,GINGER,1,78,79
5448,WAIL,7,72,79
6493,SURF,4,75,79
10108,BOOB,1,78,79
6457,MELLOW,4,75,79
3251,KOOL,37,42,79
2761,IMMORTALIZE,60,19,79
5064,BROWNFIELD,9,70,79
3110,AWED,43,36,79
2571,WARRANTIE,73,6,79
4470,UNROLL,13,66,79
5014,WITHSTOOD,9,70,79
2934,AUTHENTICATE,50,29,79
11271,WHALE,1,78,79
5663,TIGHT,6,73,79
8332,GRANTEE,2,77,79
2909,INTERMIX,51,28,79
10759,POPULATION,1,78,79
3115,MILDRED,42,37,79
11321,LA,1,78,79
3661,LEFTY,26,53,79
7442,ANTIQUE,2,77,79
3658,JUNK,26,53,79
4406,MOUND,14,65,79
11824,ALIEN,1,77,78
8771,ARCHITECTURE,1,77,78
2946,SUPPLANT,49,29,78
4411,INTERLOCK,14,64,78
9889,CHA,1,77,78
6555,TREMBLE,3,75,78
4472,BLUNT,13,65,78
5180,DOCKEN,8,70,78
4860,OUTLAST,10,68,78
2556,REDRAWN,75,3,78
4325,CROOKED,15,63,78
2990,IMMOBILIZE,48,30,78
3899,FLIGHT,21,57,78
5584,TIMEFRAME,6,72,78
3065,PUNCTUATE,44,34,78
7246,GOLD,2,76,78
5249,RAVIOLI,8,70,78
8039,RHYTHM,2,76,78
4930,SKIT,9,68,77
3149,DESTRUCT,41,36,77
6691,HEEL,3,74,77
2962,REOCCUPIE,49,28,77
6012,UNTOUCHED,5,72,77
2935,IMPREGNATE,50,27,77
5995,NEIGHBOR,5,72,77
12496,WORKBOOK,1,76,77
4855,REA,10,67,77
3753,LEGITIMIZE,24,53,77
9944,MOON,1,76,77
9941,REVOTE,1,76,77
3574,DESTABILIZE,28,49,77
4495,SUNRISE,13,64,77
2919,INTUBATE,51,26,77
7839,GRUMBLE,2,75,77
4573,SPANGLE,12,65,77
2718,CENSURE,63,14,77
5407,RC,7,69,76
6989,CHEESECAKE,3,73,76
5117,TRIANGULATE,8,68,76
4866,HUMOR,10,66,76
5585,TRAUMA,6,70,76
5308,LEMMA,7,69,76
3269,HAZE,37,39,76
3531,BEQUEATH,29,47,76
3105,EMBOLDENED,43,33,76
3481,OVERSELL,30,46,76
3944,PESTER,21,55,76
10084,TEMPORE,1,75,76
7615,GIG,2,74,76
4353,DEBIT,15,61,76
9784,BORI,1,75,76
4038,VALUATE,19,57,76
3935,SECRETE,21,55,76
7621,TOURIST,2,73,75
4292,BOTTLENECK,16,59,75
5545,DRIZZLE,6,69,75
4491,REGURGITATE,13,62,75
3663,SCAFFOLD,26,49,75
4760,FUDGE,11,64,75
2821,REPOSSESS,56,19,75
4399,STEW,14,61,75
2928,ACTUALIZE,50,25,75
6371,BREAKFAST,4,71,75
3564,DAMPEN,28,47,75
10062,LITERATURE,1,74,75
5734,ROOST,5,70,75
2632,MAINSTREAME,69,5,74
3528,SLANDER,29,45,74
2744,DECERTIFIE,61,13,74
5055,FUCK,9,65,74
3779,ZAP,23,51,74
4511,SOBER,13,61,74
4709,TAILGATE,11,63,74
2799,DOMICILE,57,17,74
3287,RECAST,36,37,73
4960,RENEGE,9,64,73
7445,DUMMY,2,71,73
3960,RETWEETE,21,52,73
5915,SIXTY,5,68,73
6330,BELIE,4,69,73
8853,MAJORITY,1,72,73
2735,DEADLOCKE,61,12,73
3596,DECODE,27,46,73
5636,30,6,67,73
5830,BATCH,5,68,73
4468,PASTURE,13,60,73
3102,CLOBBER,43,30,73
6648,RN,3,70,73
5458,REESE,6,67,73
4431,CAPSIZE,14,59,73
4604,BALE,12,61,73
5594,LURCH,6,67,73
12139,TON,1,72,73
4163,CHECKER,17,56,73
4295,BEARD,16,57,73
3874,PEDDLE,22,51,73
3025,BUTTERFIELD,46,27,73
3768,VERSA,24,49,73
5023,DEDUCE,9,63,72
2970,TASE,48,24,72
5468,MUTTER,6,66,72
4394,TEENY,14,58,72
6556,BRISTLE,3,69,72
4115,COMMANDEER,18,54,72
4904,FRET,9,63,72
5346,LEGITIMATE,7,65,72
2986,50,48,24,72
3332,OCCASION,35,37,72
2758,SHROUD,60,12,72
3267,CARBONATE,37,35,72
4564,IVAN,12,60,72
3914,LASER,21,51,72
3842,EXCERPT,22,50,72
6979,THOROUGH,3,69,72
2818,DELIST,56,16,72
11475,HITCHHIKE,1,71,72
2892,ESTRANGE,52,20,72
5970,FEAST,5,67,72
3462,SPLATTER,31,41,72
10745,HITTER,1,71,72
9909,TURNAROUND,1,71,72
6856,COURTESY,3,69,72
5068,DISEMBARK,9,63,72
2976,DAUNT,48,24,72
4821,BANKRUPT,10,61,71
3679,ATTIRE,25,46,71
7162,INCREMENT,3,68,71
2880,ALLAY,53,18,71
3299,DISLODGE,36,35,71
3489,DENIGRATE,30,41,71
2671,READMITTE,66,5,71
3561,PERVERT,28,43,71
4085,BYOD,19,52,71
5987,BONUS,5,66,71
3136,AMELIORATE,42,29,71
5810,ANTHEM,5,66,71
3016,PASTEURIZE,47,24,71
9925,WART,1,70,71
3915,UNINTENDED,21,49,70
2870,REPOINT,53,17,70
3257,UNINFORMED,37,33,70
4771,DETERMINATE,10,60,70
4060,CRE,19,51,70
4429,FRINGE,14,56,70
2819,GRATIFY,56,14,70
3161,EMBROIDER,41,29,70
10715,COLLAGE,1,69,70
7862,TWIG,2,68,70
6965,SEMESTER,3,67,70
3493,OBVIATE,30,40,70
7692,FUME,2,68,70
3252,REBUT,37,33,70
12103,MATH,1,69,70
4712,SNARE,11,59,70
5832,SOUR,5,65,70
6754,REPETITIVE,3,67,70
3740,FLUTE,24,46,70
6310,THIRST,4,66,70
4341,RELAUNCHE,15,55,70
5776,STRENGTH,5,65,70
3218,SERENADE,39,31,70
5658,TWIRL,6,63,69
3706,DOUSE,25,44,69
9029,ROUTINE,1,68,69
2729,INEBRIATE,61,8,69
2884,MAROON,53,16,69
3338,BEHEAD,35,34,69
2874,STONEWALL,53,16,69
3536,THROTTLE,29,40,69
7362,SIX,2,67,69
5963,YEARBOOK,5,64,69
3142,INOCULATE,42,27,69
3147,MAVEN,41,28,69
7522,PARROT,2,67,69
7931,OFFHAND,2,67,69
5097,PEBBLE,8,61,69
3444,ENLIVEN,31,38,69
5775,GLISTEN,5,64,69
4242,SIRE,16,53,69
6506,OPPOSITE,4,65,69
6111,OVERRUN,4,64,68
4949,FRANK,9,59,68
3152,FLUSTER,41,27,68
8316,WIDGET,2,66,68
6017,FEND,5,63,68
5729,WINCE,5,63,68
7165,TROUBLESHOOT,3,65,68
3163,SHOEHORN,41,27,68
3123,OVERJOY,42,26,68
3796,TURF,23,45,68
2945,6B,49,19,68
4427,SHUTDOWN,14,54,68
3472,DISPLEASE,30,38,68
3510,EXTRICATE,29,39,68
2861,REUNIFY,54,14,68
11970,SCAMPER,1,67,68
3052,UNELECTE,45,23,68
2832,TORPEDO,56,12,68
9953,FOG,1,67,68
11765,MALFUNCTION,1,67,68
7924,ROCKIN,2,66,68
5188,PARTIE,8,60,68
3333,NIXED,35,33,68
4698,HARD,11,57,68
2845,MUZZLE,55,13,68
3329,METABOLIZE,35,33,68
3195,INDEBTE,39,29,68
4252,LAVA,16,51,67
3947,RECHECKE,21,46,67
3434,PELT,31,36,67
9846,BROWNIE,1,66,67
3067,IMPANEL,44,23,67
12275,OT,1,66,67
6126,REDWOOD,4,63,67
6086,BALK,4,63,67
2905,CONSCRIPT,52,15,67
10044,RIDESHARE,1,66,67
8231,TRUNK,2,65,67
3191,UNFOUNDED,39,28,67
7090,SNAPCHAT,3,64,67
11356,WAND,1,66,67
7099,SOLDIER,3,64,67
3919,REKINDLE,21,46,67
5316,WE,7,60,67
4864,REFRIE,10,57,67
9978,KUSA,1,66,67
9999,TWEEN,1,66,67
4410,ANGST,14,52,66
3392,DEMORALIZE,33,33,66
5835,BIZARRE,5,61,66
7928,DARK,2,64,66
4630,CLEFT,12,54,66
5192,PITY,8,58,66
7292,MEGAN,2,64,66
3244,DUCTE,38,28,66
3363,ARCHITECTE,34,32,66
5277,CLEAVE,7,59,66
3499,DEMARCATE,30,36,66
3081,INACTIVATE,44,22,66
6186,PUDDLE,4,62,66
10754,TACOS,1,65,66
3379,DIVULGE,33,33,66
10297,LOO,1,65,66
3943,ABSTRACT,21,45,66
8962,SUBWAY,1,65,66
11726,PIGGY,1,65,66
9112,BOXER,1,65,66
10663,HOWL,1,64,65
3082,FLEDGE,44,21,65
3926,KINDLE,21,44,65
11577,SUMMA,1,64,65
6785,BREASTFEED,3,62,65
8438,OUTRAN,2,63,65
11873,CONTEXT,1,64,65
7645,PARKLAND,2,63,65
4929,APPEASE,9,56,65
5510,FAVELA,6,59,65
3526,WORDY,29,36,65
3173,UPLIFTED,40,25,65
6547,FLATBE,3,62,65
11897,TROUT,1,64,65
5467,MINUS,6,59,65
3767,LUBRICATE,24,41,65
6685,MAKIN,3,62,65
3310,READIE,35,30,65
8765,SAN,1,63,64
5101,OVERCOOK,8,56,64
7871,BELCH,2,62,64
8026,BIO,2,62,64
5907,RENOUNCE,5,59,64
6112,SATELLITE,4,60,64
5994,SIGMA,5,59,64
6231,MANATEE,4,60,64
6321,SPONGE,4,60,64
3048,OVERPOPULATE,45,19,64
3180,BRUTALIZE,40,24,64
2967,MISAPPROPRIATE,49,15,64
3023,OPTIONE,46,18,64
3154,CONTRIVE,41,23,64
2837,PRIVY,55,9,64
4373,DISCIPLE,15,49,64
2891,PERTURB,52,11,63
4185,SUBVERT,17,46,63
4108,SEXY,18,45,63
4666,ASSENT,11,52,63
4315,SUBLEASE,15,48,63
4766,HORNY,11,52,63
3744,DISHONOR,24,39,63
10441,COMPLIANCE,1,62,63
3368,RECODIFIE,34,29,63
3886,MONOPOLIZE,22,41,63
6782,DIV,3,60,63
11309,TIPTOE,1,62,63
3407,CLOAK,32,31,63
2862,RAZE,54,9,63
2844,OVERVALUE,55,8,63
3546,MODULATE,28,35,63
2855,DISORGANIZE,54,9,63
3353,MISCOMMUNICATE,34,29,63
3057,MALIGN,45,18,63
7198,KNELT,3,60,63
4225,VITALIZE,16,47,63
4682,CHROME,11,52,63
2881,MESMERISE,53,10,63
4372,THEORIZE,15,48,63
4239,NIBBLE,16,47,63
3447,SHIFTY,31,32,63
3264,GARBLE,37,25,62
4303,PERTINENT,15,47,62
5147,HYPOTHESIZE,8,54,62
4778,SLOSH,10,52,62
7164,RICE,3,59,62
3017,CONTAINERIZE,46,16,62
11430,DEFECATE,1,61,62
8159,TIDE,2,60,62
7056,ZIGZAG,3,59,62
5972,ELOPE,5,57,62
3701,CODDLE,25,37,62
4363,REMADE,15,47,62
4149,ENDEAR,17,45,62
3594,SILOS,27,35,62
9172,BLUEPRINT,1,61,62
3165,KNOCKDOWN,41,21,62
8344,SWINE,2,60,62
6451,FELT,4,58,62
8810,I,1,61,62
3721,REVILE,24,38,62
9622,DOZE,1,61,62
5813,PLEA,5,57,62
3788,SNUGGLE,23,39,62
5109,MASS,8,54,62
4892,UNEXCUSE,10,52,62
4076,SHAYLEN,19,42,61
5788,UNOPPOSED,5,56,61
12005,PEA,1,60,61
7453,FLURRY,2,59,61
3554,UNDERPAID,28,33,61
5156,EXHORT,8,53,61
7149,BALLOT,3,58,61
11383,AME,1,60,61
3008,BESIEGE,47,14,61
10617,CAMPGROUND,1,60,61
7100,CONNOTE,3,58,61
4014,IMPINGE,19,42,61
11529,MAGGOT,1,60,61
4593,CINCH,12,49,61
8486,CORNY,2,59,61
3366,DECONTAMINATE,34,27,61
11562,LION,1,60,61
3270,REVALUE,37,24,61
4045,BURNISH,19,42,61
3032,HYPHENATE,46,15,61
10796,TA,1,60,61
3400,REHEAT,33,28,61
7736,RICK,2,59,61
9007,DU,1,60,61
4644,WAGER,12,49,61
3334,PRECONCEIVE,35,26,61
6080,HIVE,5,55,60
9468,KATIE,1,59,60
3749,CHAPERON,24,36,60
4055,SUBSET,19,41,60
4061,CUCKOO,19,41,60
3514,WHITEWASH,29,31,60
8845,INDIGO,1,59,60
5412,MEDDLE,7,53,60
4380,LEMONADE,14,46,60
6071,LOATHE,5,55,60
3478,DESECRATE,30,30,60
5155,SPUTTER,8,52,60
8752,RAINBOW,1,59,60
9985,HAYDEN,1,59,60
3496,SUBTITLE,30,30,60
4167,PARLAY,17,43,60
3293,TOKEN,36,24,60
9969,RESIDUE,1,59,60
4622,BUDGE,12,48,60
8527,WASHROOM,2,58,60
3702,V,25,35,60
4738,BLOOD,11,49,60
3803,SPURN,23,37,60
3272,RESURVEYE,37,23,60
7084,SPINACH,3,57,60
3255,DISCOMBOBULATE,37,23,60
5524,SPLENDID,6,53,59
3336,DELUDE,35,24,59
3985,LEAVEN,20,39,59
5488,ENTREAT,6,53,59
4786,HUMANIZE,10,49,59
5106,SAP,8,51,59
7330,OVERREACT,2,57,59
4520,CHAP,13,46,59
4386,RECLINE,14,45,59
8033,NERVE,2,57,59
6016,REED,5,54,59
10252,CREATIVE,1,58,59
3870,GAG,22,37,59
5754,TRAMP,5,54,59
12155,Z--,1,58,59
3552,FAME,28,31,59
3504,RECODE,29,30,59
4876,SOLVENT,10,49,59
11315,MOMENTO,1,58,59
5365,DETOX,7,52,59
6634,KNUCKLE,3,56,59
6153,BLARE,4,55,59
3058,COMPETENCY,45,14,59
3774,REIGNITE,24,35,59
3735,OUTPLAY,24,35,59
6437,BREAST,4,55,59
4689,PREDOMINATE,11,48,59
7030,SCISSOR,3,56,59
2964,DESENSITIZE,49,10,59
4229,JEST,16,43,59
3722,COMBUST,24,35,59
6397,DESPAIR,4,55,59
5297,DYNAMITE,7,52,59
4152,STABLISHE,17,42,59
8106,SIC,2,57,59
5311,AIDID,7,52,59
3304,DECOUPLE,35,23,58
3511,UNIMPROVED,29,29,58
9434,DEN,1,57,58
6895,SUBSCRIPTION,3,55,58
4791,RESOUND,10,48,58
12228,CARRIER,1,57,58
3261,WRIT,37,21,58
3593,CULTURED,27,31,58
3992,DISPARAGE,20,38,58
5537,FOSSIL,6,52,58
4183,VEX,17,41,58
11374,LUMEN,1,57,58
5740,GALORE,5,53,58
3009,OUST,47,11,58
3631,ALIZE,26,32,58
5562,SACRED,6,52,58
10777,CREED,1,57,58
5689,ALLOY,6,52,58
4289,BLANCH,16,42,58
3456,REAPPRAISE,31,27,58
8757,VACATION,1,57,58
3876,SUPERCHARGE,22,36,58
9553,STUPID,1,57,58
3667,KATE,26,32,58
4740,WORST,11,46,57
2948,GORE,49,8,57
3714,FORD,25,32,57
2940,OVERQUALIFIE,50,7,57
4659,STUNK,11,46,57
3984,RIB,20,37,57
7925,TRIUMPH,2,55,57
3062,CONED,44,13,57
3977,DISS,20,37,57
3153,ENTRAP,41,16,57
4584,SEX,12,45,57
8501,WHEREFORE,2,55,57
5016,BATTLEFIELD,9,48,57
4035,YOKE,19,38,57
11224,MONROE,1,56,57
5425,RAPPEL,7,50,57
9727,BLUSH,1,56,57
3468,MASSACRE,30,27,57
8263,ESTADO,2,55,57
8068,SNOB,2,55,57
5968,HOT,5,52,57
3324,DEFACE,35,22,57
12218,HYDRATE,1,56,57
2999,ESCROWE,47,10,57
4633,CARESS,12,45,57
3995,EMCEED,20,37,57
3775,BLISTER,24,33,57
5477,MAG,6,51,57
4227,DEMEAN,16,40,56
11628,MICRO,1,55,56
3519,REPULSE,29,27,56
3387,UNDIAGNOSE,33,23,56
4671,BLOODY,11,45,56
3113,DENOMINATE,43,13,56
3956,SPECKLE,21,35,56
9387,ADEQUATE,1,55,56
3980,QUELL,20,36,56
3715,REQUISITION,25,31,56
3312,MAIM,35,21,56
12602,LEISURE,1,55,56
4385,WHEELCHAIR,14,42,56
3595,TURNIN,27,29,56
3457,TRANSGENDERE,31,25,56
3072,MARTYR,44,12,56
7152,SLICK,3,53,56
4032,MARBLE,19,37,56
5481,OVERSTAY,6,50,56
3614,DEFILE,27,29,56
4970,OUTTA,9,47,56
6162,MIGHTY,4,52,56
4646,SCORELESS,12,44,56
3685,GROUT,25,31,56
3206,FARSIGHTE,39,17,56
4361,RAFT,15,41,56
9720,PALISADE,1,55,56
3178,PARCH,40,16,56
5389,HABLA,7,48,55
3601,CONTEXTUALIZE,27,28,55
8307,CURRICULA,2,53,55
5216,LIVIN,8,47,55
8459,LAKESIDE,2,53,55
8133,UNA,2,53,55
3766,PLEAT,24,31,55
3769,DISOWN,24,31,55
4621,REAM,12,43,55
3916,FRIENDE,21,34,55
9752,POUCH,1,54,55
4576,BESET,12,43,55
3090,CONJOIN,43,12,55
5887,SNEER,5,50,55
5686,NAG,6,49,55
4478,VOCALIZE,13,42,55
3346,DEBAR,34,21,55
3237,BEFUDDLE,38,17,55
6115,COT,4,51,55
3205,HAMSTRUNG,39,16,55
5902,PETERE,5,50,55
8320,PEMBROKE,2,53,55
3497,EXCRETE,30,25,55
3503,SCRUNCH,29,26,55
4770,FRIGHT,10,45,55
5809,STRIKEOUT,5,50,55
3967,REPACKAGE,20,35,55
10371,Z,1,54,55
3690,JUSTE,25,30,55
3388,RANSACK,33,22,55
3945,MICROMANAGE,21,34,55
3275,DENUDE,36,19,55
10315,PERSONNEL,1,53,54
3952,REENGAGE,21,33,54
3077,EXTRADITE,44,10,54
3339,NONCOMMISSIONE,34,20,54
4404,IMPOVERISH,14,40,54
3318,PERF,35,19,54
9905,SUPERHERO,1,53,54
5362,FIDDLE,7,47,54
4434,NAB,14,40,54
3098,INDUSTRIALIZE,43,11,54
9325,LI,1,53,54
4198,LOCKDOWN,17,37,54
3490,UNDAUNTED,30,24,54
5782,TAMP,5,49,54
7641,PROTOTYPE,2,52,54
3737,BLOT,24,30,54
9346,CROOK,1,53,54
7597,STAVE,2,52,54
3096,MALNOURISH,43,11,54
3602,SHUNT,27,26,53
3637,SCORCH,26,27,53
9165,THERE,1,52,53
4165,BRONZE,17,36,53
6584,CONQUEST,3,50,53
3793,OVERTOP,23,30,53
4845,BOYCOTT,10,43,53
3662,HEW,26,27,53
7053,FLASHBACK,3,50,53
6667,SNICKER,3,50,53
4902,LIAISE,10,43,53
4956,UNDERPERFORMED,9,44,53
3806,VARIEGATE,23,30,53
3410,PIECEMEALE,32,21,53
3049,BRAZEN,45,8,53
3784,PREDESTINE,23,30,53
6276,HELM,4,49,53
10760,VOZ,1,52,53
5348,WELT,7,46,53
4133,UNAPPROPRIATE,18,35,53
4051,VISIONE,19,34,53
7235,CROAK,3,50,53
4024,FERRET,19,34,53
4497,BARTER,13,40,53
3898,INLAY,21,32,53
12366,BRIDE,1,52,53
3557,DEHUMANIZE,28,25,53
5471,ABHOR,6,47,53
3014,CIRCUMCISE,47,6,53
8450,TINGLE,2,51,53
3787,UNBUNDLE,23,30,53
4040,DEFROST,19,34,53
3132,SMITTEN,42,10,52
3833,UNATTACHED,23,29,52
6376,SPOUT,4,48,52
4764,PROFICIENCY,11,41,52
3061,LOPSIDE,44,8,52
3733,BOOKMARKE,24,28,52
2968,THRIFTY,49,3,52
5726,SHUCK,6,46,52
3506,MUTILATE,29,23,52
4896,LUMPY,10,42,52
6081,SWIVEL,5,47,52
3380,MOOT,33,19,52
5280,ABDICATE,7,45,52
6621,MISCARRY,3,49,52
4240,ARTE,16,36,52
7698,GIMME,2,50,52
3289,TOUCHSCREEN,36,16,52
11237,BLISS,1,51,52
4875,SIMMER,10,42,52
12323,STANCE,1,51,52
3224,DEFRAUD,38,14,52
5561,QUIP,6,46,52
3777,STUCCO,23,29,52
3092,71,43,9,52
9100,LEDGE,1,51,52
6247,CHEAPEN,4,48,52
10865,BUGGY,1,51,52
3360,INCULCATE,34,18,52
11548,MITT,1,51,52
3359,FOGGED,34,18,52
9933,MILESTONE,1,51,52
3910,JOLT,21,30,51
4031,MISLAY,19,32,51
7798,EMOJI,2,49,51
3920,MUSH,21,30,51
6044,SNOWMELT,5,46,51
4075,SCALP,19,32,51
3253,BRAINWASH,37,14,51
4375,DISMOUNT,14,37,51
8284,REALISE,2,49,51
3563,FETE,28,23,51
3809,UNSETTLE,23,28,51
7371,VALLEY,2,49,51
4670,BASTE,11,40,51
7001,PEARL,3,48,51
5426,BRINE,7,44,51
5307,NINE,7,44,51
3556,BROAD,28,23,51
4268,UNLICENSED,16,35,51
3420,MAGNETIZE,32,19,51
3459,MANHANDLE,31,20,51
10412,SALINE,1,50,51
7033,FLASHER,3,48,51
3517,RECUPERATE,29,22,51
3280,BIDDE,36,15,51
9253,HAIRCUT,1,50,51
8798,URINATE,1,50,51
4779,FAB,10,41,51
4867,CLENCH,10,41,51
3054,OVERSUBSCRIBE,45,6,51
3461,STILL,31,19,50
5576,MEMBERSHIP,6,44,50
4569,HARDSCAPE,12,38,50
3548,REENERGIZE,28,22,50
3651,ANGIE,26,24,50
6644,COMMISERATE,3,47,50
10548,WADDLE,1,49,50
6834,FURROW,3,47,50
6692,WAFFLE,3,47,50
9843,MINOR,1,49,50
9001,CRAB,1,49,50
6872,OVA,3,47,50
6495,UNASSISTED,4,46,50
3351,INDENTURE,34,16,50
5304,LEAPFROG,7,43,50
3069,TRIAGED,44,6,50
3022,GRIDLOCKE,46,4,50
9085,KARAOKE,1,49,50
3157,DISINVEST,41,9,50
3411,COMPE,32,18,50
3401,UNNEEDED,32,18,50
8192,SHIRK,2,48,50
5470,BELLY,6,43,49
3860,REPOPULATE,22,27,49
12289,ASKIN,1,48,49
10922,AIL,1,48,49
8217,TWITCH,2,47,49
5997,WOR,5,44,49
3297,HTTP,36,13,49
4957,LEPRECHAUN,9,40,49
6106,SYNERGIZE,4,45,49
6323,REDREW,4,45,49
4715,SQUIB,11,38,49
4307,GUMBO,15,34,49
4862,SERRATE,10,39,49
4207,RUMMAGE,17,32,49
5497,12,6,43,49
3343,IMPERIL,34,15,49
6795,LASAGNA,3,46,49
3683,PIGEON,25,24,49
5094,AIRFIELD,8,41,49
10959,DRUNK,1,48,49
3912,REEXAMINE,21,28,49
4532,PEEVE,13,36,49
5965,CIVIC,5,44,49
3505,RELABELE,29,20,49
4450,SKILLSUSA,14,35,49
10406,GUE,1,48,49
9611,PIKE,1,48,49
3100,DISILLUSION,43,6,49
6485,AIRMAIL,4,45,49
4322,CONSIGN,15,34,49
4901,LUND,10,39,49
9677,OSCILLATE,1,48,49
5539,DAMP,6,43,49
9340,REMIX,1,48,49
3948,STIFFED,21,27,48
8805,COMMA,1,47,48
5089,PARRY,8,40,48
8477,EASTBOUND,2,46,48
4063,SHANE,19,29,48
3674,REMOUNT,25,23,48
4355,DELUXE,15,33,48
3906,VARNISH,21,27,48
12145,CURVEBALL,1,47,48
3148,AWOKEN,41,7,48
3550,DRUNKEN,28,20,48
8472,WHISKER,2,46,48
10458,TOOTHBRUSH,1,47,48
4205,ROI,17,31,48
12502,COUNTESS,1,47,48
5052,REPRESS,9,39,48
6482,PFM,4,44,48
5162,HOSPICE,8,40,48
10890,WORM,1,47,48
6429,METH,4,44,48
5234,UNRESERVE,8,40,48
6275,ACCOLADE,4,44,48
5253,BEFALL,8,40,48
4335,FLECK,15,33,48
6572,PONG,3,45,48
10995,INTERMEDIATE,1,47,48
3417,QUASH,32,16,48
8764,DITTO,1,47,48
4348,ONNA,15,33,48
4580,PROLIFERATE,12,35,47
10573,BOULEVARD,1,46,47
3256,BEREAVE,37,10,47
8559,PHOSPHATE,1,46,47
3724,SUBPAR,24,23,47
4294,CATIFIE,16,31,47
3050,OVERRIDDEN,45,2,47
3814,POOPE,23,24,47
11334,KIN,1,46,47
5940,REMISS,5,42,47
3427,INBREED,32,15,47
3164,LANDMARKE,41,6,47
6871,SPLOSH,3,44,47
5666,CHARLESTOWN,6,41,47
5802,BYTE,5,42,47
6931,DREAMER,3,44,47
7622,ORLANDO,2,45,47
10627,REPOST,1,46,47
8013,OUTRANK,2,45,47
3693,FAZE,25,22,47
4174,PROCTOR,17,30,47
3403,DEPARTMENTALIZE,32,15,47
3589,QUENCH,27,20,47
4130,INSTRUMENT,18,29,47
3248,BLACKBALL,37,10,47
3560,DISASSOCIATE,28,19,47
7825,CABEZA,2,45,47
4293,SCUTTLE,16,31,47
8292,CLUCK,2,45,47
3513,STYLIZE,29,18,47
4651,AAP,12,35,47
3625,PIGEONHOLE,26,21,47
4226,COUNTDOWN,16,31,47
8492,MONKEY,2,45,47
3084,BREAKEVEN,44,3,47
10911,ANTI,1,46,47
3646,RECOMMISSIONE,26,21,47
4319,BLOGGE,15,32,47
4964,COLLUDE,9,38,47
5676,SKYPE,6,41,47
10998,EP,1,46,47
3452,SENSITIZE,31,16,47
7117,OD,3,44,47
3454,BALLAST,31,16,47
3432,MISIDENTIFIE,31,16,47
8464,FORAGE,2,45,47
3209,REINCARNATE,39,7,46
3263,OVERBOOKE,37,9,46
5103,UNSOLICITE,8,38,46
8427,HIGHTAIL,2,44,46
3378,DEBILITATE,33,13,46
10785,WINKLE,1,45,46
4025,OUTREBOUNDE,19,27,46
3151,REPUTE,41,5,46
6035,LEVAN,5,41,46
7253,SUMP,2,44,46
3976,FIE,20,26,46
3863,PHOTOCOPIED,22,24,46
6353,CIPHER,4,42,46
4284,DIGNIFY,16,30,46
7364,WINDSHIELD,2,44,46
4665,CONGLOMERATE,11,35,46
10261,SUBLET,1,45,46
4869,EVAN,10,36,46
4125,DELIMIT,18,28,46
11882,HOMEBREW,1,45,46
3794,SUCKERE,23,23,46
4220,STEAMROLL,17,29,46
6562,GULP,3,43,46
3443,UNAPPRECIATED,31,15,46
3872,HIPPE,22,24,46
3477,SUBJUGATE,30,16,46
7963,NOOK,2,44,46
5151,SYE,8,38,46
7973,GUSH,2,44,46
3408,FACETE,32,14,46
4086,FLOG,19,27,46
4783,THRASH,10,36,46
8683,DES,1,45,46
3558,RETOLD,28,17,45
3810,QUIRE,23,22,45
4722,SPELT,11,34,45
8317,PURPLE,2,43,45
6498,SESA,4,41,45
4540,SHOO,13,32,45
6149,SHOOTOUT,4,41,45
10746,APPARATUS,1,44,45
5457,RETORT,6,39,45
8218,OUTRUN,2,43,45
3210,LACTOSE,39,6,45
4656,SCHINSKY,12,33,45
3341,SUNBURN,34,11,45
9063,WHEAT,1,44,45
5475,BY,6,39,45
4578,SYCAMORE,12,33,45
3994,WATERPROOF,20,25,45
4074,COLORIZE,19,26,45
4601,RESHUFFLE,12,33,45
7416,DIESEL,2,43,45
3442,REMANUFACTURE,31,14,45
6105,JOY,4,41,45
6995,WOODLAWN,3,42,45
12317,DOODLE,1,44,45
11252,PLASTIC,1,44,45
3758,REINTEGRATE,24,21,45
7505,PODCAST,2,43,45
6522,SQUEAL,4,41,45
4333,UNMANAGED,15,30,45
12157,BOG,1,44,45
6528,WHEEZE,4,41,45
7034,GULL,3,42,45
4611,TOT,12,33,45
10050,SNIFFLE,1,44,45
4767,WINNOW,11,34,45
11589,RUNOFF,1,44,45
5419,11,7,38,45
4588,VITE,12,33,45
3167,PREFILLE,41,4,45
6932,DROOL,3,42,45
4556,TAT,13,31,44
3582,CACHE,27,17,44
4340,STENCIL,15,29,44
9947,WILDCAT,1,43,44
4090,IMMUNISE,18,26,44
8410,BICKER,2,42,44
3911,GYP,21,23,44
4683,RUFF,11,33,44
4098,FAMILIARIZED,18,26,44
3473,FEDERALIZE,30,14,44
11051,PAWLOWSKI,1,43,44
4874,MENACE,10,34,44
4222,REVELSTOKE,17,27,44
3888,GILD,22,22,44
3666,UNSERVE,26,18,44
3704,EXTERMINATE,25,19,44
6615,BEAN,3,41,44
3245,HYPERLINKE,38,6,44
3327,WEAPONIZE,35,9,44
4485,SPILT,13,31,44
3604,UNVACCINATE,27,17,44
3455,GENDERE,31,13,44
3487,HYPNOTIZE,30,14,44
9578,SLEW,1,43,44
4119,TURNKEY,18,26,44
7067,RIGGAN,3,41,44
7567,THEREOF,2,42,44
5173,COMPOSITE,8,36,44
11385,PROWL,1,42,43
7184,HALLOW,3,40,43
5577,BLIZZARD,6,37,43
5609,SABOTAGE,6,37,43
8156,CLUNG,2,41,43
5127,STEVEN,8,35,43
8167,RICHFIELD,2,41,43
3875,CALCIFY,22,21,43
4713,MUFF,11,32,43
6588,OPENNESS,3,40,43
10199,15,1,42,43
11640,CHAMPAGNE,1,42,43
5913,RECANT,5,38,43
3901,REFORMULATE,21,22,43
11264,CAMPER,1,42,43
11552,FINISHER,1,42,43
3761,MERCE,24,19,43
12168,PHRAGMITE,1,42,43
6717,JIGGLE,3,40,43
4528,THICK,13,30,43
7553,MUCH,2,41,43
10700,MEME,1,42,43
5626,BUCO,6,37,43
3664,REPROCESS,26,17,43
3680,BLACKMAIL,25,18,43
9892,GLIMPSE,1,42,43
3469,INSTATE,30,13,43
6407,TUNA,4,39,43
3213,BROKENHEARTE,39,4,43
5430,FORESHADOW,7,35,42
4178,CHAUFFEUR,17,25,42
4489,FORETOLD,13,29,42
3365,CONCUSS,34,8,42
6508,O,4,38,42
5848,UNACCOUNTE,5,37,42
3606,EXHILARATE,27,15,42
5542,POOCH,6,36,42
3964,OVERSIMPLIFY,20,22,42
6242,YARROW,4,38,42
7123,WALTZ,3,39,42
4036,GRIZZLE,19,23,42
12324,TALANSKY,1,41,42
4271,CAPSULATE,16,26,42
5713,MULL,6,36,42
3987,HEBREW,20,22,42
3223,OVERSATURATE,38,4,42
6581,CE,3,39,42
4741,SARCASM,11,31,42
10526,HOLLIN,1,41,42
5566,CRISS,6,36,42
6060,PUKE,5,37,42
4267,EXHUME,16,26,42
12069,STRANGE,1,41,42
3815,PONDE,23,19,42
6469,BALD,4,38,42
8011,VOUCH,2,40,42
4612,REBALANCE,12,30,42
3921,SHAFT,21,21,42
3819,OVEREMPHASIZE,23,19,42
8746,DISCUS,1,41,42
7514,REWATCHE,2,40,42
8002,TAXICAB,2,40,42
4210,OLMSTE,17,25,42
10834,CHUG,1,41,42
6396,BEHELD,4,38,42
5495,CHICKENE,6,36,42
8168,PROMENADE,2,40,42
3927,PLACATE,21,21,42
4118,2D,18,24,42
10584,ROCO,1,41,42
7651,PERMISSION,2,40,42
3719,REATTACHE,24,17,41
10465,THERESA,1,40,41
4162,DISMEMBER,17,24,41
7720,PRECAST,2,39,41
5714,AUTO,6,35,41
6412,DISAVOW,4,37,41
5694,MOLESKY,6,35,41
7473,DAISY,2,39,41
3961,EXPROPRIATE,21,20,41
4840,FOREHEAD,10,31,41
7484,DEE,2,39,41
3642,RECOMBINE,26,15,41
4287,OUTSTRETCHE,16,25,41
3754,REMAPPE,24,17,41
3396,EXTIRPATE,33,8,41
10274,FOLIO,1,40,41
5871,ALEXA,5,36,41
12310,STORYBOOK,1,40,41
7575,DEV,2,39,41
3908,TAKEDOWN,21,20,41
4525,NERF,13,28,41
7779,BUSY,2,39,41
8029,OH,2,39,41
3811,DEFAME,23,18,41
9097,VINTAGE,1,40,41
4004,EDIFY,20,21,41
6661,FESTER,3,38,41
10813,ACORN,1,40,41
3569,PRECOOK,28,13,41
3857,GRANULATE,22,19,41
8444,LUTE,2,39,41
3302,TRANSCRIPTE,36,5,41
4053,FISTE,19,22,41
5204,UNPLANNE,8,33,41
4026,SHRIVEL,19,22,41
6070,CARBON,5,36,41
4817,TYPIFY,10,31,41
5328,MUY,7,34,41
11512,RIVALRY,1,40,41
3232,BOOKENDE,38,3,41
3384,PREDEFINE,33,8,41
3798,REANALYZE,23,18,41
3846,REINTERPRET,22,19,41
12565,DEMON,1,40,41
4019,UNPROTECTED,19,21,40
3491,ENCAMP,30,10,40
9362,A.M.,1,39,40
12201,ELA,1,39,40
8012,SULLIVAN,2,38,40
9600,REF,1,39,40
11174,BISHOP,1,39,40
6456,BULGE,4,36,40
8258,13,2,38,40
4777,GLITTER,10,30,40
3274,LANDFILLE,36,4,40
3958,YORKTOWN,21,19,40
5486,APPLICATE,6,34,40
9157,GNOME,1,39,40
5281,VENEER,7,33,40
7544,LEAPT,2,38,40
3676,SCHE,25,15,40
4831,AGGRESS,10,30,40
3890,WEATHERIZE,22,18,40
3844,LOUVERE,22,18,40
3551,UNDERREPRESENTE,28,12,40
3617,VOLUNTOLD,27,13,40
10531,SOAP,1,39,40
10276,STEADY,1,39,40
9997,LEAVIN,1,39,40
4001,ARBITRATE,20,20,40
5718,MISCOUNT,6,34,40
5266,TOUGHEN,7,33,40
5914,PIPELINE,5,35,40
3559,BAMBOOZLE,28,12,40
3623,REPATRIATE,26,14,40
5764,PENSION,5,35,40
6977,TARDE,3,37,40
6440,RETRACE,4,36,40
7658,DUNCAN,2,38,40
3932,CANNIBALIZE,21,19,40
3201,INFATUATE,39,1,40
12631,RAND,1,39,40
11668,ALLERGY,1,39,40
3781,ANNUL,23,17,40
3321,GLIB,35,5,40
4216,PRIMA,17,23,40
4156,SPLITTE,17,23,40
3746,REHOUSE,24,16,40
3367,FRACKE,34,5,39
11233,CT,1,38,39
4524,ASPIRATE,13,26,39
3756,SYNCHE,24,15,39
5751,ARCADE,5,34,39
11034,BUNSEN,1,38,39
4123,EMBEZZLE,18,21,39
3607,ANODIZE,27,12,39
10798,PRICEY,1,38,39
3370,EMACIATE,34,5,39
4695,TORQUE,11,28,39
11495,QUI,1,38,39
5681,OVERWINTER,6,33,39
5390,IMPERSONATE,7,32,39
5114,FAVOUR,8,31,39
4059,REINITIATE,19,20,39
3331,FOIST,35,4,39
6116,PLUMP,4,35,39
7153,EMOTE,3,36,39
9228,BUREAU,1,38,39
3837,SHIPWRECK,23,16,39
7861,FLICKER,2,37,39
6379,ALFRE,4,35,39
8455,CONSENSUS,2,37,39
9405,PAMELA,1,38,39
3993,AFFRONT,20,19,39
3895,UNSTRUCTURED,22,17,39
4296,FALEN,16,23,39
4443,DEMISE,14,25,39
5957,TYRE,5,34,39
3421,TARPE,32,7,39
9901,OOZE,1,38,39
8328,WIKI,2,37,39
10935,TINK,1,38,39
4701,FATTEN,11,28,39
4414,SHIRR,14,25,39
3482,ALPHABETIZE,30,9,39
9326,COOKBOOK,1,38,39
5018,CAFFEINATE,9,30,39
5461,TOOT,6,33,39
10670,SOLE,1,37,38
7956,SUBMARINE,2,36,38
3615,ENTOMB,27,11,38
7828,FABLE,2,36,38
4514,PLATEN,13,25,38
5148,DISINCENTIVIZE,8,30,38
5226,HOMERED,8,30,38
4069,SMUSHE,19,19,38
5183,ESCHEW,8,30,38
6944,FISSURE,3,35,38
5078,GIN,8,30,38
6793,BRANDISH,3,35,38
7981,BIRDIE,2,36,38
6187,GANGA,4,34,38
6950,CLAMOR,3,35,38
3792,BLACKTOPPE,23,15,38
10260,LICENSEE,1,37,38
5447,BOBBED,7,31,38
5230,REGALE,8,30,38
7701,UNHOOK,2,36,38
6445,WINCH,4,34,38
6721,TARIFF,3,35,38
5996,NAUGHT,5,33,38
4982,CUMULATE,9,29,38
11501,TOWEL,1,37,38
9489,SILVERADO,1,37,38
4889,MALT,10,28,38
4344,MENTE,15,23,38
5123,MERCHANDISE,8,30,38
6076,BUSTLE,5,33,38
4009,WORKSHOPPE,20,18,38
4464,PROSTITUTE,13,25,38
4214,SOD,17,21,38
4390,GEOCODE,14,24,38
3474,HOODWINK,30,8,38
7073,CROSSFIT,3,34,37
4155,SWINDLE,17,20,37
5853,ENFORCEMENT,5,32,37
4496,EIATE,13,24,37
3337,BACKORDERE,35,2,37
7078,RACER,3,34,37
4358,MORTAR,15,22,37
6217,SIKE,4,33,37
5958,AIRCREW,5,32,37
11066,PENNDOT,1,36,37
4438,WEIRDE,14,23,37
4324,SNUB,15,22,37
10963,IMANI,1,36,37
6813,HUNGER,3,34,37
7102,PLAYBACK,3,34,37
5998,REMASTERE,5,32,37
3998,BOSSED,20,17,37
7306,TARP,2,35,37
7504,LEATHER,2,35,37
8500,AB,2,35,37
3782,GIVIN,23,14,37
5709,CORSET,6,31,37
4554,PREFINISHE,13,24,37
4625,SMUDGE,12,25,37
6710,FITZY,3,34,37
5610,THOROUGHBRED,6,31,37
12334,RECOVERY,1,36,37
5650,CORNFIELD,6,31,37
3778,STRICTE,23,14,37
3544,PROSCRIBE,28,9,37
5305,SHOOTIN,7,30,37
6557,RELEARN,3,34,37
9874,SHRIEK,1,36,37
3882,EVISCERATE,22,15,37
5544,UNFORCED,6,31,37
5161,MINORE,8,29,37
5384,DISDAIN,7,30,37
3573,PREMEDITATE,28,9,37
9934,DIRE,1,36,37
11310,FURTHEST,1,35,36
3535,AMENITIZE,29,7,36
4847,LIVEN,10,26,36
4677,CHESTE,11,25,36
6348,FLOSS,4,32,36
11594,MUSTARD,1,35,36
7285,CPA,2,34,36
7145,STRUM,3,33,36
11669,MICHIGAN,1,35,36
9669,EILEEN,1,35,36
3757,WHOLEHEARTE,24,12,36
3439,REDISTRICTE,31,5,36
8151,QUAKE,2,34,36
7124,STRAIGHTFORWARD,3,33,36
4999,MORN,9,27,36
4352,CROSSTOWN,15,21,36
9109,GRANDE,1,35,36
6401,JO,4,32,36
8496,FLAUNT,2,34,36
3840,UNOPENED,22,14,36
5179,WRETCHE,8,28,36
6158,LIBEL,4,32,36
9812,DEFO,1,35,36
9477,CAREGIVER,1,35,36
5140,ELUCIDATE,8,28,36
3738,DECLASSIFY,24,12,36
4453,PILFER,13,23,36
4838,TRANSLUCENT,10,26,36
3570,REUTILIZE,28,8,36
4686,ALLIGATOR,11,25,36
7853,DWELT,2,34,36
12105,DAVIT,1,35,36
8164,VIE,2,34,36
5371,MOJO,7,29,36
5937,SPURT,5,31,36
4100,CARJACK,18,18,36
4535,PLUNDER,13,23,36
3930,PRETREATE,21,15,36
3772,EMBLAZON,24,12,36
5850,CLOT,5,31,36
6529,CLOWN,4,32,36
5527,DISTRAUGHT,6,30,36
9614,ANGA,1,35,36
7191,DRAWL,3,33,36
5697,BOUQUET,6,30,36
9370,SOKOL,1,35,36
5541,MUNCH,6,30,36
8206,SOY,2,33,35
5415,DEPLORE,7,28,35
10764,DEFUSE,1,34,35
5075,CHIDE,8,27,35
5735,UNEXPECTED,5,30,35
4731,SAWDUST,11,24,35
3700,HALVE,25,10,35
7350,KETTLE,2,33,35
5868,ALLURE,5,30,35
5405,FREEBIE,7,28,35
6082,TORGERSEN,5,30,35
4068,ENTHRONE,19,16,35
4368,VIRTUALIZE,15,20,35
3902,IMBALANCE,21,14,35
7908,THAR,2,33,35
6774,REMAINDER,3,32,35
4314,ABET,15,20,35
10273,20,1,34,35
11796,IMMA,1,34,35
6295,BATTEN,4,31,35
4680,IMPEL,11,24,35
4270,DENSIFIE,16,19,35
3636,ENSCONCE,26,9,35
7734,BOLADO,2,33,35
8283,RAD,2,33,35
4393,ABROGATE,14,21,35
4598,ACCRETE,12,23,35
7303,STANDBY,2,33,35
3428,IMMUNOCOMPROMISE,32,3,35
10152,SHARPENER,1,34,35
3633,UNTITLE,26,9,35
3429,ADULTERATE,32,3,35
4154,REINTERRE,17,18,35
4763,KG,11,24,35
4235,ADDUCE,16,19,35
11768,STIFF,1,34,35
7603,TRANSVERSE,2,33,35
4136,CASTRATE,18,17,35
8733,CLINK,1,34,35
6847,SCREECH,3,32,35
5210,ENVISAGE,8,27,35
8221,GORGE,2,33,35
4145,FAYE,18,17,35
3375,PREORDAIN,33,1,34
3770,CONSTIPATE,24,10,34
4139,FINESSE,18,16,34
5992,HURTLE,5,29,34
3668,HECKLED,26,8,34
4129,DEMOBILIZE,18,16,34
3873,IMPALE,22,12,34
3940,DEJECT,21,13,34
11902,HILLTOP,1,33,34
7352,INVESTOR,2,32,34
4600,SIDESWIPE,12,22,34
10710,SCHIZOPHRENIA,1,33,34
5021,INVERSE,9,25,34
9981,SIMPLE,1,33,34
3553,REACQUAINT,28,6,34
7481,NUKE,2,32,34
7211,RS.20,3,31,34
4013,WATERTOWN,20,14,34
8834,FLAIL,1,33,34
11108,AXLE,1,33,34
8020,LISANNA,2,32,34
3893,HERNIATE,22,12,34
5516,ZIPPER,6,28,34
8338,GINGERBREAD,2,32,34
6559,TRUSS,3,31,34
6930,NICHE,3,31,34
4078,BEVEL,19,15,34
4653,SHAILEN,12,22,34
7762,RANKLE,2,32,34
8356,DOORBELL,2,32,34
5096,DRIVIN,8,26,34
7753,MAY,2,32,34
5661,PRETTY,6,28,34
10118,ASAP,1,33,34
12080,DESCENT,1,33,34
7114,CARETAKER,3,31,34
3621,CCSD,27,7,34
6767,FATHOM,3,31,34
3542,FRAZZLE,28,6,34
6241,TEMPLE,4,30,34
4827,PIMP,10,24,34
4543,PISTOL,13,21,34
4830,ENAMEL,10,24,34
7697,ELECTION,2,32,34
7300,TEMPE,2,31,33
4407,NUMERATE,14,19,33
4825,PLOUGH,10,23,33
10926,DAAÉ,1,32,33
3929,SPECK,21,12,33
4676,LIBERALIZE,11,22,33
6362,POSLE,4,29,33
8515,DSS,2,31,33
5102,GAMMA,8,25,33
4928,ABSCOND,9,24,33
6959,FLOUNDER,3,30,33
6232,STOPLIGHT,4,29,33
6416,DECRY,4,29,33
11184,STAMMER,1,32,33
7659,SUN,2,31,33
4755,PROCREATE,11,22,33
4002,DISFIGURE,20,13,33
8267,AMERICAN,2,31,33
3463,LUKEWARM,31,2,33
6463,RABBI,4,29,33
3512,CAPITATE,29,4,33
4023,XED,19,14,33
6987,RUSE,3,30,33
4015,REAPPROVE,19,14,33
6830,SUEDE,3,30,33
5193,T4,8,25,33
4907,GRUB,9,24,33
4043,DISAFFECT,19,14,33
8937,PO,1,32,33
4310,SNARL,15,18,33
11502,ENT,1,32,33
3500,REINFECTE,30,3,33
12444,DIRKSEN,1,32,33
7551,LUST,2,31,33
5602,PODIUM,6,27,33
6894,ORNAMENT,3,30,33
3545,RECLASSE,28,5,33
4179,BUFFET,17,16,33
6512,PROVOST,4,29,33
7600,SLOG,2,31,33
5652,FOAM,6,27,33
5664,CLAM,6,27,33
8254,16,2,31,33
4257,CUTTE,16,17,33
5896,REPROGRAM,5,28,33
5567,ADVERT,6,27,33
4561,UNWRITTEN,12,21,33
11720,OYSTER,1,31,32
4232,REDECORATE,16,16,32
5370,UNFURL,7,25,32
3710,ROSTERE,25,7,32
3853,REHOME,22,10,32
5452,MCALLEN,7,25,32
11707,PRODUCTION,1,31,32
8322,TRELLIS,2,30,32
3448,DYSREGULATE,31,1,32
3786,DAZE,23,9,32
6113,VAUNT,4,28,32
11841,SLITHER,1,31,32
5514,MICHAELA,6,26,32
9080,SHANELL,1,31,32
7304,CASHIER,2,30,32
4994,KICKIN,9,23,32
5359,POLLEN,7,25,32
5282,CERF,7,25,32
3603,CIRCUMSCRIBE,27,5,32
6137,MASTERMIND,4,28,32
4092,LIGHTHEADE,18,14,32
4200,WWW,17,15,32
11472,WESTERN,1,31,32
11466,LIL,1,31,32
5167,GED,8,24,32
12256,BARRACK,1,31,32
4725,UNTANGLE,11,21,32
11112,PRECEPT,1,31,32
3978,DECAPITATE,20,12,32
5556,IME,6,26,32
3675,REINCORPORATE,25,7,32
4789,GREENFIELD,10,22,32
5113,CENTERFIELD,8,24,32
4467,EFFLUENT,13,19,32
5931,ANALYSE,5,27,32
7775,DAFFODIL,2,30,32
6764,PERFUME,3,29,32
6405,BASIL,4,28,32
3730,HANDPICKE,24,8,32
5898,IMMEDIATE,5,27,32
5043,RVS,9,23,32
3713,ENGRAINE,25,7,32
5819,TRANSECT,5,27,32
3543,DISPOSSESS,28,4,32
6788,POM,3,29,32
7804,AQUA,2,30,32
5955,GOOSEBUMP,5,27,32
5598,MOISTEN,6,26,32
4343,HYBRIDIZE,15,16,31
11280,MICHELA,1,30,31
4997,PULP,9,22,31
11278,CURRITUCK,1,30,31
5455,CORNERBACK,6,25,31
4679,PROFESSIONALIZE,11,20,31
4107,REIMPLEMENTE,18,13,31
4365,WOODSHE,15,16,31
5837,VOWEL,5,26,31
4033,RESEED,19,12,31
11342,OATMEAL,1,30,31
10489,MIGHTA,1,30,31
3688,REINSERTE,25,6,31
5752,TRI,5,26,31
4164,STEWARDE,17,14,31
3913,IMPASSIONE,21,10,31
4217,HARDY,17,14,31
6945,PATROLMAN,3,28,31
5614,UNHOOKED,6,25,31
3743,SURVEILLE,24,7,31
5622,CLASP,6,25,31
4095,COLOUR,18,13,31
5659,NEWBORN,6,25,31
4565,IMPUGN,12,19,31
3449,REEMPLOYE,31,0,31
6040,UNALLOCATE,5,26,31
6772,TROLLEY,3,28,31
4039,RELISTE,19,12,31
9406,BEGGAR,1,30,31
4834,SOCIATE,10,21,31
5597,HTML,6,25,31
10306,KINASE,1,30,31
6189,GIVER,4,27,31
3581,FLUMMOXED,27,4,31
5034,CONTORT,9,22,31
3965,INFIRME,20,11,31
4121,LAMBAST,18,13,31
7388,COPPER,2,29,31
5493,MIDFIELD,6,25,31
5672,CYCLONE,6,25,31
11681,HELEN,1,30,31
5329,VIDE,7,24,31
8260,PEP,2,29,31
4469,PROPOSITION,13,18,31
9082,SQUIRM,1,30,31
10884,SHIMMY,1,30,31
4882,SEAM,10,21,31
7039,LATHER,3,28,31
7599,AMBLE,2,29,31
4011,PILEATE,20,11,31
10544,1,1,30,31
9460,HARBOUR,1,30,31
5209,OVERNIGHTE,8,23,31
4790,DISSOCIATE,10,21,31
3790,PRELOADE,23,8,31
4058,TAZE,19,11,30
6608,ENTIRE,3,27,30
5001,BOTS,9,21,30
3963,PLIGHT,20,10,30
8876,ENZYME,1,29,30
7788,TELESCOPE,2,28,30
6452,ATONE,4,26,30
3760,GLOBALIZE,24,6,30
3817,TRANSFIX,23,7,30
8146,EGAN,2,28,30
4660,FINALE,11,19,30
5683,RUMINATE,6,24,30
4466,GEEKE,13,17,30
6455,AVAILA,4,26,30
5836,ALPHABET,5,25,30
9701,OATS,1,29,30
5275,BALLFIELD,7,23,30
9518,GUSTA,1,29,30
10861,SUSIE,1,29,30
5831,SLIM,5,25,30
4459,POTTY,13,17,30
4530,UNAFFILIATE,13,17,30
7004,LASSIE,3,27,30
10896,CHATTER,1,29,30
5292,EASY,7,23,30
7140,AWW,3,27,30
7142,CRACKLE,3,27,30
6419,CNS,4,26,30
4961,LAVISH,9,21,30
5852,BACKWASH,5,25,30
9738,HADDOCK,1,29,30
4077,LANCED,19,11,30
7032,WHIFF,3,27,30
5027,DECRYPT,9,21,30
4328,DEPRECATE,15,15,30
10251,FLASHLIGHT,1,29,30
4802,BLOB,10,20,30
3789,INTERLINK,23,7,30
4182,UNADDRESSE,17,13,30
5035,MINIVAN,9,21,30
3990,TERMINE,20,10,30
8034,UNCLASSIFIED,2,28,30
4012,TRANSFIGURED,20,10,30
8064,CONJECTURE,2,28,30
12208,KOTA,1,29,30
3681,BLACKLIST,25,5,30
5725,PEPPERCORN,6,24,30
4384,SCAVENGE,14,16,30
7952,ANTONSEN,2,28,30
6358,DRAWDOWN,4,26,30
6140,VEN,4,25,29
4692,REFRACT,11,18,29
11148,FOXHOLE,1,28,29
4415,RUMOUR,14,15,29
10567,ECOLI,1,28,29
4979,INTERPOLATE,9,20,29
4577,SITTE,12,17,29
3917,ADJUDGE,21,8,29
5828,TELEPORT,5,24,29
3808,REVALUATE,23,6,29
7435,BRINDLE,2,27,29
8952,JOCKEY,1,28,29
4903,HICKEN,10,19,29
4739,INCARNATE,11,18,29
6771,CHIT,3,26,29
3622,SHOOKEN,27,2,29
3669,SAWN,26,3,29
5361,BLOAT,7,22,29
3695,FDA,25,4,29
4224,ASSE,16,13,29
4151,REDHEADE,17,12,29
5020,RUNNIN,9,20,29
4188,SPOOF,17,12,29
4048,RECONVERT,19,10,29
6022,SD0,5,24,29
5354,REOFFENDE,7,22,29
3880,WRACK,22,7,29
4237,SCALD,16,13,29
7227,PROFICIENT,3,26,29
4474,INTERLACE,13,16,29
5313,REEN,7,22,29
11192,LOCUST,1,28,29
11599,FLUID,1,28,29
5227,ACCEDE,8,21,29
8430,SPAM,2,27,29
11602,GOSPEL,1,28,29
4449,HALSTE,14,15,29
7479,PORTEND,2,27,29
4848,SNUG,10,19,29
5755,TURD,5,24,29
9779,ONSEN,1,28,29
7368,INGLEWOOD,2,27,29
11305,EKE,1,28,29
5392,VACILLATE,7,22,29
6467,PORN,4,25,29
12030,HEADFIRST,1,28,29
4480,OXYGENATE,13,16,29
4354,RETYPE,15,14,29
7232,LONGMEADOW,3,26,29
8487,SH,2,27,29
4452,REFLAGGE,14,15,29
7231,JAVE,3,26,29
9475,MANAGEMENT,1,28,29
4499,MC,13,15,28
4940,SCRAWL,9,19,28
4700,CRAVEN,11,17,28
5303,CORKSCREW,7,21,28
7948,CAPITULATE,2,26,28
3644,AWESTRUCK,26,2,28
4582,ENCRUST,12,16,28
6262,DILAUDID,4,24,28
5144,BACKDATE,8,20,28
4027,BETROTH,19,9,28
11397,CRAFTER,1,27,28
4006,TUCKER,20,8,28
6746,THRONE,3,25,28
11284,TOUCHSCREENS,1,27,28
8721,SPLENDOR,1,27,28
8425,CALICO,2,26,28
4589,INTELLIGENCE,12,16,28
4181,DISFAVOR,17,11,28
5854,MISTRUST,5,23,28
3849,HABITUATE,22,6,28
6637,CLICHE,3,25,28
4983,UNLISTED,9,19,28
4526,STALEMATE,13,15,28
4238,BLOCKADE,16,12,28
3673,MISCLASSIFIE,25,3,28
9198,STRONG,1,27,28
11638,STYROFOAM,1,27,28
5126,MEMBERE,8,20,28
10046,CLEARANCE,1,27,28
4102,SLIMME,18,10,28
4705,EXTOLL,11,17,28
5421,ASHAME,7,21,28
6620,ARSE,3,25,28
9808,SCREENSHOT,1,27,28
3747,OUTMODE,24,4,28
4494,SCUFFED,13,15,28
4338,WHELM,15,13,28
3827,CANONIZE,23,5,28
8577,BRIM,1,27,28
10508,UNFINISHE,1,27,28
8176,RELIGHT,2,26,28
5093,PADLOCK,8,20,28
7273,CRATER,2,26,28
8474,DEKE,2,26,28
4193,FLEECE,17,11,28
4388,VENERATE,14,14,28
4332,SMOOSHE,15,13,28
4387,IDEALIZE,14,14,28
7942,CRUNCHER,2,26,28
4774,REYNOLD,10,18,28
4645,LECTE,12,16,28
8491,OSHA,2,26,28
7539,BACKFIELD,2,26,28
12303,ENOS,1,26,27
3936,UNDERGIRDED,21,6,27
4681,ABLATE,11,16,27
4826,REACQUIRE,10,17,27
4223,TRIALE,16,11,27
4684,MASQUERADE,11,16,27
4483,COUNTERBALANCE,13,14,27
4272,HOTBE,16,11,27
10980,ANATOMY,1,26,27
11307,GUNNER,1,26,27
11784,BLACKWELL,1,26,27
10932,WAKEY,1,26,27
5231,SHOWDOWN,8,19,27
3639,INDISPOSE,26,1,27
7650,RFPS,2,25,27
5515,SLOUCH,6,21,27
9360,EQUITY,1,26,27
6032,TEQUILA,5,22,27
6409,LMTV,4,23,27
4304,REGGIE,15,12,27
5414,LARVAE,7,20,27
4808,EARE,10,17,27
4865,TRIVIALIZE,10,17,27
5007,INFLECT,9,18,27
10026,CAMPFIRE,1,26,27
9832,IMP,1,26,27
4137,VITRIFY,18,9,27
4609,ANONYMIZE,12,15,27
6678,CASO,3,24,27
4141,DEFIBRILLATE,18,9,27
4054,GREY,19,8,27
4430,REVEN,14,13,27
3850,TRAILERE,22,5,27
9936,SOLACE,1,26,27
11964,AU,1,26,27
5518,INCONSISTENCY,6,21,27
5976,STARCH,5,22,27
5042,ACCURSE,9,18,27
3751,UNDERPREPARED,24,3,27
5501,DISK,6,21,27
12353,FRUCTOSE,1,26,27
3865,TING,22,5,27
4558,ISSAQUAH,13,14,27
5411,REQUITE,7,20,27
5402,WAKEN,7,20,27
7129,UNBLOCK,3,24,27
4112,OVERDRAFTE,18,9,27
6924,BROOM,3,24,27
4317,PREFORM,15,12,27
5327,IFIE,7,20,27
5330,OVERPLAY,7,20,27
5081,BUGGER,8,19,27
6166,SPADE,4,23,27
5338,MIDDLETOWN,7,20,27
5350,UNDISTURBED,7,20,27
4978,DESICCATE,9,18,27
4618,RELINE,12,15,27
4458,REENTERE,13,14,27
11478,PTC,1,26,27
7134,SIVERTSEN,3,24,27
7841,MOVIN,2,25,27
3826,SEXUALIZE,23,4,27
11031,DEPLOYMENT,1,26,27
6108,INTERWEAVE,4,23,27
4218,ASSAIL,17,10,27
7848,TWIT,2,25,27
4064,UNBROKEN,19,8,27
4327,JETTISONED,15,12,27
6800,ODDEST,3,23,26
4166,SANDSTONE,17,9,26
6375,WIZARD,4,22,26
4128,OVERMATCHE,18,8,26
6863,FEIGN,3,23,26
3720,UNDERUSE,24,2,26
3728,SHORN,24,2,26
4900,MIST,10,16,26
6658,COWER,3,23,26
4241,SQUELCH,16,10,26
11077,JURY,1,25,26
5901,CORK,5,21,26
6031,PHYSIO,5,21,26
8115,MERCI,2,24,26
4463,SUCCINCT,13,13,26
7574,SULFATE,2,24,26
4454,TRUMPET,13,13,26
9729,OKOBOJI,1,25,26
5701,SYPHILI,6,20,26
4736,INITIALIZE,11,15,26
7747,QUEER,2,24,26
8163,TWITTER,2,24,26
3997,MISREPORTE,20,6,26
5641,TO,6,20,26
4082,DISBAR,19,7,26
7421,BUMBLE,2,24,26
9473,REGROW,1,25,26
5941,OUTSMART,5,21,26
10060,KEYNOTE,1,25,26
4989,FICTIONALIZE,9,17,26
5951,HILDEBRANDT,5,21,26
4409,UNINSURED,14,12,26
5175,STAMPEDE,8,18,26
7238,FRIESEN,3,23,26
10907,SHEER,1,25,26
5880,BOWEL,5,21,26
4087,DERIDE,18,8,26
11862,EE,1,25,26
3955,STARSTRUCK,21,5,26
5288,METASTASIZE,7,19,26
9544,SEPTEMBERF,1,25,26
10940,DEVOUT,1,25,26
6223,MISTIME,4,22,26
9358,HPC,1,25,26
10230,BANJO,1,25,26
3655,DISPROVEN,26,0,26
3783,UNDERWHELME,23,3,26
9948,BADE,1,25,26
7028,EDITORIALIZE,3,23,26
3968,REAPPORTION,20,6,26
12099,SHAKER,1,24,25
8456,POTTER,2,23,25
8499,LOCOCO,2,23,25
11629,SPRIG,1,24,25
6726,STEED,3,22,25
5590,UNDIVIDE,6,19,25
4560,ELUTE,12,13,25
9407,GOUKEN,1,24,25
11159,EERIE,1,24,25
4493,FRISK,13,12,25
12408,PARLOUR,1,24,25
4398,BACKCOURT,14,11,25
3748,TOOKEN,24,1,25
5548,MONOPOLY,6,19,25
9958,TRIKE,1,24,25
8446,REALITY,2,23,25
5613,HITTE,6,19,25
5739,WINIFRE,5,20,25
4546,STOREY,13,12,25
5079,CAJOLE,8,17,25
4918,REPRIEVE,9,16,25
5806,MUSKY,5,20,25
10182,SLEET,1,24,25
6784,PAPERBACK,3,22,25
7793,COHABITATE,2,23,25
4782,SIDERE,10,15,25
5897,FAWN,5,20,25
4851,IODIZE,10,15,25
8570,WAGGLE,1,24,25
6715,SEGWAYE,3,22,25
10358,MUSE,1,24,25
5059,REZA,9,16,25
7738,CAROM,2,23,25
4148,DERANGE,17,8,25
4510,BUTE,13,12,25
11601,ARO,1,24,25
6741,THUNK,3,22,25
7664,WAZ,2,23,25
6104,CAROTID,4,21,25
6320,PAPARAZZI,4,21,25
6122,MSG,4,21,25
9804,GLORY,1,24,25
4615,CELLE,12,13,25
4093,LASERE,18,7,25
4070,REABSORB,19,6,25
9647,PARKWOOD,1,24,25
6208,RAVEN,4,21,25
4110,INCREMENTE,18,7,25
9786,CURSOR,1,24,25
10854,CARPOOLE,1,24,25
6036,TRANCE,5,20,25
6551,STEIN,3,22,25
7109,BREWSKI,3,22,25
6579,SAUNTER,3,22,25
9739,COZ,1,24,25
5372,CLEAT,7,18,25
9493,FINNA,1,24,25
5212,DEIGN,8,17,25
11830,GRANDVIEW,1,24,25
9718,PLACEHOLDER,1,24,25
4113,OUTGUNNE,18,7,25
3830,UNEQUALE,23,2,25
6582,IMMUNE,3,22,25
6859,SPLAY,3,22,25
4250,RENOWN,16,9,25
4331,IRRADIATE,15,10,25
5503,TROWEL,6,19,25
12215,KIDNEY,1,24,25
5267,AUGHT,7,18,25
6069,DCE,5,20,25
6655,CONJUGATE,3,22,25
8737,UNDULATE,1,24,25
3864,EMBATTLE,22,3,25
12440,NEO,1,24,25
6984,GLEAM,3,22,25
9820,N,1,24,25
6490,SLUDGE,4,21,25
6325,MANNERED,4,21,25
3795,NEWFANGLE,23,1,24
3933,PRIORITISE,21,3,24
4758,BACKLOG,11,13,24
5309,BUTTRESS,7,17,24
4161,CUSTOME,17,7,24
5731,FRENCH,5,19,24
11141,SCHENECTADY,1,23,24
4673,SWOLLEN,11,13,24
8856,CREPE,1,23,24
4915,POSTULATE,9,15,24
4275,UNFETTERED,16,8,24
12274,PT,1,23,24
4170,SITU,17,7,24
6668,PERM,3,21,24
4189,RECOATE,17,7,24
5494,BAREHANDE,6,18,24
4603,UNSEAT,12,12,24
5580,AFOREMENTIONE,6,18,24
9854,UNWANTED,1,23,24
9467,UNDERBID,1,23,24
3838,GOBSMACKE,23,1,24
11295,CAMPY,1,23,24
3831,OVERWRITTEN,23,1,24
6441,RDA,4,20,24
4523,SUSSE,13,11,24
10126,JUKE,1,23,24
5667,SEDIMENT,6,18,24
5119,MISTYPE,8,16,24
6449,JIG,4,20,24
5685,BARD,6,18,24
9492,SQUABBLE,1,23,24
4634,LACQUER,12,12,24
8371,BONFIRE,2,22,24
5391,DRE,7,17,24
5239,REGISTRATE,8,16,24
11368,KIA,1,23,24
7431,TEETER,2,22,24
6303,CYA,4,20,24
7483,LAR,2,22,24
9252,BAM,1,23,24
6880,UNDESIGNATED,3,21,24
6382,GIRDLE,4,20,24
8566,SUNDAE,1,23,24
12593,SAWCHUCK,1,23,24
4788,SAVIN,10,14,24
3999,NAUSEATE,20,4,24
10556,TEA,1,23,24
3981,FINALISE,20,4,24
7101,TIS,3,21,24
5933,LIME,5,19,24
7338,TRIBAL,2,22,24
9149,HEMORRHAGE,1,23,24
7394,COTTON,2,22,24
4938,CORSI,9,15,24
4298,GRIDDE,16,8,24
6890,DECOY,3,21,24
6316,FRIGGIN,4,20,24
4050,BROADSIDE,19,5,24
6823,CERVEZA,3,21,24
3950,TASERE,21,3,24
10917,LINGO,1,23,24
10350,MANIKIN,1,23,24
9357,DOWDY,1,23,24
6776,ROMANCE,3,21,24
4877,UNDETECTE,10,14,24
5011,SPLINT,9,15,24
4347,DECHLORINATE,15,9,24
5793,TACKY,5,19,24
11858,DESI,1,23,24
4320,SOLARIZE,15,9,24
4080,OVERINFLATE,19,5,24
4933,JOSTLE,9,15,24
8654,LENAY,1,23,24
7513,GULCH,2,22,24
6024,ASTERISK,5,19,24
10981,POLO,1,23,24
5796,WILLIN,5,19,24
4249,SHALL,16,7,23
6869,BAE,3,20,23
4981,BEDAZZLE,9,14,23
4723,HOMOGENIZE,11,12,23
4610,MERCED,12,11,23
4987,ANTAGONIZE,9,14,23
4194,REPOT,17,6,23
8076,NORI,2,21,23
8093,REPRISE,2,21,23
7136,SHIM,3,20,23
5758,SUMMARISE,5,18,23
6308,DECELERATE,4,19,23
4614,SYSTEMATIZE,12,11,23
5185,UNCOMMITTE,8,15,23
4105,RETAUGHT,18,5,23
11406,ORIG,1,22,23
6285,HEFT,4,19,23
4667,OBJECTIFY,11,12,23
4824,PREJUDGE,10,13,23
5322,FRAC,7,16,23
5324,GREENLIT,7,16,23
4221,AMERICANIZE,17,6,23
5352,INNERVATE,7,16,23
4357,INCENTE,15,8,23
10874,OLIN,1,22,23
6607,PROSE,3,20,23
12537,REFORMAT,1,22,23
4071,NEARSIGHTE,19,4,23
5383,WIZENE,7,16,23
4212,EXCOMMUNICATE,17,6,23
4124,MILLIKEN,18,5,23
8137,WRIGGLE,2,21,23
4718,MOLLIFY,11,12,23
9865,MOOD,1,22,23
6265,EMPANADAS,4,19,23
4192,PIXELATE,17,6,23
11989,SCOWL,1,22,23
4547,VOUCHERE,13,10,23
9390,ARD,1,22,23
6796,EVINCE,3,20,23
4190,RESUPPLIE,17,6,23
4906,VERTE,9,14,23
6718,USURPED,3,20,23
4923,UNOBSTRUCTED,9,14,23
9301,JAYLEN,1,22,23
12017,PRETTIEST,1,22,23
7746,EL,2,21,23
5861,FLOWERBE,5,18,23
4513,RELIT,13,10,23
5110,BUNGLE,8,15,23
12389,CLUTTER,1,22,23
5719,FESSE,6,17,23
10429,WHIMPER,1,22,23
10416,POLKA,1,22,23
10397,SHEMANSKI,1,22,23
4276,SENSATIONALIZE,16,7,23
12087,ACTA,1,22,23
8510,MASSDOT,2,21,23
7680,PRESA,2,21,23
6271,PROSTRATE,4,19,23
7865,NUTSHELL,2,21,23
5908,COMMUN,5,18,23
6000,CIVILIZED,5,18,23
6738,OPAQUE,3,20,23
6466,CHOMP,4,19,23
7892,GENTLE,2,21,23
3887,DISENCHANT,22,1,23
5015,GRATIN,9,14,23
9204,EPOXY,1,22,23
4186,LIMBE,17,6,23
10621,AGO,1,22,23
5029,ENO,9,14,23
6680,TORSO,3,20,23
3892,WATERLOGGE,22,1,23
9289,DAVEN,1,22,23
8605,RIO,1,21,22
8607,TOPIC,1,21,22
12335,DIVAN,1,21,22
10942,TANGO,1,21,22
4044,EXTROVERTE,19,3,22
8335,SWIMSUIT,2,20,22
8276,HOOF,2,20,22
7240,WOMEN,3,19,22
12304,DEFT,1,21,22
3847,SCREWY,22,0,22
11896,CIRCUMNAVIGATE,1,21,22
9045,ZUV,1,21,22
7049,OVERREACH,3,19,22
9259,GYPSY,1,21,22
4079,RADICALIZE,19,3,22
7502,CD,2,20,22
12263,SERGIO,1,21,22
11865,SCRAM,1,21,22
7776,FLIT,2,20,22
8843,DESPERATE,1,21,22
10619,TRANSACTION,1,21,22
10032,DEPT,1,21,22
10045,USTE,1,21,22
6817,CAREEN,3,19,22
3904,MULTIFOLD,21,1,22
9208,COLA,1,21,22
11041,56,1,21,22
5615,SILHOUETTE,6,16,22
5111,SAMSUNG,8,14,22
4761,CHAMFER,11,11,22
6372,SNOWY,4,18,22
5066,PUNKE,9,13,22
4776,ATOMIZE,10,12,22
5982,DUMPY,5,17,22
6042,RECLOSE,5,17,22
5778,NOSED,5,17,22
5424,GIRD,7,15,22
5031,EMULSIFY,9,13,22
5789,AHME,5,17,22
4437,DISCONTENT,14,8,22
4599,DISTEND,12,10,22
5012,TENTEN,9,13,22
4597,VEGGIE,12,10,22
4594,REFURBE,12,10,22
6237,MOLT,4,18,22
4421,WAYLAY,14,8,22
4628,SUNDER,12,10,22
4639,REPLATE,12,10,22
4369,REMUNERATE,15,7,22
4640,STRAFE,12,10,22
4696,SURMOUNT,11,11,22
4501,RUNNE,13,9,22
5235,SOMU,8,14,22
5270,REVENGE,7,15,22
5743,GLENBROOK,5,17,22
6161,WHIRL,4,18,22
4362,FOSSILIZE,15,7,22
5276,SPOOL,7,15,22
5744,WINDFALL,5,17,22
4396,GAVELE,14,8,22
5187,PRETEEN,8,14,22
5333,TROUNCE,7,15,22
4649,DRAMATIZE,12,10,22
4255,CHOCK,16,6,22
4389,DISUSE,14,8,22
4288,DEAFEN,16,6,22
5867,OBSOLETE,5,17,22
4316,INEXPERIENCED,15,7,22
5936,NTE,5,17,22
4401,ENTRAIN,14,8,22
6079,GALAVAN,5,17,22
4313,INCISE,15,7,22
5619,PAPERWEIGHT,6,16,22
5587,RESAMPLE,6,16,22
11487,TEAK,1,21,22
11500,FIDGET,1,21,22
5523,TRACTE,6,16,22
5547,UNMODIFIED,6,16,22
5948,VALET,5,16,21
5146,DISINTER,8,13,21
7112,UNFILTERED,3,18,21
6940,LYSE,3,18,21
9410,SPRITZ,1,20,21
6398,EVANGELIZE,4,17,21
9448,SMIRK,1,20,21
6699,GETCHA,3,18,21
5756,STITUTE,5,16,21
11609,DISCOURSE,1,20,21
5139,ECTE,8,13,21
4570,BAREFOOTE,12,9,21
9458,AMORE,1,20,21
9704,COVEN,1,20,21
9713,SIEMPRE,1,20,21
5351,DEBASE,7,14,21
4642,FILTRATE,12,9,21
6543,ACCESSORIZE,3,18,21
7507,LAKSA,2,19,21
6679,CALLEN,3,18,21
6257,LACERATE,4,17,21
5765,DECOMPRESS,5,16,21
4852,VANQUISH,10,11,21
7456,GLOM,2,19,21
10035,C1,1,20,21
12270,CONSIDERATE,1,20,21
7110,WALLPAPER,3,18,21
5903,PENDE,5,16,21
4378,CONCEITE,14,7,21
4446,PREARRANGE,14,7,21
5262,TWOFOLD,7,14,21
4405,GUILTE,14,7,21
4555,PALLETIZE,13,8,21
8331,VERDAD,2,19,21
8839,SINGLETON,1,20,21
5221,SUCTION,8,13,21
6752,WORKAROUND,3,18,21
8897,SUCKLE,1,20,21
5990,LIMBER,5,16,21
9517,UNIFORMED,1,20,21
11301,UNZIP,1,20,21
6558,QUERIDA,3,18,21
9662,TERE,1,20,21
5202,LEXAN,8,13,21
11299,ANTHE,1,20,21
5628,REFLUX,6,15,21
5953,DDOT,5,16,21
9491,CAFFEINE,1,20,21
4395,PIGMENT,14,7,21
4509,DISESTABLISH,13,8,21
7267,CONVOY,2,19,21
4627,TECTE,12,9,21
8948,DEVIN,1,20,21
8557,SUG,1,20,21
10120,ACCRUAL,1,20,21
5439,JEERED,7,14,21
11998,CHAFE,1,20,21
12566,VIRUS,1,20,21
4318,WRONGHEADE,15,6,21
4042,OVERDRAWN,19,2,21
4944,ACACIA,9,12,21
5409,PUERTO,7,14,21
6045,FEMININE,5,16,21
9315,NOOSE,1,20,21
7436,FROCK,2,19,21
10424,SMITE,1,20,21
9857,SUCCESSOR,1,20,21
6195,WWA,4,17,21
3909,HOUSEBROKEN,21,0,21
7818,HR,2,19,21
6662,TIMBERLAND,3,18,21
10766,CHOSE,1,20,21
4253,CHAPTERE,16,5,21
7076,INCA,3,18,21
4379,ABSCESSE,14,7,21
4583,ABRADE,12,9,21
6197,REPROACH,4,17,21
4969,UNDERHANDE,9,12,21
7125,DAP,3,18,21
12072,KILT,1,20,21
4211,TOXICATE,17,4,21
10363,DAME,1,20,21
6367,FIGHTIN,4,17,21
4822,BESMIRCH,10,11,21
5296,MISPRINT,7,13,20
7493,SEVENTEEN,2,18,20
4144,DOORE,18,2,20
4581,DAPPLE,12,8,20
5966,DEMYSTIFY,5,15,20
5705,BELABOR,6,14,20
6190,CURLEW,4,16,20
5909,ROMANTICIZE,5,15,20
5490,P2,6,14,20
5274,FONDLE,7,13,20
4531,REFOREST,13,7,20
10503,HAW,1,19,20
5250,JOURNALE,8,12,20
6185,SUCKIN,4,16,20
5440,UNMARRIED,7,13,20
4664,SEPA,11,9,20
4607,DUMBE,12,8,20
6209,SIDLE,4,16,20
4516,BIPE,13,7,20
4146,OVERDRESS,17,3,20
4150,OVERSTRESS,17,3,20
9993,LOR,1,19,20
10178,HECKLE,1,19,20
7764,DORNFELD,2,18,20
7770,EKA,2,18,20
9782,KEEPIN,1,19,20
11084,LAKH,1,19,20
5572,UNHEATED,6,14,20
4537,SULLY,13,7,20
4562,LEVELIZE,12,8,20
9982,CRISTELA,1,19,20
7065,DROOP,3,17,20
5564,BELA,6,14,20
8119,COAL,2,18,20
7423,MCNAIR,2,18,20
6878,SASS,3,17,20
4654,DOLLE,12,8,20
5950,EFF,5,15,20
6357,ECLI,4,16,20
6206,AUDIO,4,16,20
6862,SURAÍH,3,17,20
5834,SCREED,5,15,20
12400,SURREY,1,19,20
9076,WATERBE,1,19,20
10705,LONE,1,19,20
6258,FINAGLE,4,16,20
7282,UNDERSTANDED,2,18,20
10867,MOMMY,1,19,20
10367,HIREN,1,19,20
4481,REVALIDATE,13,7,20
7016,WITTE,3,17,20
5769,ILLUMINE,5,15,20
4955,WOODFIRED,9,11,20
4959,FUNCTIONALIZE,9,11,20
9057,TERESA,1,19,20
9366,BLOKE,1,19,20
7589,WHET,2,18,20
5771,DESOLATE,5,15,20
7256,LADLE,2,18,20
4366,FOREARM,15,5,20
11195,WOOL,1,19,20
6514,GRENADE,4,16,20
5057,BRIDESMAID,9,11,20
6627,HOOVER,3,17,20
5847,COAGULATE,5,15,20
5041,TRANSGRESS,9,11,20
5779,TITRATE,5,15,20
6978,ISLA,3,17,20
6537,DIAPHRAGM,4,16,20
5120,DEMOCRATIZE,8,12,20
4883,UNKEPT,10,10,20
9510,UNDERPRIVILEGED,1,19,20
4264,UNCONTAMINATE,16,4,20
7096,COMMENTATE,3,17,20
6569,CORSA,3,17,20
11783,BERKEY,1,19,20
7095,TEMPERATE,3,17,20
5195,HARRY,8,12,20
12552,WINDROW,1,19,20
4392,CHAGRIN,14,6,20
5197,RAVISH,8,12,20
5841,DEWY,5,15,20
10268,DAT,1,19,20
6470,PUCKER,4,16,20
6426,TOURISM,4,16,20
6094,CLAISEN,4,16,20
6220,CUTOFF,4,15,19
11523,REND,1,18,19
6517,GLAMORIZE,4,15,19
4894,LETTIN,10,9,19
4476,DISCONCERT,13,6,19
7148,VOLLEY,3,16,19
5890,NOMINAL,5,14,19
7135,UNINTERRUPTED,3,16,19
9877,WAITIN,1,18,19
4142,MIGHT,18,1,19
6192,BOOZE,4,15,19
6835,UNANTICIPATE,3,16,19
4605,STREAMBE,12,7,19
6352,ROVE,4,15,19
7786,CLATTER,2,17,19
4334,DISEMPOWERE,15,4,19
8830,GER,1,18,19
5918,SOPHISTICATED,5,14,19
5489,SF1,6,13,19
7217,AUGUR,3,16,19
6083,RMU,5,14,19
4836,EXTERNALIZE,10,9,19
4342,COCKEYE,15,4,19
5811,FILLET,5,14,19
4534,CULL,13,6,19
6544,SHIR,3,16,19
10088,ADIDA,1,18,19
10365,L4,1,18,19
7586,BACKBOARD,2,17,19
5529,LEVITATED,6,13,19
4308,UNQUESTIONE,15,4,19
9022,OUTPATIENT,1,18,19
8742,KANGA,1,18,19
10031,CHERRYBROOK,1,18,19
6091,GNASH,4,15,19
8003,DC,2,17,19
6073,STREETE,5,14,19
5820,DEADEN,5,14,19
7896,ANCESTRY,2,17,19
4104,SUBSERVIENT,18,1,19
5742,DAHL,5,14,19
10461,SCRAPBOOK,1,18,19
5706,MANDE,6,13,19
5747,FLAKED,5,14,19
9353,SLUM,1,18,19
4765,DOGSLE,11,8,19
5088,LEXIE,8,11,19
7705,EMPHASISE,2,17,19
6139,MINORITY,4,15,19
10194,ODA,1,18,19
7060,BOOBY,3,16,19
6141,FLAVOUR,4,15,19
11425,SHAG,1,18,19
4177,SCANDALIZE,17,2,19
4624,MONOUNSATURATE,12,7,19
4037,TRIFLE,19,0,19
8385,HEB,2,17,19
10220,DHEC,1,18,19
8393,BLIP,2,17,19
4742,VECTORE,11,8,19
4717,SKEWER,11,8,19
11979,VILLAGER,1,18,19
5340,BEBE,7,12,19
5967,ADEPT,5,14,19
5757,TABLISHE,5,14,19
4769,UNDERPOWERED,10,9,19
5687,FELDSPAR,6,13,19
8086,HAGERSTOWN,2,17,19
6359,PROFANE,4,15,19
5443,METAMORPHOSE,7,12,19
6302,INTERPOSE,4,15,19
4691,GLITZY,11,8,19
5265,BANKROLL,7,12,19
7870,UNWEIGHTED,2,17,19
9828,BETTY,1,18,19
5432,MEDUSA,7,12,19
4787,RAMRODDE,10,9,19
12089,FERRE,1,18,19
4785,MORALIZE,10,9,19
4781,MIFF,10,9,19
5208,WRISTE,8,11,19
8124,UV,2,17,19
9319,PALANCA,1,18,19
6923,BLEAT,3,16,19
8268,SACRIFIE,2,17,19
7857,LUGGED,2,16,18
12095,CLANG,1,17,18
7564,SUBSIST,2,16,18
5720,ANNEAL,6,12,18
5682,CRIB,6,12,18
6292,MECHANIZE,4,14,18
6286,UNLEADE,4,14,18
5893,ANALOGIZE,5,13,18
4103,TUNGSTEN,18,0,18
4517,RESUSPEND,13,5,18
4508,CASTIGATE,13,5,18
5859,DEPRESSURIZE,5,13,18
4477,ACCULTURATE,13,5,18
7799,RIFF,2,16,18
5862,CONSTELLATE,5,13,18
12058,WHELK,1,17,18
4346,INCEPTE,15,3,18
5803,ANGUISH,5,13,18
5646,VITIATE,6,12,18
5894,PUREED,5,13,18
7733,STURGEON,2,16,18
7660,UNCAP,2,16,18
10287,CHEM,1,17,18
5762,ASSAY,5,13,18
7020,DISBELIEVE,3,15,18
5520,PIXEL,6,12,18
4557,GB,13,5,18
5138,CONSORT,8,10,18
5056,COFFERE,9,9,18
5063,MILITARIZE,9,9,18
5077,RETOUCH,8,10,18
6489,HUMOUR,4,14,18
8497,SMARTEN,2,16,18
4749,HYDROGENATE,11,7,18
8478,TRILL,2,16,18
6025,BLACKOUT,5,13,18
9399,STONECREST,1,17,18
6688,ASSOC,3,15,18
6046,REKEY,5,13,18
4734,TAINE,11,7,18
4727,DRAFTY,11,7,18
7298,TRIG,2,16,18
11958,AMPUTEE,1,17,18
4704,REFIGURE,11,7,18
4400,TENSIONE,14,4,18
11135,LESTER,1,17,18
4693,AMAZ,11,7,18
5981,GROSSIE,5,13,18
12397,IOS,1,17,18
6048,C--,5,13,18
5964,CONDUCE,5,13,18
10762,DIT,1,17,18
6554,UNALTERED,3,15,18
7188,FLOUR,3,15,18
4905,JAUNDICE,9,9,18
6591,LASSEN,3,15,18
6594,RETROSPECTIVE,3,15,18
4935,SLATHER,9,9,18
6075,BLEMISH,5,13,18
12483,CHIMPANZEE,1,17,18
4953,DISINVITE,9,9,18
8666,EARTH,1,17,18
6050,VAMP,5,13,18
4812,CERNE,10,8,18
12443,RON,1,17,18
4247,CRITICISE,16,2,18
12419,ALGUNO,1,17,18
12416,ABS,1,17,18
4795,PHYTO,10,8,18
12415,BYRON,1,17,18
4202,REBURIE,17,1,18
9263,BOBCAT,1,17,18
5268,ACEPTE,7,11,18
6423,ODE,4,14,18
5959,TEEX,5,13,18
6369,DECENT,4,14,18
6763,WEAK,3,15,18
11812,DIRECTORY,1,17,18
4608,GEEKY,12,6,18
4302,HAPHAZARD,15,3,18
5456,SKOO,6,12,18
9866,SEWARD,1,17,18
5465,SMELT,6,12,18
9883,OVERSLEPT,1,17,18
6848,GLADDEN,3,15,18
10541,SNEED,1,17,18
5499,ONGOING,6,12,18
5502,ROSANNA,6,12,18
4423,ENMESH,14,4,18
11665,RAZON,1,17,18
4433,BEWITCH,14,4,18
5546,RIMMEL,6,12,18
11036,OKRA,1,17,18
9990,HAROLD,1,17,18
4435,OVERTIRE,14,4,18
6180,SUICIDAL,4,14,18
7428,IMPULSE,2,16,18
9754,DODO,1,17,18
8160,BURR,2,16,18
5336,ATROPHY,7,11,18
10601,THORNE,1,17,18
8162,PARSA,2,16,18
4647,PELLETIZE,12,6,18
11324,GRAN,1,17,18
10403,CASUE,1,17,18
9746,FOREGROUND,1,17,18
11959,SONE,1,16,17
12020,GAH,1,16,17
5945,SCABBE,5,12,17
4456,DEADE,13,4,17
7036,VERSIFY,3,14,17
7201,IDE,3,14,17
4370,MEDEVACKE,15,2,17
6199,PINION,4,13,17
10666,GIRARDEAU,1,16,17
7111,RESPIRE,3,14,17
4351,HABITATED,15,2,17
4413,MINUTED,14,3,17
7400,SURFS,2,15,17
5928,DECANT,5,12,17
7389,DIGGE,2,15,17
4367,BERME,15,2,17
10554,SIMILAR,1,16,17
5876,CONDESCEND,5,12,17
10595,TREBLE,1,16,17
11473,LELA,1,16,17
11997,BAREK,1,16,17
7278,WHOLESALE,2,15,17
10577,CANARD,1,16,17
10600,SETTING,1,16,17
12541,NAVE,1,16,17
10401,BEMOAN,1,16,17
11065,AQUAS,1,16,17
4619,FETTER,12,5,17
8134,ROE,2,15,17
5404,UNSTATE,7,10,17
6808,FDOT,3,14,17
8117,SOOK,2,15,17
5437,REPACKE,7,10,17
4756,DEFOREST,11,6,17
5444,REIMAGE,7,10,17
5098,GOAD,8,9,17
5396,AIRBRUSH,7,10,17
5095,FORMALISE,8,9,17
9882,STROBE,1,16,17
5472,PANHANDLE,6,11,17
5476,BONO,6,11,17
5483,CALLOUS,6,11,17
4762,REFACTORE,11,6,17
12320,EXPIRY,1,16,17
5083,BROIL,8,9,17
5125,LADO,8,9,17
8448,PERSPIRE,2,15,17
5061,DANGERE,9,8,17
8293,LUBI,2,15,17
8369,PIANNE,2,15,17
5214,RECOMPUTE,8,9,17
5228,LIVERE,8,9,17
4699,ABASE,11,6,17
4697,PACTE,11,6,17
9571,PROMINENT,1,16,17
4707,UNENGAGED,11,6,17
4694,GASH,11,6,17
8280,OVERCOMPENSATE,2,15,17
6370,SILVUS,4,13,17
6708,SLIVER,3,14,17
11724,MILITARY,1,16,17
5335,UNGRADE,7,10,17
5164,UNPLOWE,8,9,17
5358,SHAKIN,7,10,17
4735,ADDLE,11,6,17
8447,LOSTE,2,15,17
5395,MINIATURIZE,7,10,17
5522,FALLOUT,6,11,17
9514,ACCOMODATE,1,16,17
9284,ZIG,1,16,17
6519,SCORER,4,13,17
10246,DIMPLE,1,16,17
4484,BOBSLE,13,4,17
4927,URBANIZED,9,8,17
4837,PETROLEUM,10,7,17
7724,ADJURE,2,15,17
7648,HEADSET,2,15,17
4518,MISAPPLY,13,4,17
6916,PHIPP,3,14,17
4975,BLUDGEON,9,8,17
10136,EST,1,16,17
5794,SOUNDPROOF,5,12,17
4236,BACKLIT,16,1,17
5638,CONTINENT,6,11,17
7579,HIRSCHFELD,2,15,17
5798,FRECKLE,5,12,17
11613,BOUNDER,1,16,17
5825,SHUSH,5,12,17
6999,PASSIVATE,3,14,17
6228,INTERBREED,4,13,17
12401,SKYTRAIN,1,16,17
4550,UNREQUESTE,13,4,17
4854,ASTHMA,10,6,16
4724,SUBSIDISE,11,5,16
4880,LOGOE,10,6,16
5184,UNSUPPORTED,8,8,16
6007,ODED,5,11,16
6006,BUDDIE,5,11,16
4714,MODDE,11,5,16
4868,EQUALISED,10,6,16
4857,RELICENSE,10,6,16
8908,UNTREATED,1,15,16
8836,TOKE,1,15,16
4942,DIAPERE,9,7,16
8911,IZE,1,15,16
6014,RESCORE,5,11,16
9336,SCHEMA,1,15,16
5037,TURNT,9,7,16
4792,DEMETRIUS,10,6,16
12623,RESPITE,1,15,16
12420,RESURVEY,1,15,16
4803,EFFACE,10,6,16
8694,ELD,1,15,16
10787,WEX,1,15,16
5108,ROADBE,8,8,16
4971,RERELEASE,9,7,16
5115,SIEGFRIE,8,8,16
4748,EMPLACE,11,5,16
12479,UNIONIZE,1,15,16
5124,UNCERTIFIE,8,8,16
4833,EMBALM,10,6,16
8558,SLOGAN,1,15,16
4843,HOGTIE,10,6,16
5084,OAKEN,8,8,16
9731,MOLINSKY,1,15,16
5211,REHYDRATE,8,8,16
4512,SCAPEGOATE,13,3,16
5904,TWEED,5,11,16
4559,PREASSEMBLE,12,4,16
5596,FILIBUSTER,6,10,16
7885,KATA,2,14,16
5895,WAFT,5,11,16
5608,UNEQUIPPE,6,10,16
4529,SUPERHEATE,13,3,16
7816,REDDEN,2,14,16
7789,BETTIN,2,14,16
5885,TARTE,5,11,16
12114,ROUGHER,1,15,16
7719,NITPICK,2,14,16
7978,RIVE,2,14,16
5874,MANTLE,5,11,16
10232,PUBLICAN,1,15,16
11595,BEACON,1,15,16
4487,IMMUNOSUPPRESSE,13,3,16
7666,COURIER,2,14,16
5863,SUBROGATE,5,11,16
10291,GODSPEED,1,15,16
4479,RELITIGATE,13,3,16
4455,REPOWERE,13,3,16
11579,THEE,1,15,16
10408,TIMETABLE,1,15,16
5554,UNSEAL,6,10,16
10527,BROKE,1,15,16
8350,MEZA,2,14,16
10594,TUMBLEWEED,1,15,16
5985,UNHINGE,5,11,16
4408,SNOOKER,14,2,16
8265,TUNDRA,2,14,16
4669,OVEREXCITE,11,5,16
5314,UNFAZE,7,9,16
4663,HOMEPORTE,11,5,16
5320,COMPLISHE,7,9,16
5341,BELEAGUER,7,9,16
7570,CAPSTONE,2,14,16
12255,KIMMEL,1,15,16
8161,BELLEVUE,2,14,16
11547,SCHOO,1,15,16
5528,BURGLE,6,10,16
5939,PEATE,5,11,16
7408,UNREPRESENTED,2,14,16
8126,JUG,2,14,16
5423,CONCERTO,7,9,16
8091,CPR,2,14,16
4420,RESECT,14,2,16
8072,SUTURE,2,14,16
8023,LOH,2,14,16
5504,INFILLE,6,10,16
12199,TOUGHE,1,15,16
5508,STRAIGHTE,6,10,16
11890,ORI,1,15,16
6564,CAMBER,3,13,16
6630,CONGEAL,3,13,16
7122,PLAID,3,13,16
6230,BROOMFIELD,4,12,16
11270,BULKHEAD,1,15,16
6435,STEFANSKI,4,12,16
11317,SCI,1,15,16
6561,LITSEN,3,13,16
6515,TEENAGE,4,12,16
6414,HITMAN,4,12,16
6974,UNLEARN,3,13,16
7015,TARRY,3,13,16
11764,PRH,1,15,16
4283,CONTRAINDICATE,16,0,16
6802,SPRINGFIELD,3,13,16
6121,FURBISH,4,12,16
6289,ILLE,4,12,16
6786,WALLOP,3,13,16
6381,RESTABILIZE,4,12,16
11694,REEVE,1,15,16
6436,MILITATE,4,12,16
6861,THEIRS,3,13,16
4254,STILLBORN,16,0,16
6545,FRISBEE,3,13,16
6664,MATERIALISE,3,13,16
6483,UNDERSIGN,4,12,16
7115,INATE,3,13,16
6649,DANK,3,13,16
10881,SWAGGER,1,15,16
6123,PECTE,4,12,16
10909,LABORER,1,15,16
11354,HYDRANGEA,1,15,16
5657,INLINE,6,9,15
5618,REHUNG,6,9,15
11018,UNEXPLAINED,1,14,15
7894,WANTIN,2,13,15
7890,AGRICULTURAL,2,13,15
12106,ENDZONE,1,14,15
5699,COMPLEXE,6,9,15
11834,SCAT,1,14,15
7782,UNBOLT,2,13,15
6526,UNEMPLOYED,4,11,15
7860,GURKEY,2,13,15
9099,SKANK,1,14,15
11717,USERNAME,1,14,15
4553,MISCODE,13,2,15
6901,DEBBIE,3,12,15
5668,AVOW,6,9,15
5611,WACKE,6,9,15
11361,UNBRIDLE,1,14,15
6306,PILLE,4,11,15
7801,BIANCA,2,13,15
4587,TIMBERE,12,3,15
4965,COUNTERSIGN,9,6,15
10436,GARLIC,1,14,15
7349,ROLLOUT,2,13,15
10631,SNAPSHOT,1,14,15
4908,CIATE,9,6,15
11742,PESUM,1,14,15
10882,STEADFAST,1,14,15
10902,WEND,1,14,15
6191,RANGELAND,4,11,15
8991,STEN,1,14,15
6198,DECISIONE,4,11,15
10493,BAZI,1,14,15
7550,UNNAMED,2,13,15
7696,CARMINE,2,13,15
10374,NYLA,1,14,15
12053,MULLEN,1,14,15
5800,DUMBO,5,10,15
11216,COOPER,1,14,15
5783,PFC,5,10,15
7907,PREFAB,2,13,15
5766,67,5,10,15
5750,HEESU,5,10,15
5748,REASSERT,5,10,15
5745,STUCKE,5,10,15
4816,CIPA,10,5,15
5540,UNSOLVED,6,9,15
10001,SLUMBER,1,14,15
6507,FURL,4,11,15
5279,FORESIGHT,7,8,15
8273,DOGGONE,2,13,15
12296,STRAIGHTAWAY,1,14,15
9589,PRANCE,1,14,15
11133,VOYAGE,1,14,15
5032,LAMED,9,6,15
6427,PADUK,4,11,15
5205,TOED,8,7,15
5203,TUFTE,8,7,15
5038,MALFORME,9,6,15
11168,UNSCREWED,1,14,15
4716,WISHBONE,11,4,15
8576,FLUB,1,14,15
5575,REPLUMB,6,9,15
4732,DELUGE,11,4,15
9430,SKIPPER,1,14,15
8436,ADE,2,13,15
12630,ROLLERBLADE,1,14,15
11293,VC,1,14,15
4743,REENGINEERE,11,4,15
9380,RESKIN,1,14,15
5107,TENFOLD,8,7,15
6481,INURE,4,11,15
6496,DIF,4,11,15
8522,LIMITED,2,13,15
9323,NOW,1,14,15
5284,JILT,7,8,15
5293,EXCEPT,7,8,15
6758,LEED,3,12,15
12418,WHOOPSIE,1,14,15
12181,KNOTWEED,1,14,15
5560,CRATERE,6,9,15
6331,FCAT,4,11,15
4575,FOREGONE,12,3,15
4815,CONFERENCED,10,5,15
7961,HEATSTROKE,2,13,15
6333,BRIDLE,4,11,15
8900,SIDEWALL,1,14,15
8659,MANO,1,14,15
5496,UNSUBSTANTIATED,6,9,15
9183,TATTLE,1,14,15
8061,TENDERIZE,2,13,15
9840,GUNSHOT,1,14,15
8111,ADDUCT,2,13,15
5013,BOLLARD,9,6,15
8630,RHY,1,14,15
9799,CKE,1,14,15
11083,SCRIMP,1,14,15
9763,DIDDLE,1,14,15
12424,RAZ,1,14,15
9761,CUL,1,14,15
4632,MALTREAT,12,3,15
12618,GOURD,1,14,15
5349,MEETUP,7,8,15
5347,REPUDIATE,7,8,15
10877,OVERACHIEVE,1,14,15
5067,PASSWORD,9,6,15
6135,STIGMA,4,11,15
6029,SANDUSKY,5,10,15
11506,GRADIENT,1,14,15
7172,WILFRE,3,12,15
6013,UNCOMPLICATED,5,10,15
6568,INTERDICT,3,12,15
7258,EGRESS,2,13,15
6061,KIBOSH,5,10,15
7130,OHLSEN,3,12,15
7263,LIGHTWEIGHT,2,13,15
12533,FANTASIZED,1,14,15
4383,OVEREXPOSE,14,1,15
4890,DISENROLLE,10,5,15
11504,KHOSLA,1,14,15
10815,COMMS,1,14,15
8880,GRIM,1,14,15
4377,MISSPOKEN,14,0,14
5818,DEBONE,5,9,14
4922,RUGGEDIZE,9,5,14
8329,HANDHELD,2,12,14
4977,PELLETE,9,5,14
4910,CAVEATE,9,5,14
6448,DISHONOUR,4,10,14
5934,RAZZ,5,9,14
11603,REIT,1,13,14
8705,RIN,1,13,14
4850,WESTERNIZE,10,4,14
11521,TAK,1,13,14
6981,BOOTLEG,3,11,14
6682,BLINKEN,3,11,14
6034,ARMOUR,5,9,14
11582,KHOA,1,13,14
4471,UNSURPASSE,13,1,14
5879,QUADRUPE,5,9,14
7970,CAPER,2,12,14
5549,LIZE,6,8,14
5299,THROATE,7,7,14
7611,TPO,2,12,14
4996,SATIATE,9,5,14
4810,SERIALIZE,10,4,14
6983,HOWARD,3,11,14
6628,SEIU,3,11,14
6068,UNDEREMPLOYED,5,9,14
7432,CANTER,2,12,14
4460,WARRANTEED,13,1,14
5353,PARODY,7,7,14
9225,BAIRD,1,13,14
6625,CRINKLE,3,11,14
10477,HECTOR,1,13,14
4759,GLACIATE,11,3,14
6700,HANKER,3,11,14
6597,PANDER,3,11,14
12387,BOOMERANG,1,13,14
6389,HALLOWEEN,4,10,14
8203,SHAKEOUT,2,12,14
5356,MEDICAID,7,7,14
5217,UNARMED,8,6,14
12564,CHORD,1,13,14
11756,WW,1,13,14
8187,PENN,2,12,14
5219,PROPOUND,8,6,14
6865,SPOKED,3,11,14
10468,SWOON,1,13,14
11835,TISE,1,13,14
5653,EULOGIZE,6,8,14
11860,EFER,1,13,14
11981,SHOTPUT,1,13,14
6472,TYSHAUN,4,10,14
4750,DECONDITIONE,11,3,14
6059,CHIA,5,9,14
5388,DEBARK,7,7,14
11572,ISHE,1,13,14
7554,DORI,2,12,14
8484,GLANDT,2,12,14
9369,DONNA,1,13,14
7995,ASE,2,12,14
4703,CALENDER,11,3,14
4753,SURPLUSE,11,3,14
5644,FREIGHT,6,8,14
5844,CARICATURE,5,9,14
8488,MISE,2,12,14
7867,HALEN,2,12,14
5036,DISHEVEL,9,5,14
8956,PINKEY,1,13,14
6671,MOTE,3,11,14
6938,PANDA,3,11,14
8838,STAMPY,1,13,14
6056,AMEL,5,9,14
5568,COLLOCATE,6,8,14
5040,SPRINGFE,9,5,14
11706,COMIC,1,13,14
4962,REGULARIZE,9,5,14
7343,FLUX,2,12,14
9862,AGRICULTURE,1,13,14
5065,UNCONSTRUCTE,9,5,14
6919,LINDEN,3,11,14
8919,LEAVER,1,13,14
12101,BOA,1,13,14
6513,PALLONE,4,10,14
6128,JIHAD,4,10,14
6622,KOSPI,3,11,14
10649,VELVET,1,13,14
11874,VERBOSE,1,13,14
5025,UNMOVE,9,5,14
7702,RA.5,2,12,14
5006,UNSPOKEN,9,5,14
8867,ZAR,1,13,14
4794,BULLHEADE,10,4,14
5028,STRIATE,9,5,14
7772,UNDRESSED,2,12,14
9427,TOBOGGAN,1,13,14
5136,SQUIRRELE,8,6,14
7774,FEUD,2,12,14
8443,UNCONTROLLE,2,12,14
7366,SKIMP,2,12,14
7763,OUTSHOT,2,12,14
5962,ACROSSE,5,9,14
11345,LISTO,1,13,14
11125,RANCID,1,13,14
12507,BEGRUDGE,1,13,14
6850,SOMERSET,3,11,14
5702,ENSNARE,6,8,14
10690,FOREMOST,1,13,14
4884,TRANSFUSE,10,4,14
6533,SCARIFY,4,10,14
8046,RECEPT,2,12,14
5760,DEMET,5,9,14
7358,TWIDDLE,2,12,14
5438,NATIONALIZE,7,7,14
6327,HOEDOWN,4,10,14
7929,ASPARAGUS,2,12,14
11639,CHASNI,1,12,13
4972,DISABUSE,9,4,13
11820,ORNATE,1,12,13
10160,TELUGU,1,12,13
11907,VEGANS,1,12,13
5168,CHRYSALI,8,5,13
10485,VERMEULEN,1,12,13
5640,WATERLINE,6,7,13
4945,UNREIMBURSE,9,4,13
11564,INTRICATE,1,12,13
4995,DETHRONE,9,4,13
4623,STEEN,12,1,13
6499,EKEN,4,9,13
7506,BATEAU,2,11,13
6851,RASHAD,3,10,13
5642,DRYWALLE,6,7,13
5708,PREFIX,6,7,13
5143,REUPHOLSTERE,8,5,13
4968,OFFHANDE,9,4,13
11689,STUBBS,1,12,13
8715,PAA,1,12,13
5688,REPRICE,6,7,13
8050,EVENTUATE,2,11,13
4809,STRIVEN,10,3,13
6450,OGLE,4,9,13
12096,EAVESDROP,1,12,13
12036,PORZINSKI,1,12,13
7672,KEYONNA,2,11,13
6957,DICATE,3,10,13
5429,SPORTY,7,6,13
8377,BOP,2,11,13
10366,VIDAS,1,12,13
11067,25,1,12,13
8083,JEHOVAH,2,11,13
12203,ELLEN,1,12,13
5000,MITER,9,4,13
7264,OME,2,11,13
6713,HAMMERHEAD,3,10,13
5442,MOBILISE,7,6,13
5441,CODENAME,7,6,13
6092,MONOGRAMME,4,9,13
6638,BUSTIN,3,10,13
8097,CONK,2,11,13
12136,BUGLE,1,12,13
5159,OUTWORKE,8,5,13
7807,NEWLY,2,11,13
6723,SIGNPOST,3,10,13
9798,SUBSTANDARD,1,12,13
11883,HYDROPLANE,1,12,13
5839,HYPERVENTILATE,5,8,13
10404,MOISTURIZE,1,12,13
5513,CORONATE,6,7,13
8067,STET,2,11,13
7260,UNSAVE,2,11,13
5406,DIGITALIZE,7,6,13
7578,GRATIS,2,11,13
6994,BROOD,3,10,13
4602,AEROSOLIZE,12,1,13
5509,OUTFLANK,6,7,13
5451,BLOOPE,7,6,13
12205,R18,1,12,13
6477,UNDETERMINED,4,9,13
6857,RAZA,3,10,13
8730,INGRE,1,12,13
5833,REINSURE,5,8,13
6345,POLYUNSATURATE,4,9,13
4849,SPAMME,10,3,13
10009,WOBBLY,1,12,13
5617,PILLAGE,6,7,13
10540,GIMMICK,1,12,13
5921,EMASCULATE,5,8,13
8972,KONO,1,12,13
5960,HOCK,5,8,13
6765,RECUT,3,10,13
9162,INNA,1,12,13
6589,FOB,3,10,13
8822,SUEÑO,1,12,13
10906,FUSA,1,12,13
8407,BRICEÑO,2,11,13
6891,STRATE,3,10,13
4650,LAXED,12,1,13
11894,BEI,1,12,13
4813,MINIMALIZE,10,3,13
6586,TELECONFERENCE,3,10,13
9547,HANDSET,1,12,13
5186,UNSALTE,8,5,13
11973,ORC,1,12,13
6151,FACTO,4,9,13
7063,BITTER,3,10,13
7348,PATTER,2,11,13
11444,ACROSS,1,12,13
5930,SUBMERSE,5,8,13
4990,ENAMOUR,9,4,13
7906,RIVERBED,2,11,13
7058,RETRY,3,10,13
6464,BIVOUAC,4,9,13
9674,PAULSEN,1,12,13
7953,YUNDT,2,11,13
5557,PLUSSE,6,7,13
6314,JABBED,4,9,13
5926,UPHOLSTER,5,8,13
11675,JOSE,1,12,13
7190,DT,3,10,13
5300,UNMAINTAINE,7,6,13
6100,ARCHAEA,4,9,13
5244,ALUMINIZE,8,5,13
4572,STRUCKEN,12,1,13
5552,HANDWRITTEN,6,7,13
7189,WINSTE,3,10,13
11872,LOWLAND,1,12,13
8780,SQUIGGLE,1,12,13
9638,BERTO,1,12,13
8256,FRACTION,2,11,13
4793,PERFLUORINATE,10,3,13
11451,STILT,1,12,13
5569,UNLINED,6,7,13
6173,ALLERGEN,4,9,13
7031,SERÁN,3,10,13
8902,CROON,1,12,13
11686,SEO,1,12,13
8586,GRUDGE,1,12,13
7938,WEDC,2,11,13
5220,REMIXE,8,5,13
6020,STED,5,8,13
11611,LAYIN,1,12,13
6660,PEEN,3,10,13
5565,FRITTER,6,7,13
5222,RETIME,8,5,13
4726,RETUNE,11,2,13
12281,KNOWLE,1,12,13
6143,BUTTONHOLE,4,8,12
8466,BALLPARKE,2,10,12
6956,WIESEN,3,9,12
6887,LAYOVER,3,9,12
5973,REOCCURRED,5,7,12
5287,UNAIDED,7,5,12
9143,REENLISTE,1,11,12
5674,CHRISTENSEN,6,6,12
11452,BAYONET,1,11,12
9200,CIRCA,1,11,12
5777,RESTYLE,5,7,12
9466,SORTER,1,11,12
6136,POOE,4,8,12
9968,HYDROLYZE,1,11,12
6015,RECAPITALIZE,5,7,12
5436,RESCREENE,7,5,12
5784,UNCONSOLIDATE,5,7,12
7385,UNAPPROVE,2,10,12
7195,DEVEIN,3,9,12
7369,GALLETA,2,10,12
8082,MATTIFIE,2,10,12
10286,DINNA,1,11,12
5954,UNDAMAGED,5,7,12
5132,BANDAID,8,4,12
6917,BLAZON,3,9,12
11544,SATYRS,1,11,12
6914,60,3,9,12
5882,DENATURE,5,7,12
11667,LEGALESE,1,11,12
7684,BURSA,2,10,12
6881,LIMA,3,9,12
6052,BUCKTHORN,5,7,12
10674,MEL,1,11,12
9497,ARCHA,1,11,12
12212,FILO,1,11,12
4590,CHOOSEN,12,0,12
11540,HTC,1,11,12
5251,WEARISOME,8,4,12
11355,CNC,1,11,12
6343,CUMBER,4,8,12
7760,CRESTWOOD,2,10,12
10207,DURSA,1,11,12
4737,SISTERE,11,1,12
8442,RPS,2,10,12
12110,ECHAD,1,11,12
5695,FOLIATE,6,6,12
5243,VILLAINIZE,8,4,12
6473,TESTOSTERONE,4,8,12
6845,SCREENSHOTTE,3,9,12
5716,FLAY,6,6,12
5991,IONIZE,5,7,12
10225,EXPAT,1,11,12
5045,OVERDONE,9,3,12
11178,RECLASS,1,11,12
5453,COHASSET,7,5,12
4963,FIREBOMB,9,3,12
8726,WHEEDLE,1,11,12
5732,SUMMATE,5,7,12
10645,AVILA,1,11,12
4899,GENTLY,10,2,12
5551,STRUCTE,6,6,12
6946,DUD,3,9,12
8289,WEFT,2,10,12
12433,ELMIRA,1,11,12
8530,BIOSPHERE,2,10,12
4805,HEADHUNTE,10,2,12
10237,SCUFFLE,1,11,12
4988,US,9,3,12
6838,WILLOWBROOK,3,9,12
6280,LYNNHAVEN,4,8,12
6159,DICKE,4,8,12
6921,REKTE,3,9,12
5434,PEDESTRIANISE,7,5,12
7960,NULLE,2,10,12
9217,SHORTCAKE,1,11,12
8756,MIDSUMMER,1,11,12
8787,BELGRAVE,1,11,12
5321,BHARDEN,7,5,12
7141,SHERBURNE,3,9,12
11549,CLOROX,1,11,12
4946,RECONTOURE,9,3,12
8624,INNUENDO,1,11,12
5925,TIX,5,7,12
6502,TRIMET,4,8,12
4796,UNDERREPORTE,10,2,12
7831,AVATAR,2,10,12
8850,MILKWEED,1,11,12
6803,CRA,3,9,12
4706,PILLORY,11,1,12
8234,JUNAID,2,10,12
4859,UPSTAGED,10,2,12
11366,SCHERMERHORN,1,11,12
4886,PAWEL,10,2,12
6315,ADELA,4,8,12
7419,DINKE,2,10,12
6377,CATHOLIC,4,8,12
9935,EI,1,11,12
5660,UNPROVOKED,6,6,12
11259,GOOK,1,11,12
8386,T9,2,10,12
11932,FREELANCE,1,11,12
8184,PERSONATE,2,10,12
9003,WADDELL,1,11,12
11282,CUPOLA,1,11,12
6903,SBDC,3,9,12
4934,FACEDOWN,9,3,12
5875,UNSHADE,5,7,12
5635,DEPRIORITIZE,6,6,12
11042,TYLER,1,11,12
8349,TODDLE,2,10,12
10515,SLUSHIE,1,11,12
7205,SPLURGE,3,9,12
8171,CHUM,2,10,12
5623,REBASE,6,6,12
10459,SURNAME,1,11,12
6431,BAZINGA,4,8,12
6380,EVENTE,4,8,12
8622,BATON,1,11,12
5165,CAPACITATE,8,4,12
5821,OUTCLASSED,5,7,12
6761,CHINK,3,9,12
12140,DAMNIT,1,11,12
10572,BIGOT,1,11,12
5232,REGLAZE,8,4,12
6102,RESTAGE,4,8,12
4917,BASTARDIZE,9,3,12
6064,FIOS,5,7,12
9809,HUGGLE,1,11,12
6125,STRAITE,4,8,12
10368,NA,1,11,12
10851,SIMUL,1,11,12
4986,REPPE,9,3,12
8252,MINUSE,2,10,12
10833,BUSKERUD,1,11,12
7398,UNBUCKLE,2,10,12
8108,SPOSE,2,10,12
8635,IMBIBE,1,11,12
5433,DELAMINATE,7,5,12
8636,COLLEEN,1,11,12
11013,TERMITE,1,11,12
12575,TRUNDLE,1,11,12
10342,POUT,1,11,12
5417,BURNIN,7,5,12
5374,CHASTEN,7,5,12
4952,MUMMIFY,9,3,12
10124,HAST,1,11,12
10392,SEMUC,1,11,12
5090,LARD,8,4,12
4801,LIDDE,10,2,12
10568,MENOS,1,11,12
5507,AUGERE,6,6,12
7066,ESA,3,9,12
6053,DDUK,5,6,11
12591,HE,1,10,11
8414,DHA,2,9,11
12344,LOI,1,10,11
12193,THIRDE,1,10,11
5589,DISEMBODY,6,5,11
11297,IBIS,1,10,11
8418,VANDERBILT,2,9,11
11027,PONTIFICATE,1,10,11
7796,SPEIGHT,2,9,11
6900,MALARKEY,3,8,11
5196,RAPTURE,8,3,11
7177,JULIENNE,3,8,11
5478,CARBONIZE,6,5,11
7810,SHRAPNEL,2,9,11
7847,EFT,2,9,11
5592,LISHE,6,5,11
8698,UNTENDED,1,10,11
7991,OUTFIELD,2,9,11
5673,MARSHALLTOWN,6,5,11
12127,MORSE,1,10,11
6055,UNPUBLISHED,5,6,11
6854,SUPP,3,8,11
6915,LUXE,3,8,11
8408,IMAGINATE,2,9,11
5500,ENGRAFT,6,5,11
6571,UNSAY,3,8,11
5171,MISSIONE,8,3,11
11728,DUR,1,10,11
5665,CAULK,6,5,11
6633,UNENCLOSE,3,8,11
4719,VERBOTEN,11,0,11
5581,DOREEN,6,5,11
5517,REPLASTERE,6,5,11
12200,SEL,1,10,11
5643,BLOODSHE,6,5,11
12162,UNRESOLVED,1,10,11
10093,SHREWD,1,10,11
5532,REFURNISH,6,5,11
11892,SILICATE,1,10,11
5044,CLOISTER,9,2,11
8682,VISTE,1,10,11
8022,MISPLAY,2,9,11
5431,DEPOPULATE,7,4,11
7751,DICKER,2,9,11
12571,PERCEPT,1,10,11
5273,COCOON,7,4,11
4853,ALDEN,10,1,11
7499,WRUNG,2,9,11
9005,SIRSA,1,10,11
8181,NATURALISE,2,9,11
5360,STICKERE,7,4,11
4835,RIVEN,10,1,11
4937,BUTTERFLIE,9,2,11
4941,ERISE,9,2,11
9886,LIZ,1,10,11
5363,ROUTINIZED,7,4,11
11962,CAMARADERIE,1,10,11
5368,BANGBANG,7,4,11
5378,SPIFFE,7,4,11
7029,MILT,3,8,11
12025,MIKELA,1,10,11
11566,CATFISH,1,10,11
5849,MACERATE,5,6,11
4873,REORGANISE,10,1,11
5386,OVERDEVELOPED,7,4,11
7293,PINNACLE,2,9,11
12627,122ND,1,10,11
9533,SPRITZEN,1,10,11
7562,ABT,2,9,11
11087,GLOAT,1,10,11
5398,MITTE,7,4,11
5213,REFLOAT,8,3,11
6179,FUMIGATE,4,7,11
8183,INTERESA,2,9,11
6595,REMARKETE,3,8,11
10657,WIL,1,10,11
5229,OUTSIZE,8,3,11
7401,TSUNAMIS,2,9,11
9650,GILKEY,1,10,11
11990,THERAPEUTIC,1,10,11
9652,PRAWN,1,10,11
9322,NAN,1,10,11
5938,CHECKMATE,5,6,11
5022,SHEETROCKE,9,2,11
10564,SCULL,1,10,11
7391,DEBTE,2,9,11
12501,SPECIE,1,10,11
8237,INFRA,2,9,11
5289,PRONGE,7,4,11
9246,HOC,1,10,11
4702,GONE,11,0,11
5888,RENOMINATE,5,6,11
8225,SIPAR,2,9,11
11938,ALLRE,1,10,11
5325,UNJUSTIFIED,7,4,11
6768,ABASH,3,8,11
7046,ERSTEN,3,8,11
10628,GIA,1,10,11
5342,SWADDLE,7,4,11
11737,LRPC,1,10,11
7467,PROPHESIZE,2,9,11
5975,OVERBOUGHT,5,6,11
4768,WW0,11,0,11
4799,PRONGHORN,10,1,11
11684,THROB,1,10,11
7573,BENIGHT,2,9,11
8849,NUDE,1,10,11
7662,EPA,2,9,11
8297,CEPTE,2,9,11
5763,PREME,5,6,11
6962,SHELLAC,3,8,11
6958,TENTACLE,3,8,11
7313,SUSILO,2,9,11
5134,OVERFUNDE,8,3,11
6952,PVT,3,8,11
5009,LIANNA,9,2,11
8537,UNCLUTTER,2,9,11
7695,SNELL,2,9,11
10987,UNCHARGED,1,10,11
9071,BACKSIDE,1,10,11
10784,RETIE,1,10,11
5722,HOBOKEN,6,5,11
6840,HEATHERE,3,8,11
6532,SOQ,4,7,11
5252,UNSCORED,8,3,11
8055,OUTWIT,2,9,11
8649,BULLETPROOF,1,10,11
7722,SUBGRADE,2,9,11
4823,DEWATERE,10,1,11
9185,DEPARTMENTAL,1,10,11
6933,HAGGLE,3,8,11
10208,MANURE,1,10,11
5069,POCKMARK,9,2,11
6474,ESTABROOK,4,7,11
12109,BOOGIE,1,10,11
10694,WEIRDO,1,10,11
11373,DEY,1,10,11
6254,WHITBY,4,7,11
10589,NIACIN,1,10,11
6990,SENTIENT,3,8,11
10337,OUND,1,10,11
5413,TICKIN,7,4,11
5207,ANESTHETIZE,8,3,11
6028,BROWSER,5,6,11
5418,THROUGHPUT,7,4,11
7602,UNLOVE,2,9,11
6814,PROST,3,8,11
5241,KNIFED,8,3,11
6560,WHILST,3,8,11
6503,FELLATE,4,7,11
11409,PIRE,1,10,11
6988,TUMBLR,3,8,11
10333,DINGA,1,10,11
5435,MOATE,7,4,11
7587,TEEM,2,9,11
4828,MISFILE,10,1,11
10305,QUICKBOOK,1,10,11
9036,HANSEN,1,10,11
6820,BARRI,3,8,11
9389,FERPA,1,10,11
5254,GENERALISE,8,3,11
7594,RL,2,9,11
9580,PTI,1,9,10
9603,LLO,1,9,10
7229,HUGGY,3,7,10
12448,INTUIT,1,9,10
9566,DIRA,1,9,10
6873,RETREAD,3,7,10
5246,UNENCRYPTE,8,2,10
8306,QUAS,2,8,10
5024,BRAVER,9,1,10
7950,SUBSTAINE,2,8,10
6410,SULLEN,4,6,10
6635,HANSUNG,3,7,10
6750,UNRELEASE,3,7,10
7187,INFIRM,3,7,10
9973,GENUFLECT,1,9,10
8319,PG,2,8,10
5255,FAIRHAVEN,8,2,10
5563,PANELIZE,6,4,10
9937,MENSTRUATE,1,9,10
11522,CROWDSOURCE,1,9,10
5450,UNRECONCILED,7,3,10
7183,REIATE,3,7,10
8127,PERJURE,2,8,10
11043,TUSSLE,1,9,10
6809,REINSULATE,3,7,10
9842,BRATWURST,1,9,10
6360,SPIDERE,4,6,10
11070,PLEASANT,1,9,10
8079,UNMET,2,8,10
11057,AMOLE,1,9,10
9656,BLOWOUT,1,9,10
5004,VANDALISE,9,1,10
8056,PLAYWRIGHT,2,8,10
8052,RETRENCH,2,8,10
8048,GARRISON,2,8,10
11047,GAVE,1,9,10
5469,REFOLD,6,4,10
5479,QUANTIZE,6,4,10
8036,HEX,2,8,10
8355,COA,2,8,10
5401,FORGONE,7,3,10
5521,3A,6,4,10
6794,REQ,3,7,10
7965,AVEN,2,8,10
12338,NICKELSEN,1,9,10
9480,HOAX,1,9,10
6759,APPLIQUE,3,7,10
9240,PARADO,1,9,10
7200,MEDALE,3,7,10
11117,NAKAI,1,9,10
5530,RECHARACTERIZE,6,4,10
7146,PTSD,3,7,10
5191,GNARL,8,2,10
6461,WEASELE,4,6,10
5526,COMMODITIZE,6,4,10
6619,TALLIT,3,7,10
6336,EXCORIATE,4,6,10
6385,KEEGAN,4,6,10
6789,ROIL,3,7,10
5381,ENGORGE,7,3,10
7934,TOTTEN,2,8,10
12149,FUNNIN,1,9,10
9989,SKIRMISH,1,9,10
7169,AFIELD,3,7,10
8997,TINCTURE,1,9,10
9098,FOI,1,9,10
4921,PREFABBE,9,1,10
8782,LEGO,1,9,10
6235,CLADDE,4,6,10
7761,NECTE,2,8,10
7758,SIU,2,8,10
6188,TURRETE,4,6,10
11206,TRANSFORMATIVE,1,9,10
12500,KANAME,1,9,10
6985,GNAW,3,7,10
7270,GURKEN,2,8,10
7433,DANISH,2,8,10
11625,COCOA,1,9,10
5691,BOGGY,6,4,10
7606,BURL,2,8,10
6296,WINDOWE,4,6,10
8959,DUI,1,9,10
5678,COMMODIFIE,6,4,10
6148,RELIZE,4,6,10
10585,STR,1,9,10
7072,BLISSE,3,7,10
8471,ANYMORE,2,8,10
7155,PERMAFROST,3,7,10
12138,TRINKET,1,9,10
6681,GLINT,3,7,10
5121,INTRESTE,8,2,10
7080,INE,3,7,10
5669,FAMISH,6,4,10
7161,CUSE,3,7,10
7591,FEMUR,2,8,10
7626,MICROBREW,2,8,10
6021,CEIVE,5,5,10
5571,STILTE,6,4,10
5746,GUSTE,5,5,10
9064,TRANSEPT,1,9,10
11387,SMAN,1,9,10
8785,TENE,1,9,10
4842,CRESTFALLEN,10,0,10
10965,GRACIE,1,9,10
11933,SPF,1,9,10
12632,BORDERLAND,1,9,10
8514,MUAH,2,8,10
10270,REBORE,1,9,10
7669,QUANTITATE,2,8,10
10282,FACIE,1,9,10
7468,DISSERVICE,2,8,10
5906,GALEN,5,5,10
7042,GRAMMY,3,7,10
8463,BESTIR,2,8,10
5790,REPLUMBE,5,5,10
7259,SATIFIE,2,8,10
8982,PUEBLO,1,9,10
8789,TRATE,1,9,10
7636,SHOGI,2,8,10
5724,OSSIFY,6,4,10
11748,SENSORE,1,9,10
12562,BACKSEAT,1,9,10
5129,INTERPRETATE,8,2,10
7721,AECOM,2,8,10
9363,TRADUCE,1,9,10
4966,DISCOMFORTE,9,1,10
6642,COUNTERFEIT,3,7,10
7726,REWOUND,2,8,10
7727,GERE,2,8,10
5715,CHANHASSEN,6,4,10
9446,DELOUSE,1,9,10
4958,ENFRANCHISE,9,1,10
5163,UNPROCESSED,8,2,10
10748,MISREMEMBER,1,9,10
5870,UNCOMPROMISE,5,5,10
5073,RIPKEN,8,2,10
12158,SPECTACLE,1,9,10
7523,TUI,2,8,10
10113,MOOCHER,1,9,10
11360,YEAST,1,9,10
12040,BRAZO,1,9,10
6154,SUBLIMATE,4,6,10
6049,LIQUORE,5,5,10
5595,REMONSTRATE,6,4,10
5072,KITTE,9,1,10
6134,HOLSTERE,4,6,10
8685,ECONOMIZE,1,9,10
5071,PRECEDENTE,9,1,10
7007,UTILISE,3,7,10
4980,FORGETTEN,9,1,10
11950,CRESCENDO,1,9,10
6884,WILFRED,3,7,10
7905,192ND,2,8,10
5177,MINERALIZE,8,2,10
11821,BONITO,1,9,10
6003,AGHAST,5,5,10
11535,SOJOURN,1,9,10
5182,CARBURET,8,2,10
7557,CAPSULIZE,2,8,10
7008,CONVULSE,3,7,10
6492,BULKHEADE,4,6,10
6536,BELCHERTOWN,4,6,10
5846,FOMENT,5,5,10
6311,FEVERE,4,6,10
6156,SPUNK,4,6,10
5100,MARGINALISE,8,2,10
12378,LAPLANT,1,9,10
12348,GENOME,1,9,10
11176,GINKGO,1,9,10
7327,PROPOLIS,2,8,10
6491,HAPPE,4,6,10
9027,KAZAR,1,9,10
7849,WEARY,2,8,10
10104,LAZE,1,9,10
6099,BACKDOORE,4,6,10
7341,BURDENSOME,2,8,10
8475,SOUSA,2,8,10
12151,CAD,1,9,10
7821,WESTFIELD,2,8,10
4932,RUSTED,9,1,10
5630,REMODELLE,6,4,10
4976,OVERSTOCK,9,1,10
5986,BUMBLEBEE,5,5,10
8821,HIGHLY,1,9,10
6523,METHYLATE,4,6,10
5099,UNDERMANNE,8,1,9
7011,WRF,3,6,9
11180,KATHLEEN,1,8,9
5345,SENIORITIS,7,2,9
7466,SMOG,2,7,9
9231,TRAIPSE,1,8,9
11306,FLYBALL,1,8,9
7012,RECOLORE,3,6,9
12026,BHAIYYA,1,8,9
6388,STORYBOARDE,4,5,9
6200,CAUTERIZE,4,5,9
9540,CLOVER,1,8,9
9712,OCCULT,1,8,9
8494,KNEECAP,2,7,9
7206,UNFRIENDE,3,6,9
8193,EMPRESA,2,7,9
11157,FARMSTEAD,1,8,9
10463,GENUS,1,8,9
7472,DESU,2,7,9
5376,PLOYE,7,2,9
6144,OVERHUNG,4,5,9
8503,AWK,2,7,9
7488,VISE,2,7,9
6120,DESTINATE,4,5,9
12318,INDEFINITE,1,8,9
8177,WANK,2,7,9
6778,MILDEW,3,6,9
11431,MONO,1,8,9
10494,BESPOKE,1,8,9
10484,DUET,1,8,9
7497,POTENTIATE,2,7,9
6730,8,3,6,9
6150,FAG,4,5,9
8259,RUMPLE,2,7,9
7082,GT,3,6,9
8950,UNWE,1,8,9
6018,SODOMIZE,5,4,9
11771,BEET,1,8,9
7089,CHESTERTOWN,3,6,9
5283,SYSTEMIZE,7,2,9
11900,APE,1,8,9
12548,VICKE,1,8,9
5978,ADHD,5,4,9
6541,AVIATION,3,6,9
7337,RACIN,2,7,9
10652,EVANDER,1,8,9
5260,REJIGGE,8,1,9
8287,OPTIMISE,2,7,9
9593,SMURFS,1,8,9
5240,DOWNHEARTE,8,1,9
8824,GAVIN,1,8,9
6553,REPATCHE,3,6,9
5993,OVERCOMMITTE,5,4,9
7315,WALLI,2,7,9
9585,HARDCOPY,1,8,9
8300,DESHAWN,2,7,9
6415,BABYSITTER,4,5,9
6742,WINDOWS,3,6,9
7150,TRUNKE,3,6,9
6005,BENGHAZI,5,4,9
5245,SACAGAWEA,8,1,9
10871,DIEDE,1,8,9
8311,GILT,2,7,9
7381,SAZ,2,7,9
8325,VESPI,2,7,9
8614,COPD,1,8,9
8521,DEMUR,2,7,9
9232,RATONE,1,8,9
6626,OBFUSCATE,3,6,9
6395,WOOLLEN,4,5,9
8507,EXPEN,2,7,9
11121,PRATTLE,1,8,9
6194,REMISE,4,5,9
9274,CONTRIB,1,8,9
9368,SHAT,1,8,9
6487,HERBED,4,5,9
8223,DICIENDO,2,7,9
5922,RM6,5,4,9
12377,SLOBBER,1,8,9
5317,STACIE,7,2,9
9748,ORB,1,8,9
8969,SONATA,1,8,9
8794,EILEN,1,8,9
5302,ENFIELD,7,2,9
8238,WEIRDNESS,2,7,9
5091,FORESIGHTE,8,1,9
8240,UNFILE,2,7,9
5932,OVERED,5,4,9
7415,SCOURGE,2,7,9
6101,ECIG,4,5,9
8800,JELL,1,8,9
4914,STUPEFY,9,0,9
11987,GLOWER,1,8,9
6085,REQUALIFIE,4,5,9
9640,EC,1,8,9
7387,SILKSCREEN,2,7,9
12254,FAHAD,1,8,9
6810,AETNA,3,6,9
6511,SRI,4,5,9
5707,DECREMENTE,6,3,9
5484,RECHROME,6,3,9
8441,ADVENTURESOME,2,7,9
9898,4,1,8,9
7759,ENLIGHTE,2,7,9
9091,FLUE,1,8,9
10189,DEET,1,8,9
5149,FEETE,8,1,9
5473,DIEHARD,6,3,9
7886,ALTEC,2,7,9
12112,NORCROSS,1,8,9
6690,REINVESTIGATE,3,6,9
12436,OPP,1,8,9
8716,AGUIRRE,1,8,9
8024,LATERALE,2,7,9
10219,LAM,1,8,9
5201,REPLANNE,8,1,9
10223,WWR,1,8,9
6282,STRETCHERE,4,5,9
10227,KIKE,1,8,9
5600,JECTE,6,3,9
10989,DEHUMIDIFY,1,8,9
5174,SHANGHAI,8,1,9
6277,SNIDE,4,5,9
8451,PROCE,2,7,9
7958,STONYFIELD,2,7,9
7180,OVERVIEWE,3,6,9
10171,SPECTROMETER,1,8,9
12159,DIETER,1,8,9
8643,FORSEN,1,8,9
5160,JIGGERE,8,1,9
8841,RACECAR,1,8,9
8411,ALCOA,2,7,9
4974,WHIPSAW,9,0,9
6904,POLYMERIZE,3,6,9
11020,UNDISCLOSED,1,8,9
6613,VOLATILIZE,3,6,9
9456,THORI,1,8,9
5648,AQUITTE,6,3,9
7248,ESPY,2,7,9
8382,BAYTOWN,2,7,9
6911,TROMPE,3,6,9
6304,RECOMPENSE,4,5,9
5158,ACHEIVE,8,1,9
5690,DEPRAVE,6,3,9
6043,CARBONE,5,4,9
9910,TRIVET,1,8,9
5505,ROADE,6,3,9
12355,TORGUSSEN,1,8,9
5612,FECTE,6,3,9
10144,D7,1,8,9
7785,UL,2,7,9
6616,TOOLSHE,3,6,9
11919,SLINGSHOT,1,8,9
10058,SAGEM,1,8,9
12437,FD1,1,8,9
5677,SPATTER,6,3,9
9946,MIKEY,1,8,9
9070,EVER,1,8,9
7588,RISHTA,2,7,9
6224,PDP,4,5,9
6267,UNDIRECTE,4,5,9
7920,MERSA,2,7,9
7581,QUINTET,2,7,9
8128,CANTEEN,2,7,9
6478,FENNEL,4,5,9
5582,PLEDGETE,6,3,9
7927,PIDDLE,2,7,9
11857,TENTH,1,8,9
6877,SUBUNIT,3,6,9
8749,PRECISION,1,8,9
6225,UNBLEMISHE,4,5,9
9215,BINARY,1,8,9
6570,IMPLEADE,3,6,9
12480,SAFRAN,1,8,9
8626,BUFFA,1,8,9
6222,FENESTRATE,4,5,9
9384,UNBOSSE,1,8,9
6219,HASHTAGGE,4,5,9
5394,NONPLUS,7,2,9
12250,EQUILIBRATE,1,8,9
10415,ELIT,1,8,9
6574,BEGUILE,3,6,9
11035,GLIMMER,1,8,9
11218,PRITCHARD,1,8,9
10923,SUPPLICATE,1,8,9
8851,OHAYO,1,8,9
6992,SNIPPET,3,6,9
6462,INCRIMINATE,4,5,9
12446,KASRA,1,8,9
11244,TEAKWOOD,1,8,9
11064,RINGO,1,8,9
6260,WILCOX,4,5,9
6259,ANTEED,4,5,9
5445,IP,7,2,9
10757,SHAKESPEARE,1,8,9
5131,DISEMBOWEL,8,1,9
6967,REANIMATE,3,6,9
6252,DOWNSCALE,4,5,9
5772,FANGLE,5,4,9
6010,GOBBLEDYGOOK,5,4,9
5559,THATCH,6,3,9
7265,CURDLE,2,7,9
5786,POLYCHLORINATE,5,4,9
9033,AJISEN,1,8,9
12064,SIMULCAST,1,8,9
9290,REVIN,1,8,9
9032,136TH,1,8,9
9396,CATALÀ,1,8,9
7609,WERD,2,7,9
5805,REBADGE,5,4,9
5428,SHAVEN,7,2,9
12390,VANCOUVER,1,8,9
8882,BRENNA,1,8,9
6886,LEFTE,3,6,9
12337,SOUT,1,7,8
6735,NIGHTE,3,5,8
6494,FORSWORN,4,4,8
6707,UNINTERESTED,3,5,8
5172,ANTICOAGULATE,8,0,8
9348,PURVEY,1,7,8
9471,SHIMLA,1,7,8
9338,RUM,1,7,8
8405,CRYSTIANNA,2,6,8
6647,REFLEXE,3,5,8
8416,VERSIO,2,6,8
6724,LENGTHWISE,3,5,8
12328,RAR,1,7,8
6643,SPECCE,3,5,8
7181,BRUSQUE,3,5,8
6098,TUSA,4,4,8
6505,RIBOSOME,4,4,8
6443,CERTAINTEED,4,4,8
6672,AXEL,3,5,8
8529,ELECTRONIC,2,6,8
6677,REDSHIRTE,3,5,8
5215,UNDERCOUNTE,8,0,8
7156,BRUIT,3,5,8
12372,NANOOSE,1,7,8
8490,ANGLICIZE,2,6,8
10804,PAPERCLIP,1,7,8
12329,MERMAID,1,7,8
6689,COMPLECT,3,5,8
6453,SHAMPO,4,4,8
5141,DARKE,8,0,8
6666,LILO,3,5,8
9503,AKAN,1,7,8
11292,RAZZLE,1,7,8
8439,UNACCREDITE,2,6,8
6654,JIMMY,3,5,8
8327,NEATEN,2,6,8
9558,UNTAPPED,1,7,8
5199,INSTANTIATE,8,0,8
9428,SMOKIN,1,7,8
9297,DEROGATE,1,7,8
6114,BOOTSTRAPPE,4,4,8
9351,YAHOO,1,7,8
6702,PIZZOLI,3,5,8
6640,CBD,3,5,8
6577,LASSO,3,5,8
9574,LIMONADE,1,7,8
7617,REEMPHASIZE,2,6,8
6527,DOOTSIE,4,4,8
7673,SWANK,2,6,8
6966,INSEMINATE,3,5,8
5768,PARTAKEN,5,3,8
6969,RESEAT,3,5,8
6534,COLONISE,4,4,8
6244,TRITE,4,4,8
10325,DECONTROL,1,7,8
11856,SEESAW,1,7,8
12576,STINT,1,7,8
11410,TEXAS,1,7,8
5804,KIRSTEN,5,3,8
5645,RESHINGLE,6,2,8
6233,LIFEGUARDE,4,4,8
10375,MRSA,1,7,8
5812,DISSEMBLE,5,3,8
7598,ELIDE,2,6,8
10391,UNREGULATED,1,7,8
11927,UNCONCERNED,1,7,8
12044,VENMO,1,7,8
12043,SUNKISSE,1,7,8
5822,DEFENSED,5,3,8
5824,ENDUE,5,3,8
7003,IPA,3,5,8
10740,UNENROLLE,1,7,8
11844,INGRATIATE,1,7,8
5728,AIRSHE,6,2,8
6274,DISARRAY,4,4,8
10115,LEASEHOLD,1,7,8
11922,TRITIATE,1,7,8
8296,DALVIK,2,6,8
10125,RETRANSMIT,1,7,8
7802,PERFE,2,6,8
5670,DECAFFEINATE,6,2,8
7797,F-16S,2,6,8
12132,CONVOLVE,1,7,8
5675,RAREFY,6,2,8
7784,TOUSLE,2,6,8
6918,GOVAN,3,5,8
11711,SPINDLE,1,7,8
10163,AIRSPEED,1,7,8
6926,WERDEN,3,5,8
5693,STARDUST,6,2,8
6041,ASCARE,5,3,8
9086,VALERIE,1,7,8
6037,ABUZZ,5,3,8
5704,RUSTICATE,6,2,8
10858,BEAUT,1,7,8
7257,SWATCHE,2,6,8
6288,SUDAFE,4,4,8
7723,FLANGE,2,6,8
7566,HERESY,2,6,8
7563,WEATHERPROOF,2,6,8
5843,NUCLEATE,5,3,8
12556,DESKEY,1,7,8
10892,D2,1,7,8
5946,MAKEN,5,3,8
6170,SODIUM,4,4,8
7382,TRAITE,2,6,8
7373,KORI,2,6,8
7370,UNHERALDED,2,6,8
10878,UNSTOPPED,1,7,8
10629,MINNETONKA,1,7,8
5977,UNSTAMPED,5,3,8
5980,UNMOTIVATE,5,3,8
7342,SHINSEN,2,6,8
7094,OVERSTAFFED,3,5,8
6580,AMBERE,3,5,8
10656,FF,1,7,8
7325,TODA,2,6,8
10672,SECURITA,1,7,8
7105,ZILCH,3,5,8
7311,DURANGO,2,6,8
6002,BAPTISE,5,3,8
7305,ENCORE,2,6,8
7106,PAPASAN,3,5,8
7107,ISLANDE,3,5,8
6152,AIRTIGHT,4,4,8
7068,OUTMANEUVER,3,5,8
7414,BETTERMENT,2,6,8
9020,ENIX,1,7,8
11446,FAIN,1,7,8
7542,CHECKERBOARD,2,6,8
7541,LUKAS,2,6,8
8833,UNDISCIPLINE,1,7,8
7535,FRIZZLE,2,6,8
6218,DESPOIL,4,4,8
7014,MOHAMME,3,5,8
12022,FRANGIE,1,7,8
6598,RESEQUENCE,3,5,8
6214,SPRINGBROOK,4,4,8
8763,CLARE,1,7,8
10480,CONCOURSE,1,7,8
7501,REVUE,2,6,8
9002,FESTE,1,7,8
7038,AIMSWEB,3,5,8
7044,DESELECTE,3,5,8
7045,BERTH,3,5,8
7459,WHOP,2,6,8
5911,CROQUET,5,3,8
5917,INTERLINE,5,3,8
7051,UNMOLESTE,3,5,8
7052,OLUFSEN,3,5,8
10549,CHRYSTEN,1,7,8
5927,COOPERSTOWN,5,3,8
7822,SKEEVY,2,6,8
5662,OVERREPRESENTE,6,2,8
7832,SEXIFIE,2,6,8
8191,SHEDDE,2,6,8
7203,BLACKMUN,3,5,8
6384,BARKAS,4,4,8
9222,FOODBORNE,1,7,8
9745,STROYE,1,7,8
6792,SOON,3,5,8
5382,RESTAINE,7,1,8
5387,DEWORME,7,1,8
7210,REFFERE,3,5,8
9762,BEELINE,1,7,8
9216,ELIZ,1,7,8
6806,CORSTEN,3,5,8
5408,AIDEN,7,1,8
6366,RETUCKE,4,4,8
8118,DIRTE,2,6,8
6812,DEBUG,3,5,8
6816,OUTSPOKEN,3,5,8
9831,OMU,1,7,8
12431,HEADWIND,1,7,8
11333,DUCE,1,7,8
6361,RESCALE,4,4,8
11068,SALEM,1,7,8
12613,REPOE,1,7,8
5460,ANOUNCE,6,2,8
8618,CASSELL,1,7,8
11801,YEAHHH,1,7,8
6346,NIZE,4,4,8
8202,PRATE,2,6,8
5256,FOKEN,8,0,8
5258,HIGHTSTOWN,8,0,8
9594,LINGUA,1,7,8
6090,MINIMISE,4,4,8
6747,FRANKSEN,3,5,8
11319,UNADJUSTE,1,7,8
6753,RICHE,3,5,8
9631,SMOOCH,1,7,8
5294,HAREBRAINE,7,1,8
9644,NWEA,1,7,8
8250,TWEEZE,2,6,8
12279,GUESTE,1,7,8
6406,REDEPOSIT,4,4,8
6760,SPINAL,3,5,8
9671,NOSEBLEED,1,7,8
8227,UNLV,2,6,8
6762,UNISSUE,3,5,8
9241,B5,1,7,8
6402,RECHRISTENE,4,4,8
12267,LUMINATE,1,7,8
6399,BLINGE,4,4,8
6777,PIMPLE,3,5,8
5344,DISINHIBITE,7,1,8
9870,MARIE,1,7,8
12222,WENTE,1,7,8
8051,HADDE,2,6,8
9133,W3,1,7,8
8671,ICS,1,7,8
8040,ROSEN,2,6,8
8675,BITCHY,1,7,8
10006,WEEKNIGHT,1,7,8
7915,PINSTRIPE,2,6,8
7914,CONFEDERATE,2,6,8
7910,KARKE,2,6,8
10019,BEJEWEL,1,7,8
6051,UNLIT,5,3,8
11032,SHOVIN,1,7,8
6322,PRECONDITION,4,4,8
8893,BLAB,1,7,8
5535,RECOMMENCE,6,2,8
7243,RADIUSE,2,6,8
5624,REBOOKE,6,2,8
11029,GAUDY,1,7,8
7858,DEARBORN,2,6,8
8894,TETRA,1,7,8
7852,LABOUR,2,6,8
9110,OW,1,7,8
5637,GLASSY,6,2,8
6907,PEAL,3,5,8
12464,KOONTZY,1,7,8
7833,HACKNEYE,2,6,8
12543,ALIBIS,1,7,8
5583,OPINIONATE,6,2,8
9945,PALSY,1,7,8
12609,SLAG,1,7,8
7222,UNCLEARED,3,5,8
5511,FREEZED,6,2,8
6617,REJIGGERE,3,5,8
5525,ENRAPTURE,6,2,8
5498,EMBITTER,6,2,8
6860,COUNTERMAND,3,5,8
11205,CROCK,1,7,8
7983,UNSKILLE,2,6,8
6341,WREST,4,4,8
8668,SPORTSME,1,6,7
9114,BELIEVIN,1,6,7
9201,TUN,1,6,7
6535,LENTEN,4,3,7
9324,FOREBAY,1,6,7
8545,MISCALL,1,6,7
6612,UNBUTTONED,3,4,7
8751,BARRAGE,1,6,7
8581,UNDERCOOKE,1,6,7
8660,UNSORTED,1,6,7
9129,UNDERACHIEVED,1,6,7
9272,SMOKESCREEN,1,6,7
9121,WINDSCREEN,1,6,7
6592,GRADY,3,4,7
9093,UNEXPENDED,1,6,7
8868,LAX,1,6,7
9291,TIPPET,1,6,7
11759,DOFF,1,6,7
9145,URSA,1,6,7
8631,MANACLE,1,6,7
12603,152ND,1,6,7
12567,SMARTENE,1,6,7
9035,SCHULTZY,1,6,7
8891,LAYHA,1,6,7
9055,SLOUGH,1,6,7
9159,IMPEDIMENT,1,6,7
8555,LADE,1,6,7
5721,MISPERCEIVE,6,1,7
11560,TACKLER,1,6,7
5601,ARGUMENTE,6,1,7
9952,NIG,1,6,7
5892,HOLYOKE,5,2,7
7091,RUPTE,3,4,7
6332,TWERKE,4,3,7
11965,DUSEN,1,6,7
9972,YUCK,1,6,7
5555,CARVEN,6,1,7
5558,UNDERNOURISH,6,1,7
5851,FLUORINATE,5,2,7
7086,ATTACTE,3,4,7
6874,MAMMOGRAM,3,4,7
5570,DEIONIZE,6,1,7
11568,GARIBAY,1,6,7
7911,COPULATE,2,5,7
10020,ABE,1,6,7
5591,ANTHOLOGIZE,6,1,7
5593,UNBURDENED,6,1,7
7893,ARLEN,2,5,7
5961,UNFOCUSED,5,2,7
5956,OVERSTIMULATE,5,2,7
7888,IMMOLATE,2,5,7
10502,DEEJAY,1,6,7
5983,OVERHYPE,5,2,7
5531,CHANIN,6,1,7
6342,ATTAINT,4,3,7
5464,FRACTIONALIZE,6,1,7
6837,LARSA,3,4,7
9869,APWA,1,6,7
8058,BANTAMWEIGHT,2,5,7
8054,POUCO,2,5,7
8045,POKIN,2,5,7
6844,PRIMERE,3,4,7
5474,2.4,6,1,7
8027,UNCOORDINATE,2,5,7
8019,BIRTHRIGHT,2,5,7
6866,SANTEN,3,4,7
8016,ORNA,2,5,7
6340,BIOPSIE,4,3,7
7498,UNMUTED,2,5,7
6204,KIMONO,4,3,7
10647,LEFKE,1,6,7
11351,WID,1,6,7
7017,TYPESET,3,4,7
5984,GARLI,5,2,7
7982,ALLE,2,5,7
6169,REFABRICATE,4,3,7
7883,WOLVEN,2,5,7
6351,COHABIT,4,3,7
6893,MOTORISE,3,4,7
7475,SORB,2,5,7
7706,ETNA,2,5,7
10240,ESCALADE,1,6,7
12012,ECON,1,6,7
6273,REWRAPPE,4,3,7
7427,FARSI,2,5,7
5733,IMBED,5,2,7
5736,ECUA,5,2,7
12045,SHHH,1,6,7
7681,OFFBEAT,2,5,7
5920,DEFOLIATE,5,2,7
11389,GRIFTE,1,6,7
5919,MOTTLE,5,2,7
11700,RESTRUCK,1,6,7
7657,DIEBOLD,2,5,7
6250,SUPPOSTE,4,3,7
5815,DOMAINE,5,2,7
7451,BEARER,2,5,7
12002,EEEN,1,6,7
6239,OVERBILLE,4,3,7
10331,PILO,1,6,7
6937,SEPERATE,3,4,7
6935,PALOOKAS,3,4,7
5710,LB3,6,1,7
5942,SUPERSATURATE,5,2,7
7875,OUTMUSCLE,2,5,7
6309,REMELTE,4,3,7
7864,BEDRAGGLE,2,5,7
12153,OVERRAN,1,6,7
7037,CHILSEN,3,4,7
10426,PIXAL,1,6,7
10086,FAUST,1,6,7
6177,STANDERE,4,3,7
7834,HILTE,2,5,7
10123,FACETIME,1,6,7
7732,PRODUCTE,2,5,7
7555,GLITCHE,2,5,7
10891,SLEDDE,1,6,7
5692,HELICOPTERE,6,1,7
11831,78,1,6,7
7756,DANDER,2,5,7
10575,KASAA,1,6,7
10574,ABSCENT,1,6,7
5838,GAMIFIE,5,2,7
11836,DECOMPENSATE,1,6,7
6350,SPALLE,4,3,7
11620,UNRETIRED,1,6,7
8073,BARITONE,2,5,7
7508,ONSLAUGHT,2,5,7
6694,LAURENT,3,4,7
8426,AVALANCHE,2,5,7
6072,FETID,5,2,7
10792,APO,1,6,7
8397,PUNDIT,2,5,7
11173,PAVA,1,6,7
8390,RESPAWN,2,5,7
6063,TIZE,5,2,7
8375,POKEY,2,5,7
7027,DECIEDE,3,4,7
6130,GERUND,4,3,7
9505,OVERTHOUGHT,1,6,7
8364,BEANIE,2,5,7
8353,EXCUSA,2,5,7
8351,PATTEN,2,5,7
6131,STANDARDISE,4,3,7
9543,OVERAWE,1,6,7
6132,ISSE,4,3,7
6732,STEEPEN,3,4,7
6428,SISTE,4,3,7
9563,SHERRI,1,6,7
6693,KILTE,3,4,7
9426,PILSEN,1,6,7
6686,TOMBSTONE,3,4,7
6670,REARM,3,4,7
8542,BURLAPPE,1,6,7
10830,MAINSTAY,1,6,7
7167,HARRASSE,3,4,7
7168,THROWDOWN,3,4,7
7176,RESPRAYE,3,4,7
9361,PULSATE,1,6,7
6488,SMIRCH,4,3,7
7186,TIPA,3,4,7
9365,ANCE,1,6,7
7495,SCHMOOZE,2,5,7
11904,CHIFFON,1,6,7
7192,LUNDI,3,4,7
9378,I-75,1,6,7
8493,BOTANY,2,5,7
11729,SEQUENTIAL,1,6,7
7197,DOMESTIC,3,4,7
11179,CFPB,1,6,7
9391,APROX,1,6,7
9398,COPYCAT,1,6,7
6074,SCATTERBRAINE,5,2,7
6740,BAREHEADE,3,4,7
6418,DEOXYGENATE,4,3,7
6047,GLADSTONE,5,2,7
11942,VINÍCIUS,1,6,7
8174,HAUSA,2,5,7
6383,VARIATE,4,3,7
7113,PRONATE,3,4,7
8150,CHEAPE,2,5,7
9765,GARMENT,1,6,7
11328,FRIZZ,1,6,7
5400,NALE,7,0,7
5403,FROSTBITTEN,7,0,7
12241,CHALTEN,1,6,7
6807,SPECIALISE,3,4,7
8194,PILLARE,2,5,7
8125,UNIMPEDE,2,5,7
5416,COMPARTMENTALISE,7,0,7
7297,CNG,2,5,7
10914,DEDE,1,6,7
11082,EMBARRASSMENT,1,6,7
7511,OSE,2,5,7
9833,KURETA,1,6,7
10475,HUSTE,1,6,7
11060,METHADONE,1,6,7
6387,DEATHBE,4,3,7
12260,UNACCEPTE,1,6,7
8200,CHELATE,2,5,7
9643,UNLIGHTE,1,6,7
11130,SLIPPERE,1,6,7
7131,CHILEAN,3,4,7
7252,LAWANNA,2,5,7
5261,UNSEWN,7,0,7
11794,HARDEE,1,6,7
7262,NETTLE,2,5,7
6751,CONCEPTE,3,4,7
7266,ADSORB,2,5,7
7271,GILAD,2,5,7
6033,CATCALL,5,2,7
6027,HIBITE,5,2,7
8229,TESTBE,2,5,7
5886,DEAUTHORIZE,5,2,7
6403,BIDEN,4,3,7
9693,ROBUX,1,6,7
7284,MIKAN,2,5,7
11941,RACQUET,1,6,7
8208,SILA,2,5,7
9710,JELLY,1,6,7
7458,GESTE,2,5,7
10523,FLUORESCE,1,5,6
10507,ARSHAD,1,5,6
11642,ARSON,1,5,6
10517,TEARDOWN,1,5,6
10496,COMPAÑÍA,1,5,6
9331,RESTRUNG,1,5,6
11680,SIO,1,5,6
8926,FRENZIED,1,5,6
8877,GARBARINO,1,5,6
10771,SWIMME,1,5,6
11921,RECONSOLIDATE,1,5,6
11651,EPITOMISE,1,5,6
10873,UNAMENDE,1,5,6
8905,SAFKA,1,5,6
11251,RAST,1,5,6
10665,THANKIN,1,5,6
10875,EXPLICATE,1,5,6
11257,ROJI,1,5,6
10641,SCRUTINISE,1,5,6
11460,LONNA,1,5,6
10533,BAA,1,5,6
8943,DODI,1,5,6
11982,CASHMERE,1,5,6
11870,LOLL,1,5,6
10592,ANNUITIZE,1,5,6
10582,DECARBONIZE,1,5,6
11993,LOCKSTEP,1,5,6
10561,GPSD,1,5,6
11996,ITALIAN,1,5,6
11866,JENSEN,1,5,6
10552,GRADEBOOK,1,5,6
8980,SOIREE,1,5,6
11470,KOSHERE,1,5,6
10094,ENEMAS,1,5,6
12491,FILER,1,5,6
11353,KVELD,1,5,6
12286,COLUMNE,1,5,6
9637,UNCASHE,1,5,6
11203,GENIN,1,5,6
9657,MIDWAY,1,5,6
9683,EXPIATE,1,5,6
9698,UNTRACKED,1,5,6
11323,CICADA,1,5,6
11095,DEXTROSE,1,5,6
9210,NAVD,1,5,6
11722,DISKEN,1,5,6
12430,GAFFE,1,5,6
9821,ELIZABETHTOWN,1,5,6
9839,REPLETE,1,5,6
11081,TUMBA,1,5,6
9913,REUTER,1,5,6
11349,UNDEFINED,1,5,6
9927,TID,1,5,6
12442,DALEK,1,5,6
12192,HIGHBUSH,1,5,6
12298,IIKE,1,5,6
9254,CRUMP,1,5,6
9256,STUBBLE,1,5,6
9403,CONSOLER,1,5,6
12380,ALTRUSA,1,5,6
11191,SUNI,1,5,6
12379,LUCAS,1,5,6
11187,FOGO,1,5,6
9318,63,1,5,6
11193,REFASHION,1,5,6
9377,CUPID,1,5,6
9383,BROOKHAVEN,1,5,6
9300,MATCHA,1,5,6
9582,KAYDEN,1,5,6
12343,DISCRETIZE,1,5,6
11175,KLIEG,1,5,6
11727,VFC,1,5,6
11198,DESIREE,1,5,6
11300,RUBBERISE,1,5,6
9537,RESCREW,1,5,6
9546,ACOSTA,1,5,6
12306,KIMSEN,1,5,6
9951,UNOCCUPIED,1,5,6
9161,FLIRTY,1,5,6
12019,SEQUELA,1,5,6
9957,TREMOR,1,5,6
10265,QUIETEN,1,5,6
9053,LOAFIE,1,5,6
10949,PLUMSTE,1,5,6
11853,HARDBACK,1,5,6
11854,CONFITE,1,5,6
10310,BEDEVIL,1,5,6
12067,UNPASSE,1,5,6
12062,CAME,1,5,6
10346,LINEARIZE,1,5,6
10388,WALDEN,1,5,6
11420,UNEDITED,1,5,6
11634,SIONE,1,5,6
12482,LOLI,1,5,6
10421,ABUELA,1,5,6
10428,POCK,1,5,6
12485,LARVA,1,5,6
12028,ERRORE,1,5,6
10474,DOJI,1,5,6
11429,ALLITERATE,1,5,6
12086,GOOOD,1,5,6
10248,BEZA,1,5,6
10241,72,1,5,6
10083,IVENNA,1,5,6
9965,SAVOUR,1,5,6
12183,STOCKADE,1,5,6
12447,BARNFIELD,1,5,6
10007,SPECTATE,1,5,6
12454,TORJUSSEN,1,5,6
9134,KINESIO,1,5,6
9132,FLOUT,1,5,6
12150,UNBURIE,1,5,6
10090,AUKEN,1,5,6
9074,SGT,1,5,6
12385,PROGNOSTICATE,1,5,6
10110,CLEVELAND,1,5,6
10137,OSS,1,5,6
10147,ENCYCLOPEDIA,1,5,6
10181,UNDERAPPRECIATED,1,5,6
9087,ATLAS,1,5,6
10190,BRUSHSTROKE,1,5,6
9077,UNDEFILE,1,5,6
10839,FORESTALL,1,5,6
8249,LANDOK,2,4,6
7549,CHALO,2,4,6
8440,ZINGE,2,4,6
6404,PWNE,4,2,6
7228,UNMAPPE,3,3,6
12594,WATSKY,1,5,6
6164,MOONSTONE,4,2,6
8701,CRACKDOWN,1,5,6
7643,STRAGGLE,2,4,6
6157,FALLOWE,4,2,6
6030,CHOPPERE,5,1,6
6147,REPUT,4,2,6
8432,PONO,2,4,6
8431,RECOMPOSE,2,4,6
8138,GLUT,2,4,6
8429,REFIX,2,4,6
7537,CHRISTIAN,2,4,6
7919,ANGULATE,2,4,6
7226,HALTER,3,3,6
6748,EED,3,3,6
8454,FINCA,2,4,6
8692,SHERMAN,1,5,6
7225,GARTEN,3,3,6
7923,MOULD,2,4,6
7926,PONE,2,4,6
7061,SEPTET,3,3,6
6168,RELASE,4,2,6
7158,UNREFINE,3,3,6
6374,MARBLEIZE,4,2,6
6178,CLUCKSTEN,4,2,6
7529,ANALE,2,4,6
6997,SERF,3,3,6
7939,SEIZA,2,4,6
7943,RAVEL,2,4,6
6127,UNHOUSE,4,2,6
7234,SONICATE,3,3,6
8424,GAIDEN,2,4,6
7239,TRANSPHOBIC,3,3,6
6504,BEH,4,2,6
6706,SECULARIZE,3,3,6
7357,CHERAN,2,4,6
7249,UNENFORCED,2,4,6
8358,BRAZE,2,4,6
6054,DECLUTTERE,5,1,6
8755,RETILE,1,5,6
7754,RIFFRAFF,2,4,6
6716,RITU,3,3,6
8169,UNLEASED,2,4,6
6486,INTERMIT,4,2,6
6722,SPECIATE,3,3,6
7376,RECURVE,2,4,6
8391,MASTE,2,4,6
8145,TARRANT,2,4,6
7909,SAPPY,2,4,6
8400,INTERMEDIA,2,4,6
6460,CICS,4,2,6
6459,DURNE,4,2,6
6093,DEPOWERE,4,2,6
6882,STRUCKE,3,3,6
7380,TRIPLICATE,2,4,6
8421,UNFULFILLED,2,4,6
8724,AMIA,1,5,6
7743,TRANSYL,2,4,6
6438,BRACKEN,4,2,6
8722,WELLJUST,1,5,6
6107,REFORGE,4,2,6
6109,OVERSUPPLIE,4,2,6
6434,LY,4,2,6
7944,BARSEN,2,4,6
8681,SOMERSAULT,1,5,6
7661,UNDERPRICE,2,4,6
7204,SPRINGBOARDE,3,3,6
6328,OCD,4,2,6
7212,RECKE,3,3,6
8063,SILICONE,2,4,6
7446,MARLE,2,4,6
8556,EDE,1,5,6
6324,DISPOSITIONE,4,2,6
6317,VENDEE,4,2,6
6256,BALLYHOOED,4,2,6
6312,DISORIENTATE,4,2,6
7448,TALIB,2,4,6
7208,SHAMPOOED,3,3,6
6305,ROCKERE,4,2,6
7182,DALLASTOWN,3,3,6
6801,RETASKE,3,3,6
8603,5I,1,5,6
12637,WHELP,1,5,6
8038,DARDEN,2,4,6
6301,GREATE,4,2,6
6297,GUNG,4,2,6
6293,BLUESHIELD,4,2,6
7474,DELE,2,4,6
8035,DETOXIFY,2,4,6
6266,VISUALISE,4,2,6
8021,GATTIS,2,4,6
6818,SKYLIT,3,3,6
8595,EVAPORATION,1,5,6
6278,SHORTHANDE,4,2,6
6281,PARRE,4,2,6
7194,OUTCASTE,3,3,6
8588,BO,1,5,6
7174,UNSATURATED,3,3,6
6248,BJORN,4,2,6
6365,WELVEN,4,2,6
7711,RESIGNATE,2,4,6
7520,SEMAPHORE,2,4,6
7725,CONFIGURATE,2,4,6
7718,COMATOSE,2,4,6
7959,COUNTENANCE,2,4,6
6202,TOKENIZE,4,2,6
6354,STRAITEN,4,2,6
8088,ROUTERE,2,4,6
6205,BEATIFY,4,2,6
6210,BARMAID,4,2,6
7500,CROSSBREED,2,4,6
12607,GORDA,1,5,6
7048,RASEN,3,3,6
8528,DENSE,2,4,6
7971,SYMP,2,4,6
7710,DEVALUATE,2,4,6
7218,ACCESE,3,3,6
6998,SPLINE,3,3,6
6226,GREENHORN,4,2,6
7671,RETARTE,2,4,6
7975,LIFELIKE,2,4,6
7426,OUTSET,2,4,6
7977,FIREPROOF,2,4,6
7430,LADEN,2,4,6
8078,REBOARDE,2,4,6
6227,CORPORATIZE,4,2,6
8075,CHEQUER,2,4,6
6829,UNGUARDE,3,3,6
7987,REIFY,2,4,6
6338,BOWLEGGE,4,2,6
7026,GESTATE,3,3,6
6509,DOWNSHIFTE,4,2,6
6284,GUSSIE,4,2,6
6026,INSCRIPTE,5,1,6
6659,REBIRTHE,3,3,6
5792,PULLDOWN,5,1,6
8281,PELLA,2,4,6
7314,CHERRIE,2,4,6
5816,PRIVATISE,5,1,6
6953,ECOZONE,3,3,6
5823,OUTMATCH,5,1,6
7287,REPIPE,2,4,6
7827,HULK,2,4,6
6566,LACTATE,3,3,6
5840,PRISE,5,1,6
6650,MENTHOLATE,3,3,6
8812,NAVARRE,1,5,6
7321,TONO,2,4,6
5856,UNIMPACTE,5,1,6
5944,ARICEPT,5,1,6
7322,GEA,2,4,6
5860,RESENTENCE,5,1,6
6549,BALEEN,3,3,6
5877,QWOP,5,1,6
7326,STAID,2,4,6
5878,UNPLANTE,5,1,6
5884,CHRISTIANIZE,5,1,6
6964,REWELD,3,3,6
5889,RARIFIE,5,1,6
5899,BORNE,5,1,6
7128,INGROWN,3,3,6
7083,INSET,3,3,6
5910,YARDE,5,1,6
8279,CHARACTERISE,2,4,6
8228,TAI,2,4,6
5787,ENCOUNTE,5,1,6
5781,UNUTILIZE,5,1,6
5463,WATERBOARDE,6,0,6
7118,TRANQUILIZE,3,3,6
6603,GAURAV,3,3,6
7614,ROCKLEDGE,2,4,6
5538,MISCONCEIVE,6,0,6
5550,INCOMMUNICADO,6,0,6
5586,BALKANIZE,6,0,6
7608,RECORE,2,4,6
7108,SUTO,3,3,6
5605,AUGMENTED,6,0,6
5607,MICROFILM,6,0,6
5647,TYPEWRITE,6,0,6
8266,SATYR,2,4,6
5680,BEETHOVEN,6,0,6
5696,BELAID,6,0,6
7619,O6,2,4,6
5700,SACROSANCT,6,0,6
7301,DROWNDE,2,4,6
8840,BRYCE,1,5,6
5727,UNEXPERIENCED,6,0,6
5737,INDENTIFIE,5,1,6
6610,ITTE,3,3,6
8828,COMPELLING,1,5,6
8275,PROVISO,2,4,6
5773,AFEARE,5,1,6
6629,UNCONVINCED,3,3,6
5774,TELECAST,5,1,6
5924,GELD,5,1,6
7093,REFILME,3,3,6
7571,SKITTER,2,4,6
6934,UNDERDRESSED,3,3,6
7859,SEXTE,2,4,6
8336,UNPRINCIPLED,2,4,6
5999,REMOULD,5,1,6
6004,BACKSTOPPE,5,1,6
7565,ELDRE,2,4,6
5949,PUBLICISE,5,1,6
8337,MADDEN,2,4,6
6510,LUNACY,4,2,6
8190,WISTEN,2,4,6
5952,UNRECORDED,5,1,6
8201,CHUFF,2,4,6
6683,SECURITIZE,3,3,6
7503,WWL,2,3,5
9333,ANEURYSM,1,4,5
12382,FRILLE,1,4,5
6501,LOOSENESS,4,1,5
7601,UNSPOILE,2,3,5
7605,CHIPBOARD,2,3,5
9737,SYAK,1,4,5
11754,ULE,1,4,5
8071,MAXIMISE,2,3,5
10373,TOPHER,1,4,5
8170,BORKE,2,3,5
9511,WSSR,1,4,5
9735,DYSGRAPHIA,1,4,5
11226,CACAO,1,4,5
7173,EXE,3,2,5
11103,UNADVERTISED,1,4,5
12219,ALEUT,1,4,5
6593,LIKE-,3,2,5
12083,PRINCESA,1,4,5
9506,BIFF,1,4,5
7147,CHRONO,3,2,5
7509,ELECTROLUX,2,3,5
8080,SLAVER,2,3,5
11778,LATIF,1,4,5
10380,KINGSWOOD,1,4,5
9501,ERATE,1,4,5
10378,BUMPY,1,4,5
7041,ROUGHEN,3,2,5
8532,DESPATCH,2,3,5
12299,GARAM,1,4,5
8278,SAGEBRUSH,2,3,5
8524,EXTEN,2,3,5
7510,LIGHTHEARTE,2,3,5
11235,SOURWOOD,1,4,5
8520,DEMERGE,2,3,5
6781,LUSUS,3,2,5
11234,BIZZLE,1,4,5
7552,MASTURBATE,2,3,5
11344,UNEXPRESSE,1,4,5
6780,RESORB,3,2,5
9343,ALESIS,1,4,5
8535,HELIUM,2,3,5
12330,LYMPHEDEMA,1,4,5
6458,JOURNALIZE,4,1,5
8550,FFRE,1,4,5
8362,SHOJI,2,3,5
7476,PHOTOBOMBE,2,3,5
6599,CONFID,3,2,5
11209,RECONTACT,1,4,5
7613,SASKEN,2,3,5
6703,GEOTAGGE,3,2,5
9658,SEYFRIE,1,4,5
8354,HARROW,2,3,5
7616,UNDESIGNE,2,3,5
7470,PINECR,2,3,5
11811,CLEARFIELD,1,4,5
12402,TERRA,1,4,5
7561,IMBE,2,3,5
8245,WWHD,2,3,5
11622,CUST,1,4,5
11762,ALGEA,1,4,5
7138,SAUK,3,2,5
10803,KRISTIN,1,4,5
7465,DIRECTV,2,3,5
9721,GOBS,1,4,5
6287,WANDE,4,1,5
7690,CHOUSEN,2,3,5
7687,REALZ,2,3,5
9635,ENCOM,1,4,5
8262,TRIFOLD,2,3,5
7023,PROCCE,3,2,5
11341,FQO,1,4,5
8175,REPAST,2,3,5
12636,CHARLOTTETOWN,1,4,5
11869,WIMPE,1,4,5
12290,DORN,1,4,5
8178,INTERPLANTE,2,3,5
6319,TEATE,4,1,5
8059,DLE,2,3,5
6791,TRIBULUS,3,2,5
8359,DOODOO,2,3,5
6698,UNEATEN,3,2,5
9306,TUPILAQ,1,4,5
9629,CLICKBAIT,1,4,5
9304,BEDECK,1,4,5
10887,PALMATE,1,4,5
9525,MICKE,1,4,5
6799,NORMALISE,3,2,5
8049,BAZOOKAS,2,3,5
11093,DEGLI,1,4,5
8047,HONEYCOMB,2,3,5
6349,DEVEN,4,1,5
7635,SKOOLE,2,3,5
6497,UNLOCATED,4,1,5
8449,SHORTCUTTE,2,3,5
6476,RG1,4,1,5
6663,CHECKERBOARDE,3,2,5
6736,DEMILITARIZE,3,2,5
10898,CASKET,1,4,5
11254,CONTUSE,1,4,5
11137,EV,1,4,5
11253,FEEI,1,4,5
8434,KYOUKO,2,3,5
6417,LIONIZE,4,1,5
10855,HEIPE,1,4,5
8135,UNCREATE,2,3,5
11766,SALEN,1,4,5
6731,ELKO,3,2,5
6739,REAWAKEN,3,2,5
11790,SUPERE,1,4,5
6516,ACIDIFY,4,1,5
9764,RIPRE,1,4,5
6479,NONVERBAL,4,1,5
9548,SPLOTCH,1,4,5
7644,REDUCTE,2,3,5
8131,OVEREXERT,2,3,5
9757,SOLVABLE,1,4,5
6425,CISGENDERE,4,1,5
11186,VANITA,1,4,5
9783,UNREDACTED,1,4,5
6540,BADASS,3,2,5
8015,UNINSULATE,2,3,5
12034,LAGU,1,4,5
8198,WRITEN,2,3,5
8420,PRIVATELY,2,3,5
9707,SNOOPY,1,4,5
6733,DEADHEADE,3,2,5
8406,ADJURNE,2,3,5
8422,CONCATENATE,2,3,5
7085,SLABTOWN,3,2,5
8423,LAMPE,2,3,5
9772,LIANCA,1,4,5
6538,THOROLD,4,1,5
6465,B-24,4,1,5
7087,MANUMIT,3,2,5
8323,DEIFY,2,3,5
8197,RECRYSTALLIZE,2,3,5
6433,DISINTEREST,4,1,5
12350,KENNEN,1,4,5
6432,FUDDLE,4,1,5
6430,NEKKE,4,1,5
9564,QUALEN,1,4,5
8123,APOCRYPHAL,2,3,5
7127,REEDE,3,2,5
7590,VIVIANNE,2,3,5
9822,DESCANSEN,1,4,5
9596,SICKBE,1,4,5
9749,DELINQUENCY,1,4,5
12370,CPP,1,4,5
12273,SEFT,1,4,5
9598,RMT,1,4,5
6773,ANTLERE,3,2,5
7521,OVERSTUFF,2,3,5
6355,DISCLUDE,4,1,5
11240,FREZZ,1,4,5
9376,UNDERDEVELOPED,1,4,5
11885,LOCALLY,1,4,5
9375,FISKEN,1,4,5
12373,SUBTERRA,1,4,5
11889,SHARTE,1,4,5
8099,DISRELATE,2,3,5
12079,TIMESHARE,1,4,5
7515,DRAGGLE,2,3,5
8095,CITIFY,2,3,5
11779,TEMPEST,1,4,5
8094,UNREPAIRE,2,3,5
6734,SISSIFIE,3,2,5
6719,INFARCTE,3,2,5
6373,SPELLBOUND,4,1,5
9806,OUTSOLD,1,4,5
11327,PINECREST,1,4,5
12305,TROMMEL,1,4,5
6393,MODERNISE,4,1,5
6727,PARASITIZE,3,2,5
8310,GALVAN,2,3,5
8334,DIGIS,2,3,5
7092,OVERMEDICATE,3,2,5
8214,MANMADE,2,3,5
11730,BANGLA,1,4,5
12268,UNPREDICTED,1,4,5
12234,AMBRÓSIO,1,4,5
11247,UNMENTIONE,1,4,5
8109,SHAKEDOWN,2,3,5
6755,CLIMBIN,3,2,5
9487,QUILTER,1,4,5
10296,BROADAX,1,4,5
11864,REEFA,1,4,5
8348,SBA.GOV,2,3,5
10385,CHOR,1,4,5
12369,CRP,1,4,5
8468,UNTAME,2,3,5
6563,QUARRELSOME,3,2,5
8413,DICOVERE,2,3,5
10360,FUE,1,4,5
6175,KISMET,4,1,5
8736,COMPRAR,1,4,5
6009,THAI,5,0,5
6067,REVACCINATE,5,0,5
6941,IMPROMPTU,3,2,5
6991,CUTESY,3,2,5
10937,DANGA,1,4,5
9039,BACKLASH,1,4,5
10100,MICROSIL,1,4,5
9040,APPLEWOOD,1,4,5
10099,SATIS,1,4,5
5845,WEBCASTE,5,0,5
6954,REPETE,3,2,5
9041,ENCE,1,4,5
7739,SUSA,2,3,5
11913,SALIVA,1,4,5
5855,CORTEN,5,0,5
6906,ENTE,3,2,5
12553,SHEDULE,1,4,5
5866,REMEASURE,5,0,5
7393,PALPATE,2,3,5
8806,TEBE,1,4,5
6165,FRAKKE,4,1,5
6181,SONA,4,1,5
10667,RESOLVER,1,4,5
8670,TWILL,1,4,5
12509,EXFOLIATE,1,4,5
5814,OVERFISHE,5,0,5
10669,RIVETTE,1,4,5
6902,SIGMUND,3,2,5
7410,SUCCESSE,2,3,5
11682,GLIT,1,4,5
8679,OFFSHOOT,1,4,5
11576,OLDFIELD,1,4,5
11574,CORNSTARCH,1,4,5
7887,WAIVERE,2,3,5
12102,EXPATRIATE,1,4,5
5827,WAPA,5,0,5
8779,KABOOM,1,4,5
6193,DISFRANCHISE,4,1,5
6183,SEQUINE,4,1,5
7947,MANFRED,2,3,5
10668,FACEBOOKE,1,4,5
11650,BURSTYN,1,4,5
6842,TABOO,3,2,5
12510,DESALINATE,1,4,5
7406,RETICULATE,2,3,5
9140,THREEFOLD,1,4,5
8734,COWBOYE,1,4,5
9111,BRILLO,1,4,5
7230,PIXELIZE,3,2,5
6867,RHABDO,3,2,5
11037,ROCKEFELLER,1,4,5
6077,AWESO,5,0,5
5974,REARRESTE,5,0,5
9048,PELAYO,1,4,5
7844,AMPO,2,3,5
6929,KNURLE,3,2,5
6096,UNFED,4,1,5
12471,OMAFRA,1,4,5
7902,REMBRANDT,2,3,5
10605,GIESSEN,1,4,5
6885,MISGENDERE,3,2,5
6089,JOGGLE,4,1,5
10170,UNREQUITED,1,4,5
7745,SERFS,2,3,5
6087,DEVIDE,4,1,5
6899,DAGGERE,3,2,5
6084,SAPRU,4,1,5
8784,JUL,1,4,5
10613,SEH,1,4,5
6972,MARKERE,3,2,5
12113,SMUN,1,4,5
5923,PENALISE,5,0,5
6973,UNCLEANED,3,2,5
11666,BARFIELD,1,4,5
10087,SUBORN,1,4,5
11558,SOJU,1,4,5
10203,UNEXPIRED,1,4,5
7916,ONSTE,2,3,5
10008,KNACKERE,1,4,5
10727,BONY,1,4,5
12107,DABIT,1,4,5
6146,SUFFUSE,4,1,5
8801,RODENTICIDES,1,4,5
10012,SAPUTO,1,4,5
7277,KARELA,2,3,5
12561,OSKOL,1,4,5
8968,REVEAI,1,4,5
10958,TIMKEN,1,4,5
9089,HEHE,1,4,5
6145,ORDINAY,4,1,5
10016,INTERSPACE,1,4,5
6129,CHARDONNAY,4,1,5
11481,DISTEMPER,1,4,5
6119,REFLECTORIZE,4,1,5
8971,PREEN,1,4,5
6039,CLIMATIZE,5,0,5
11437,CORTINA,1,4,5
10675,OVERINDULGE,1,4,5
8623,HOUTEN,1,4,5
7814,SURINAME,2,3,5
7874,TERESTE,2,3,5
11605,ORDWAY,1,4,5
8611,UNDISCUSSED,1,4,5
12197,PERCE,1,4,5
9236,STANKE,1,4,5
10707,ROX,1,4,5
12621,PUNCHY,1,4,5
8616,BAKIN,1,4,5
8000,SWATHE,2,3,5
7700,C-51,2,3,5
6058,SHEEN,5,0,5
11071,GIF,1,4,5
7873,PEWTER,2,3,5
11007,LIBERALISE,1,4,5
8887,ALO,1,4,5
11903,ONCE,1,4,5
6253,PROPAGANDIZE,4,1,5
6824,MOSTE,3,2,5
7413,BLITHE,2,3,5
11597,WISHI,1,4,5
6057,WINGHAVEN,5,0,5
10967,TYREE,1,4,5
7009,PAVAN,3,2,5
12118,CRUSADE,1,4,5
11846,DOGMA,1,4,5
6283,WINFRED,4,1,5
7193,COURIERE,3,2,5
7462,RYOKAN,2,3,5
6272,MUST,4,1,5
7787,BKB,2,3,5
12202,HAKONSEN,1,4,5
12488,KURD,1,4,5
12487,PAPPE,1,4,5
8600,GUISE,1,4,5
9242,CHIHUAHUAS,1,4,5
7361,REDOUND,2,3,5
11614,BESTEN,1,4,5
6949,UNDISPLACED,3,2,5
11705,COLFAX,1,4,5
6948,ESALEN,3,2,5
6819,IMITE,3,2,5
9018,CSR,1,4,5
12126,FELCH,1,4,5
6821,SPLUTTER,3,2,5
7302,UNRESTRAINED,2,3,5
10191,BATTING,1,4,5
7216,SREC,3,2,5
8744,NACHUS,1,4,5
10543,SLP,1,4,5
9191,MANFRE,1,4,5
11419,WAKELAND,1,4,5
6216,HATFIELD,4,1,5
10049,DOWNZONE,1,4,5
7254,ATIVAN,2,3,5
9182,CALCINE,1,4,5
8913,PAGINATE,1,4,5
6942,PERSONALISE,3,2,5
7714,DICTA,2,3,5
9176,NO.1,1,4,5
11690,PERMUTE,1,4,5
8916,27,1,4,5
6211,LAPIS,4,1,5
7221,RERIGGE,3,2,5
12605,STARLIT,1,4,5
9961,XML,1,4,5
10677,HERMANO,1,4,5
9168,MYSTERION,1,4,5
12186,OVERCOMPLICATE,1,4,5
7716,INCESSANT,2,3,5
8918,AUDIOTAPE,1,4,5
8646,SOFTWOOD,1,4,5
12143,UNPROMPTE,1,4,5
7351,DEMOTIVATE,2,3,5
12141,ELLE,1,4,5
12001,CHEERLEAD,1,4,5
9194,NOUNCE,1,4,5
12428,OVERPACKE,1,4,5
7755,TOG,2,3,5
7288,3B,2,3,5
6947,INTERCALATE,3,2,5
6065,HILDRED,5,0,5
6943,CARRYOUT,3,2,5
7000,ALOPECIA,3,2,5
6828,99.9,3,2,5
8637,RAMADAS,1,4,5
7984,STALSBERG,2,3,5
7429,MISCATEGORIZE,2,3,5
10633,IVW,1,4,5
5770,RESPONSERE,5,0,5
6062,SUBDUCTE,5,0,5
7079,UPHEAVE,3,1,4
7077,BENEDICTE,3,1,4
8188,DOMINICAN,2,2,4
6927,CORBELLE,3,1,4
7856,LOPSY,2,2,4
6687,IMPUT,3,1,4
7866,STAUNCH,2,2,4
10078,PLASTICIZE,1,3,4
6928,ELECTROPLATE,3,1,4
6705,DISENTANGLE,3,1,4
7876,PIETÀ,2,2,4
10072,TEHRAN,1,3,4
9906,BILI,1,3,4
7854,PREFIGURE,2,2,4
6606,TEXTURIZE,3,1,4
10349,FIO,1,3,4
7823,MOHSEN,2,2,4
11204,BROCADE,1,3,4
6618,APTE,3,1,4
11842,CLEW,1,3,4
10157,SCRABBLE,1,3,4
7773,SUPERPOSE,2,2,4
9666,EVID,1,3,4
9665,ELECTROLYZE,1,3,4
7815,PARTICULARIZE,2,2,4
10106,DS-2019,1,3,4
8241,CILIATE,2,2,4
9660,CAMPUSTOWN,1,3,4
7808,INTENTE,2,2,4
12130,HUBEN,1,3,4
11876,ANNEZA,1,3,4
12278,SCEPTER,1,3,4
7781,POKEWEED,2,2,4
10131,ECEIVE,1,3,4
7794,SPOTLIT,2,2,4
7824,WAISTE,2,2,4
6631,ACYLATE,3,1,4
7081,UNLETTERE,3,1,4
6939,GRESSIL,3,1,4
10334,HOLISTIC,1,3,4
10085,GAHANNA,1,3,4
12264,SUPOSE,1,3,4
6665,UNRIVALE,3,1,4
6961,GASLIGHTE,3,1,4
8207,SANDALE,2,2,4
7838,UNHEEDED,2,2,4
10091,DIPENDRA,1,3,4
10338,BEED,1,3,4
12060,BLABBER,1,3,4
10103,GODSEND,1,3,4
6960,GANKE,3,1,4
6657,EMPTIER,3,1,4
6656,HOUST,3,1,4
9689,GIBBERISH,1,3,4
10061,INDIVIDUATE,1,3,4
6652,DISTRAIN,3,1,4
6639,REDUBBE,3,1,4
11199,PRIMP,1,3,4
9681,UNTROUBLED,1,3,4
11169,NASALIZE,1,3,4
9775,LIMELIGHT,1,3,4
6711,RIFTE,3,1,4
8089,BOXWOOD,2,2,4
6826,HELMETE,3,1,4
9939,HSE,1,3,4
6783,PRETZELE,3,1,4
9855,CONCEI,1,3,4
11107,DR3,1,3,4
9852,BARDSTOWN,1,3,4
10228,INVEIGLE,1,3,4
7670,OOR,2,2,4
7968,NACKE,2,2,4
7967,TITTE,2,2,4
9959,SHOREWOOD,1,3,4
7715,CARICOM,2,2,4
6779,7Q,3,1,4
11053,38,1,3,4
10238,UNALIGNED,1,3,4
12229,TOBIK,1,3,4
7955,OSTROWSKI,2,2,4
10284,GRÅVIK,1,3,4
10221,MOHAME,1,3,4
8101,NIGHTGOWN,2,2,4
6775,INTERLEAVE,3,1,4
7951,ANNUALISE,2,2,4
11050,GC3,1,3,4
7665,DEMARKE,2,2,4
9826,COARSEN,1,3,4
11798,REFFED,1,3,4
9980,GAMAL,1,3,4
7937,SQUEEGEED,2,2,4
7005,QUAFF,3,1,4
7993,ENNA,2,2,4
6843,DISPIRIT,3,1,4
10918,IMPEND,1,3,4
6804,MERCERIZE,3,1,4
6815,CHINTZY,3,1,4
8247,REGLUE,2,2,4
8018,LETDOWN,2,2,4
12092,SYNOD,1,3,4
8032,SECTIONALIZE,2,2,4
7688,SESSIONE,2,2,4
10924,ROVOL,1,3,4
9915,HANKEY,1,3,4
10920,P9,1,3,4
8037,HADLEN,2,2,4
9918,WPM,1,3,4
10245,PHE,1,3,4
9922,HOGWASH,1,3,4
7994,CAIIE,2,2,4
11810,RIKEN,1,3,4
8044,MAINLINE,2,2,4
9923,EYLANDT,1,3,4
11073,PLATEAUS,1,3,4
7703,GERIATRIC,2,2,4
7024,SHEATHE,3,1,4
9872,KONNA,1,3,4
11805,TOGO,1,3,4
6790,STIPENDE,3,1,4
10912,PLAINFIELD,1,3,4
7677,REGATHERE,2,2,4
7996,BLURB,2,2,4
10271,GAWK,1,3,4
7656,BEDOK,2,2,4
6769,CONTROVERT,3,1,4
10328,SWEDE,1,3,4
10039,HUD,1,3,4
7064,GODFORSAKEN,3,1,4
6805,MULTITASKE,3,1,4
12111,WHAM,1,3,4
6888,BENEFICIATE,3,1,4
7639,NITRIFY,2,2,4
12249,POSTPAID,1,3,4
9760,PONDOK,1,3,4
6729,RESHARPENE,3,1,4
9758,VORNADO,1,3,4
7749,KEYSTROKE,2,2,4
7069,FINNEYTOWN,3,1,4
7070,OFFSHORE,3,1,4
11158,OKEN,1,3,4
8155,ZAMORSKI,2,2,4
8142,PERFUSE,2,2,4
12161,CRESPI,1,3,4
10186,NAGGY,1,3,4
11162,SILESIA,1,3,4
7884,LYRA,2,2,4
10048,MEDLINE,1,3,4
9741,NOAH,1,3,4
10950,BLAKEY,1,3,4
6714,SYNCOPATE,3,1,4
7881,CATEGORISE,2,2,4
11014,EAC,1,3,4
11166,DAVEED,1,3,4
6913,VECTORIZE,3,1,4
6920,ROQUAT,3,1,4
7642,SATIRIZE,2,2,4
12170,SELLIN,1,3,4
12075,ASSUAGE,1,3,4
8130,CATNAP,2,2,4
9987,SCHWANN,1,3,4
10938,SUBDIV,1,3,4
7735,POSEN,2,2,4
7930,MCNIVEN,2,2,4
10211,DREAR,1,3,4
8116,RETIGHTEN,2,2,4
12179,MEDELA,1,3,4
6858,HEARTWOOD,3,1,4
7647,LOKEN,2,2,4
10900,PJS,1,3,4
10302,PETALE,1,3,4
10206,CHLOE,1,3,4
6745,UNMITIGATE,3,1,4
9797,GRIDDLE,1,3,4
6876,EPIFIE,3,1,4
6744,UNPERSUADE,3,1,4
6982,UNCONCEALE,3,1,4
11040,TIRADE,1,3,4
7912,MANY,2,2,4
10010,WATERTO,1,3,4
8136,WILDE,2,2,4
12174,STARCHY,1,3,4
11142,HEDID,1,3,4
6976,UNDECORATE,3,1,4
10015,PS5,1,3,4
7295,QUINTUPLE,2,2,4
9781,OFT,1,3,4
11038,SUPERSIZE,1,3,4
7010,REASSUME,3,1,4
8140,GOOPE,2,2,4
11761,M.I.A,1,3,4
10462,MARKDOWN,1,3,4
12426,TORONTO,1,3,4
10791,PHOSPHORYLATE,1,3,4
12423,TRCA,1,3,4
6255,APPENDICITIS,4,0,4
10534,AUGU,1,3,4
7452,ROMMEL,2,2,4
8610,PRICKLY,1,3,4
8609,INFLATION,1,3,4
7457,COMPARSA,2,2,4
6261,HAIRBRAINE,4,0,4
8602,HARSH,1,3,4
6264,HERRINGBONE,4,0,4
8598,CAUSAL,1,3,4
9255,WAKIN,1,3,4
6269,INTERMESHE,4,0,4
7199,REKEYE,3,1,4
12410,OTEN,1,3,4
12006,PURLOIN,1,3,4
12406,66.6,1,3,4
9206,UNMOWED,1,3,4
10553,STEVAN,1,3,4
6240,ELKHORN,4,0,4
10781,EPE,1,3,4
6196,THUNDERSTRUCK,4,0,4
7407,OTE,2,2,4
7409,TOURISTE,2,2,4
8672,STILLMAN,1,3,4
7223,ORDE,3,1,4
10570,AMARELA,1,3,4
10780,EXTINCTE,1,3,4
11685,LUXAN,1,3,4
7420,TUSEN,2,2,4
6236,RELIGHTE,4,0,4
10783,PLASTID,1,3,4
6212,EQUIPTE,4,0,4
6213,UNDERSUBSCRIBE,4,0,4
7220,RAELA,3,1,4
11422,OVAL,1,3,4
12612,UNBURNED,1,3,4
11693,GOWDY,1,3,4
8640,UNREDUCED,1,3,4
12626,POMMEL,1,3,4
8584,SETTE,1,3,4
12010,IONO,1,3,4
6344,RESCANNE,4,0,4
8546,BERKSHIRE,1,3,4
6337,FIREWALLE,4,0,4
6339,ASPHYXIATE,4,0,4
11348,UNPARALLELED,1,3,4
7487,IMBODEN,2,2,4
8538,FBC,2,2,4
8536,OVERSUPPLY,2,2,4
10491,RECOPY,1,3,4
8534,UNDERSERVICED,2,2,4
6334,AGATIZE,4,0,4
7166,RESITUATE,3,1,4
7496,ITEMISE,2,2,4
8526,MYTHOLOGIZE,2,2,4
9359,UNCHAIN,1,3,4
7163,PANO,3,1,4
7512,BLACKLEG,2,2,4
8511,PCB,2,2,4
10471,FAHREN,1,3,4
6335,NIELSEN,4,0,4
11893,GRAFFITIE,1,3,4
7185,PRESIDENTE,3,1,4
9299,KADEN,1,3,4
6290,150,4,0,4
8248,ESTILO,2,2,4
11369,RENIN,1,3,4
10509,MISCONFIGURED,1,3,4
11367,AIWEI,1,3,4
7477,SHARLEEN,2,2,4
12395,KOMBI,1,3,4
10505,DIFFRACT,1,3,4
8567,DEBOARDE,1,3,4
12386,CANDLELIGHT,1,3,4
11363,CLOTHESLINE,1,3,4
7179,NARCE,3,1,4
12391,JACKKNIFE,1,3,4
11359,CIOSE,1,3,4
11716,LATCHKEY,1,3,4
8562,TOMU,1,3,4
8561,DAO,1,3,4
12635,KWANTLEN,1,3,4
12450,THOR,1,3,4
9147,UNVARNISHED,1,3,4
12452,MERCH,1,3,4
8766,ALI,1,3,4
7276,RECOMPILE,2,2,4
7275,SLAKE,2,2,4
7335,TREY,2,2,4
8786,PROTIP,1,3,4
12495,SHERRARD,1,3,4
11923,VINCE,1,3,4
8781,YET,1,3,4
7251,PUMPY,2,2,4
12569,UNLEAVENE,1,3,4
11641,POSTEN,1,3,4
11971,SCHOFIELD,1,3,4
8758,MILLIGRAM,1,3,4
9021,EWG,1,3,4
9023,SABAY,1,3,4
9024,CCU,1,3,4
8750,DIGO,1,3,4
11516,RESAVE,1,3,4
7365,SOLEMNIZE,2,2,4
8965,MTS,1,3,4
11559,ABSTINENCE,1,3,4
9046,DEPRESSANT,1,3,4
10691,UPPERMOST,1,3,4
11619,WAITLISTE,1,3,4
11943,LACUNAE,1,3,4
8858,MCGREW,1,3,4
10695,SOWWY,1,3,4
11610,PURL,1,3,4
8855,UNDERWEIGHT,1,3,4
7299,TIFIE,2,2,4
11607,RS.15,1,3,4
8847,TRAMMEL,1,3,4
7328,ANGELONIA,2,2,4
11591,UPROAR,1,3,4
12520,METROLINX,1,3,4
10679,BOOMTOWN,1,3,4
8915,HYPERSPEED,1,3,4
12514,REWEIGHE,1,3,4
8930,MINORITIZE,1,3,4
11571,ZIGGE,1,3,4
8945,MATOI,1,3,4
9042,UNMEASURED,1,3,4
7378,INDITE,2,2,4
9144,PHILSE,1,3,4
11911,UNTETHERE,1,3,4
9105,ABCDEFGH,1,3,4
11462,SUNSHADE,1,3,4
11461,IKAN,1,3,4
11912,UNICODE,1,3,4
6167,XORED,4,0,4
11459,LONGHORN,1,3,4
9124,GREVEN,1,3,4
9125,GARB,1,3,4
11454,RADO,1,3,4
9102,UNRESEARCHED,1,3,4
9130,MELTDOWN,1,3,4
10583,LHB,1,3,4
10776,ENCUESTA,1,3,4
11677,SOUTHAVEN,1,3,4
7405,GRE,2,2,4
6182,RECONVEYE,4,0,4
12453,PRESAGE,1,3,4
8686,NAFTA,1,3,4
11468,CHARLEEN,1,3,4
6163,INBUILT,4,0,4
12476,THRESH,1,3,4
9079,KORROK,1,3,4
11508,UNRESPONDE,1,3,4
10610,FENDT,1,3,4
10609,SAKET,1,3,4
12474,FRITZY,1,3,4
12582,SHANTAE,1,3,4
6095,TRODDEN,4,0,4
7237,GAZETTE,3,1,4
6103,MODULARIZE,4,0,4
10598,PHILANDER,1,3,4
8704,SOUSAPHONE,1,3,4
12588,MOLESTERE,1,3,4
9090,NEWLYWED,1,3,4
11918,PAHS,1,3,4
11670,CARB,1,3,4
11476,PHILANTHROPIC,1,3,4
11474,RUININ,1,3,4
12589,AUTOCORRECTE,1,3,4
12592,ALBERTO,1,3,4
6364,FOREORDAIN,4,0,4
6294,MUSS,4,0,4
7556,DESPI,2,2,4
11746,REEMERGE,1,3,4
7543,ROUSTE,2,2,4
7126,AMUN,3,1,4
10841,GROWVER,1,3,4
8394,WHOMP,2,2,4
9479,HORSFIELD,1,3,4
8291,PW4,2,2,4
10842,IXNAY,1,3,4
11283,LEGENDA,1,3,4
7546,WONDERFULNESS,2,2,4
11290,ROCHAMBEAU,1,3,4
6480,KIMDAX,4,0,4
8299,OFSTE,2,2,4
9485,PRECEPTE,1,3,4
11285,ORWEN,1,3,4
11879,LEGE,1,3,4
8285,BLIT,2,2,4
9474,GIE,1,3,4
6468,SUPERCOOLE,4,0,4
8403,CTE,2,2,4
12341,MCMULLEN,1,3,4
6567,BUSHWHACK,3,1,4
6454,NCI,4,0,4
6444,FIRSTMERIT,4,0,4
7121,MISALLOCATE,3,1,4
11303,MOST,1,3,4
7120,REINJECTE,3,1,4
8428,CRITTEN,2,2,4
6578,BUILTE,3,1,4
10376,ANSE,1,3,4
9439,GLORYLAND,1,3,4
11312,WINCHESTER,1,3,4
11249,SENTE,1,3,4
12333,CENTRIFUGE,1,3,4
9436,EXONEREE,1,3,4
9550,SPONGY,1,3,4
9535,MUNICIPALLY,1,3,4
8318,TARRYTOWN,2,2,4
6546,GODDAMNE,3,1,4
9542,WHEEZY,1,3,4
8339,COMMINUTED,2,2,4
9545,HANUKKAH,1,3,4
10402,SLUICE,1,3,4
8373,TEARSA,2,2,4
9552,SACRIFI,1,3,4
11265,POSTMASTER,1,3,4
6521,ANGLOPHONE,4,0,4
12313,DOMINEER,1,3,4
7580,FORESHORTEN,2,2,4
8326,RESEWN,2,2,4
8352,WHITTEN,2,2,4
10396,EISENHOWER,1,3,4
9527,TESSELLATE,1,3,4
12322,SCUPPER,1,3,4
10390,PERCEPTE,1,3,4
7559,REFORTIFIE,2,2,4
9521,191ST,1,3,4
11275,INDULGENT,1,3,4
8361,INVOLUTE,2,2,4
6552,BENJI,3,1,4
9512,KLO,1,3,4
8365,CAPITALISE,2,2,4
8366,FELICITATE,2,2,4
8368,BANFIELD,2,2,4
8370,GUESSER,2,2,4
6500,POWNE,4,0,4
7790,PREGRATE,2,2,4
11751,STENTE,1,3,4
11294,PPT,1,3,4
9409,SUTA,1,3,4
12363,CRAPPIER,1,3,4
7526,ACCLIMATIZE,2,2,4
12054,81,1,3,4
11329,LUTSEN,1,3,4
7160,LAKEBE,3,1,4
6400,DEPERSONALIZE,4,0,4
12287,ATTESA,1,3,4
6413,TRANSMUTE,4,0,4
7530,HEARTBREAKE,2,2,4
6392,PROPITIATE,4,0,4
6596,HESSE,3,1,4
7610,BARISTA,2,2,4
8457,116TH,2,2,4
6602,COHORTE,3,1,4
7533,UNEMPOWERE,2,2,4
12360,MCCRACKEN,1,3,4
11757,NARF,1,3,4
7119,RESKINNE,3,1,4
8462,RUSA,2,2,4
7159,TRANSLOCATE,3,1,4
9645,ISTEP,1,3,4
9411,SWACKE,1,3,4
6424,BIESSE,4,0,4
9432,DELVIN,1,3,4
7525,MASTICATE,2,2,4
10439,FLEUR,1,3,4
12357,BEVAN,1,3,4
10361,LYTEC,1,3,4
8465,MAZED,2,2,4
8458,BECALM,2,2,4
11221,PLANNIN,1,3,4
11758,VLAD,1,3,4
10187,SPINNE,1,2,3
10355,UNSIGHTED,1,2,3
10693,TOSTADA,1,2,3
10686,DAIZEN,1,2,3
7241,IMPERIALIZE,3,0,3
7375,GENDERIZE,2,1,3
10389,ROMULUS,1,2,3
11976,NUBBE,1,2,3
10948,DREAMBOX,1,2,3
7752,FIGUREHEAD,2,1,3
7607,VERE,2,1,3
10343,BULLI,1,2,3
10866,BROSEF,1,2,3
10142,ANÍBAL,1,2,3
10971,PCI,1,2,3
7742,TESSEN,2,1,3
7296,DERD,2,1,3
7618,GRIFFON,2,1,3
7783,OVERHUNTE,2,1,3
11946,SOTA,1,2,3
10758,PHENOM,1,2,3
10706,SUAK,1,2,3
7116,BLISSFIELD,3,0,3
11848,NERDE,1,2,3
10602,REIMU,1,2,3
10604,MCKNIGHT,1,2,3
10755,DANDEKAR,1,2,3
7584,CHIESA,2,1,3
7379,SLITTE,2,1,3
7627,HELTER,2,1,3
7592,SCADA,2,1,3
10968,I-40,1,2,3
7778,OVERSTRETCH,2,1,3
7777,SMATTER,2,1,3
7088,CASTELLANO,3,0,3
7308,OVERLINE,2,1,3
7242,STRATHMORE,3,0,3
7367,BULLHORN,2,1,3
7765,WOOTEN,2,1,3
7097,DISINHERIT,3,0,3
10955,BILLOWY,1,2,3
10853,RIDA,1,2,3
10872,NJC,1,2,3
10956,TRICKERE,1,2,3
11925,UNSEARCHE,1,2,3
7339,GRAYNE,2,1,3
11936,BREATHALYZE,1,2,3
12048,HDJ,1,2,3
7320,EXPLANTE,2,1,3
11961,BAKKEN,1,2,3
7103,TRANSSHIP,3,0,3
11849,PINNIPE,1,2,3
7281,ENCEPHALO,2,1,3
10957,KAMPL,1,2,3
7334,AUSPI,2,1,3
6955,FLUIDIZE,3,0,3
7767,BRAUER,2,1,3
10377,MADD,1,2,3
7098,SYNCHRONISE,3,0,3
12123,BULLNOSE,1,2,3
7279,EVERYO,2,1,3
7272,HADOUKEN,2,1,3
10174,SCAD,1,2,3
10741,UNEXAMINE,1,2,3
10682,SHAWNEE,1,2,3
6971,REBAPTISE,3,0,3
10685,OBTRUDE,1,2,3
7595,WESEN,2,1,3
10184,ROSHAMBO,1,2,3
10724,TOWNN,1,2,3
7244,GOOE,2,1,3
7363,REBLUE,2,1,3
12046,AGGRO,1,2,3
10386,CRYSTALLISE,1,2,3
12116,CLOUTIER,1,2,3
10681,COUNTERWEIGHT,1,2,3
7353,BEMUSE,2,1,3
6968,COUNTERINDICATE,3,0,3
10712,ALGUNA,1,2,3
7624,UNBRANDED,2,1,3
10347,ANIGA,1,2,3
7360,TEKKEN,2,1,3
10176,HORSHACK,1,2,3
7356,DEFROCK,2,1,3
10954,UNDISTRACTED,1,2,3
10158,SANDPAPER,1,2,3
11954,DECENTERE,1,2,3
7236,KELVINGROVE,3,0,3
7524,GIS,2,1,3
10198,FACIALED,1,2,3
10307,REGISTRE,1,2,3
10916,UNDECEIVE,1,2,3
7021,UNSPOTTED,3,0,3
7534,GUNDEN,2,1,3
10504,REFT,1,2,3
10444,WHODUNIT,1,2,3
12031,DIRIGO,1,2,3
7682,APNEA,2,1,3
7683,THROMBOSE,2,1,3
12032,GORA,1,2,3
7686,TRUVEN,2,1,3
10258,PHOTOSTAT,1,2,3
7536,HESE,2,1,3
10440,K12,1,2,3
10499,MOTHERF,1,2,3
12011,CHABELA,1,2,3
7013,REID,3,0,3
7689,HANGARE,2,1,3
7469,EMPTE,2,1,3
11887,CLAUSEN,1,2,3
12008,BOPPIN,1,2,3
10801,GUISHE,1,2,3
10435,HITHERTO,1,2,3
7062,D-10,3,0,3
12068,DIJANNA,1,2,3
10434,CONOCE,1,2,3
10247,OBE,1,2,3
7482,QUAGMIRE,2,1,3
7646,WIDESCREEN,2,1,3
7577,GANIZE,2,1,3
10293,KEYSTONE,1,2,3
7518,BAREBONE,2,1,3
10469,SHANGELA,1,2,3
7050,GWYN,3,0,3
10285,ROLODEX,1,2,3
10824,CHANNA,1,2,3
7517,PRISONE,2,1,3
12021,BOD,1,2,3
7667,GRASSLE,2,1,3
7668,UNRECOVERE,2,1,3
10478,FROSTBITE,1,2,3
10822,WASHBOARD,1,2,3
10905,PARALYSE,1,2,3
7035,COMPANIE,3,0,3
7025,FIBROMYALGIA,3,0,3
7531,STYLISE,2,1,3
7170,COLOMBO,3,0,3
7059,MITZVAHE,3,0,3
7655,MALNUTRITIONE,2,1,3
7171,POLYCHROME,3,0,3
7532,TONGA,2,1,3
7649,OVERPRESCRIBE,2,1,3
7676,PERSEPHONE,2,1,3
10449,LURSA,1,2,3
10835,MUIRFIELD,1,2,3
7178,WQLN,3,0,3
10447,LIMEADE,1,2,3
7460,RETHREADE,2,1,3
7699,22.6,2,1,3
10895,AIZEN,1,2,3
7403,ABA,2,1,3
7417,PSALTIS,2,1,3
7074,59.4,3,0,3
7717,BIFOLD,2,1,3
7548,DRAGOON,2,1,3
7411,UNCOUPLED,2,1,3
10934,NEWSFEED,1,2,3
10418,PIGHEADE,1,2,3
10217,GLADYS,1,2,3
7224,BLOWDOWN,3,0,3
11868,ANDED,1,2,3
7663,ACCURE,2,1,3
7558,OERSTE,2,1,3
12038,RUBINO,1,2,3
10528,QUAT,1,2,3
10939,C+,1,2,3
7560,GARROTE,2,1,3
7632,PACA,2,1,3
6986,AUTOZONE,3,0,3
10411,LEGLESS,1,2,3
10590,REDBONE,1,2,3
7568,CANADA,2,1,3
7740,AARTSEN,2,1,3
7132,56.6,3,0,3
7390,BIGHORN,2,1,3
6980,SPLENIUS,3,0,3
10852,HEIZAK,1,2,3
7151,MISMEASURE,3,0,3
7547,UPTIGHT,2,1,3
7154,WINDBLOWN,3,0,3
10562,BUCKHORN,1,2,3
11867,GRADATE,1,2,3
7449,PREPONE,2,1,3
7006,RESELECTE,3,0,3
7157,UNPOSTE,3,0,3
10927,MISCHA,1,2,3
10535,ATTENTE,1,2,3
10536,BENIN,1,2,3
7637,GASIFY,2,1,3
10538,TUSKY,1,2,3
7444,UNINSPECTE,2,1,3
10317,SPECTAT,1,2,3
12000,UNEXPLODE,1,2,3
7438,BULKEN,2,1,3
10551,YOUNGSIL,1,2,3
7434,CEDARWOOD,2,1,3
12066,SOFTCOVER,1,2,3
10319,ESTRELA,1,2,3
10235,NACRE,1,2,3
12097,PHONOGRAPH,1,2,3
7219,GRAVEN,3,0,3
7709,UNIVERSALIZE,2,1,3
7425,KILE,2,1,3
7713,AQUALIFIE,2,1,3
10323,SHRAVAN,1,2,3
7422,FAHEEN,2,1,3
10140,FORGETTIN,1,2,3
12539,CHCO,1,2,3
10973,MARIACHIS,1,2,3
8483,MALLAMMA,2,1,3
8518,MANSCAPE,2,1,3
8513,FETHIYE,2,1,3
8509,JITNA,2,1,3
12376,UNRUFFLED,1,2,3
8508,CROWDFUNDE,2,1,3
8506,FOOTSPEED,2,1,3
8505,2008,2,1,3
8504,ENTERIC,2,1,3
11337,OOME,1,2,3
9379,B10,1,2,3
9381,PEBBLEBROOKE,1,2,3
8480,UNROOTED,2,1,3
9424,SALAMANCA,1,2,3
12368,OKE,1,2,3
8467,REPRESENTATE,2,1,3
12367,DAYO,1,2,3
9402,PUTTY,1,2,3
8460,UNVESTED,2,1,3
12364,MCQUEEN,1,2,3
9412,MEDIA,1,2,3
9415,ANDREADD,1,2,3
9417,MELANIN,1,2,3
9419,LARIVIERE,1,2,3
12358,FULSOME,1,2,3
8523,RGI,2,1,3
9355,SANDTOWN,1,2,3
8525,CCDC,2,1,3
9350,SUNBE,1,2,3
12625,ARRE,1,2,3
12403,PROBLEMATIZE,1,2,3
11376,HARDBOUND,1,2,3
8583,COMMERCIALISE,1,2,3
12628,RHAID,1,2,3
9285,VAILE,1,2,3
8574,SPATEN,1,2,3
9292,MIDDEN,1,2,3
9294,OCC,1,2,3
8573,SUPERGLUE,1,2,3
11713,TARMA,1,2,3
9302,READIN,1,2,3
9303,GLITZEN,1,2,3
12633,DELP,1,2,3
12392,DASHCAM,1,2,3
8553,HOWLEEN,1,2,3
8549,LIMPER,1,2,3
8548,REALLOC,1,2,3
11718,NPS,1,2,3
8540,INVALID,2,1,3
11346,PREYAS,1,2,3
8533,KERF,2,1,3
8531,AFFRIGHT,2,1,3
8452,YUKI,2,1,3
8433,SEABED,2,1,3
12277,RELOCKE,1,2,3
9606,PETROVIN,1,2,3
9575,CLUBBIN,1,2,3
9576,WIRETAPPE,1,2,3
8312,NYSERDA,2,1,3
8305,TONY,2,1,3
11745,PICOLIT,1,2,3
8294,SESTER,2,1,3
9587,BUCKTOWN,1,2,3
11245,FUZE,1,2,3
8290,FIDEI,2,1,3
8288,CENTRALISE,2,1,3
6573,UNINVESTIGATE,3,0,3
9610,MANOK,1,2,3
8417,WIZZ,2,1,3
8271,PAINTEN,2,1,3
9619,LOHIT,1,2,3
11755,MOLTEN,1,2,3
9627,FRITZE,1,2,3
9633,TANDY,1,2,3
8261,MOONSTRUCK,2,1,3
8257,STAGHORN,2,1,3
8255,FRACTIONATE,2,1,3
11760,ZENIT,1,2,3
12282,KAMILA,1,2,3
8253,TSUKI,2,1,3
8313,INCRED,2,1,3
6548,PHOTOE,3,0,3
8315,ICSR,2,1,3
8324,SCURRE,2,1,3
9472,SILIFKE,1,2,3
8398,FERTILISE,2,1,3
8395,FEDEXED,2,1,3
8389,CLOVERFIELD,2,1,3
8384,SAPOTA,2,1,3
8383,UNSPLIT,2,1,3
8381,MIDDLEWEIGHT,2,1,3
7791,CHARBROILE,2,1,3
9499,HEADMASTER,1,2,3
11281,BIRTIJA,1,2,3
8372,UNWATCHE,2,1,3
11734,MAC,1,2,3
11276,KURCHUK,1,2,3
8360,VANDERMEULEN,2,1,3
9522,BETTENHAUSEN,1,2,3
9524,SEM,1,2,3
9532,SART,1,2,3
8346,SHANDAKEN,2,1,3
9538,146TH,1,2,3
8342,TUTORTRAC,2,1,3
8340,ACHTUNG,2,1,3
11263,MCGLADREY,1,2,3
12312,WESTBAM,1,2,3
9265,QUILLE,1,2,3
8594,DEADPOOL,1,2,3
12411,TIGHTE,1,2,3
12568,NABIS,1,2,3
11546,DOBIE,1,2,3
8978,TRINIDAD,1,2,3
8979,PHONO,1,2,3
11644,REDFORD,1,2,3
8985,UNSURVEYE,1,2,3
8986,BIGHT,1,2,3
11648,EBID,1,2,3
11536,KUNG,1,2,3
8778,HUTCHMAN,1,2,3
8777,SPRUT,1,2,3
8775,REFURB,1,2,3
9008,REGIO,1,2,3
9258,138TH,1,2,3
11526,CC1,1,2,3
9010,DISSOLVER,1,2,3
11653,BURGEON,1,2,3
11514,UNAUDITED,1,2,3
12577,MERKE,1,2,3
9034,SMUCK,1,2,3
12578,ZEST,1,2,3
11657,LAYO,1,2,3
9043,RBD,1,2,3
9050,BRYANT,1,2,3
9051,PESTO,1,2,3
12499,REMORTGAGE,1,2,3
8961,CANALIZE,1,2,3
11556,ECBS,1,2,3
12555,FOCUSSE,1,2,3
11616,ACYL,1,2,3
8871,UNNEUTERED,1,2,3
11606,ZAYE,1,2,3
12545,NSCC,1,2,3
8896,SM,1,2,3
8835,AYALA,1,2,3
11593,UNSTAPLED,1,2,3
8901,32,1,2,3
12518,ODSP,1,2,3
12517,PRESCREENE,1,2,3
8820,CEATED,1,2,3
8917,RAFIDHI,1,2,3
8921,C.D.,1,2,3
8816,WEINGARTEN,1,2,3
8927,C-123,1,2,3
8933,FEMINIZE,1,2,3
8814,HTD,1,2,3
8938,ABRUPTE,1,2,3
12508,HYDROPHOBIC,1,2,3
8811,SERATE,1,2,3
11567,KILLEEN,1,2,3
8808,NOVIO,1,2,3
8954,SUCCE,1,2,3
11659,LPE,1,2,3
9062,SWARTWOOD,1,2,3
11497,RECTE,1,2,3
9177,84,1,2,3
11424,TROGLODYTE,1,2,3
11423,CAUTERISE,1,2,3
9196,TAMPO,1,2,3
8644,PEPLOE,1,2,3
9199,UNAUTHORISED,1,2,3
12429,STOCKE,1,2,3
9207,RIVOLI,1,2,3
8629,UNASKED,1,2,3
9212,STORI,1,2,3
8628,REBERTY,1,2,3
8627,REUPPE,1,2,3
8625,FSLA,1,2,3
9218,UNORGANIZED,1,2,3
8621,ANNALEN,1,2,3
9223,BANNERE,1,2,3
12619,CANDIDA,1,2,3
9233,DETUNE,1,2,3
9235,SKEERE,1,2,3
9237,DUFFEL,1,2,3
9239,ANIMUN,1,2,3
11394,SIEGE,1,2,3
8606,DATA,1,2,3
8601,UNCOMBINED,1,2,3
11426,ENCAPTURE,1,2,3
12441,LOGE,1,2,3
11493,SUCCEDE,1,2,3
9173,PLI,1,2,3
11491,TALEN,1,2,3
11486,DESCRY,1,2,3
8711,KEYSIGHT,1,2,3
8702,LAWFIRM,1,2,3
8699,SYNONYMS,1,2,3
11463,MODULIZE,1,2,3
9116,PROJ,1,2,3
12461,OF,1,2,3
9118,HEAVILY,1,2,3
9119,BRONZY,1,2,3
12460,GARROTTE,1,2,3
11455,RECONOCIMIENTO,1,2,3
8690,UNTIMED,1,2,3
11679,RISSA,1,2,3
9141,COLLECTIN,1,2,3
11441,BULLSHIT,1,2,3
11440,YURT,1,2,3
8674,LUNESTA,1,2,3
11436,IEARNE,1,2,3
8669,STUCO,1,2,3
8667,CLEPE,1,2,3
8663,AUST,1,2,3
9169,UNALLOYE,1,2,3
6605,DCIS,3,0,3
8374,TAHLEEN,2,1,3
8244,GRAVAN,2,1,3
11815,STRU,1,2,3
9904,RAMEEN,1,2,3
8007,UNCOMPLETED,2,1,3
9917,UNADMITTED,1,2,3
9919,SUNBURST,1,2,3
6822,FACEBOOOK,3,0,3
12195,UNBOUNDED,1,2,3
6825,OVERWEIGHTE,3,0,3
6827,AQUIRE,3,0,3
7985,LATERALIZE,2,1,3
7980,IEARNT,2,1,3
11061,RETRIGGERE,1,2,3
8031,TINHORN,2,1,3
6831,51.4,3,0,3
6832,ENSHROUD,3,0,3
6833,KRAID,3,0,3
11054,COUPANG,1,2,3
12184,BTW,1,2,3
6836,STRANGULATE,3,0,3
9970,BUCKWHEAT,1,2,3
9971,ROSCHA,1,2,3
7949,GRAPESEED,2,1,3
11049,TORKOAL,1,2,3
8030,OISSE,2,1,3
11086,SIDEWAY,1,2,3
9986,PIPA,1,2,3
11101,PHILADELPHIA,1,2,3
9829,SHORTBE,1,2,3
9830,BUPKIS,1,2,3
9835,DEREFERENCE,1,2,3
11115,NAIRE,1,2,3
9838,IRKEN,1,2,3
8096,FORKLIFTE,2,1,3
8087,POLLARD,2,1,3
11111,64,1,2,3
8085,ADMIX,2,1,3
9851,LETTERMAN,1,2,3
11100,ACCEPTE,1,2,3
9894,ATTE,1,2,3
8057,SPILE,2,1,3
9876,MANUALIZE,1,2,3
8053,SHAFER,2,1,3
9878,DELAFIELD,1,2,3
9885,WHB,1,2,3
8042,FDIC,2,1,3
9887,BUSHLAND,1,2,3
11088,DADY,1,2,3
8041,EMBARASSE,2,1,3
12209,SANKE,1,2,3
7933,RAGWEED,2,1,3
9988,PADDLEBOARDE,1,2,3
9825,EFFUSE,1,2,3
7840,THRONG,2,1,3
11009,FERESTEN,1,2,3
7877,PENHOLD,2,1,3
7872,REBOXE,2,1,3
10071,PACEMAN,1,2,3
10073,STASIUM,1,2,3
11833,TEARDROP,1,2,3
7851,CATECHIZE,2,1,3
7846,UNPERCEIVE,2,1,3
7843,CLAASSEN,2,1,3
10999,APPENE,1,2,3
7830,RETCONNE,2,1,3
6909,LUMINAID,3,0,3
10095,ALKYD,1,2,3
10096,KELCH,1,2,3
10098,COMEST,1,2,3
11840,INCRESE,1,2,3
7819,CAPONIGRO,2,1,3
10116,UNIMPRESSED,1,2,3
7813,JOKEY,2,1,3
7805,CRAFTY,2,1,3
7803,PBI,2,1,3
6951,SCHENKEN,3,0,3
10056,REBLOGGE,1,2,3
6908,PICKPOCKETE,3,0,3
7932,ENCULTURATE,2,1,3
10017,PREDECEASE,1,2,3
9991,NITU,1,2,3
6852,NUTSEN,3,0,3
7922,TAXIDERMIE,2,1,3
6853,DISINCLINE,3,0,3
10000,IURE,1,2,3
10002,POULSEN,1,2,3
6868,TELESTROKE,3,0,3
10005,YEL,1,2,3
12175,SAMISEN,1,2,3
10014,GF,1,2,3
10018,STARIN,1,2,3
7882,CRYSTALIZE,2,1,3
6875,ALDRE,3,0,3
6879,WWW.HSN,3,0,3
7901,MYELINATE,2,1,3
10034,BROUSSARD,1,2,3
7898,DEMAGNETIZE,2,1,3
6905,UNEMBARRASSED,3,0,3
11826,WINDSWEPT,1,2,3
7895,CONCILIATE,2,1,3
7889,BOUGHTEN,2,1,3
11019,RESU,1,2,3
9827,MOONWALKE,1,2,3
7998,LAWYERE,2,1,3
10702,ETIRSA,1,2,3
12248,REPROBATE,1,2,3
11145,WICKEN,1,2,3
11143,BLYDEN,1,2,3
8212,DISARTICULATE,2,1,3
8143,PATNA,2,1,3
8213,BIPARTISANSHIP,2,1,3
9790,STREETER,1,2,3
9792,CKEY,1,2,3
8220,PRACTICIN,2,1,3
12238,UNLOOKED,1,2,3
6641,GASKETE,3,0,3
9684,DISQUIET,1,2,3
9675,OBLIVIATE,1,2,3
8235,FORMULIZE,2,1,3
8236,HAREFIELD,2,1,3
9668,HONNOLD,1,2,3
9771,FLEXPAY,1,2,3
8210,MOKEN,2,1,3
9805,WELTERWEIGHT,1,2,3
9769,DYAD,1,2,3
11167,INDELICATE,1,2,3
8180,89,2,1,3
11171,GLAZA,1,2,3
9734,ENVENOM,1,2,3
9723,CROSSCUT,1,2,3
8165,IRDA,2,1,3
8157,UNMOORED,2,1,3
12253,HUMIDIFY,1,2,3
11155,GUELLEN,1,2,3
8195,16.6,2,1,3
6674,RAESHAWN,3,0,3
8204,QUADME,2,1,3
8205,BUTTHURT,2,1,3
9700,SECTA,1,2,3
8149,TXT,2,1,3
9667,PRESIDER,1,2,3
9730,VOLSTEAD,1,2,3
6749,FERGUS,3,0,3
6766,SOCIETÀ,3,0,3
8110,CROTEAU,2,1,3
9823,BWAY,1,2,3
9814,COXAL,1,2,3
12276,FUZZE,1,2,3
8105,DAEVIATE,2,1,3
9819,DOLLARIZE,1,2,3
8107,SIMU,2,1,3
10986,SAWASDEE,1,1,2
10750,BPY,1,1,2
11023,WDE,1,1,2
11600,A180,1,1,2
11185,BRUT,1,1,2
11845,UNLABELE,1,1,2
11655,DOBERSEN,1,1,2
11188,ASPECTE,1,1,2
10749,BARROWE,1,1,2
11658,CATHETERIZE,1,1,2
11654,UNWIRE,1,1,2
11524,LARRYO,1,1,2
10978,EXFILTRATE,1,1,2
10879,RECONNOITER,1,1,2
10708,RECONSECRATE,1,1,2
11015,830AM,1,1,2
11511,LUNETTE,1,1,2
11177,BIRF,1,1,2
11604,JEWE,1,1,2
10975,INSTAGRAMME,1,1,2
11617,HOLIDA,1,1,2
11484,LE9,1,1,2
11485,1030AM,1,1,2
10972,STOVEN,1,1,2
7290,PREDESIGNE,2,0,2
7289,HORDA,2,0,2
11615,WEEKE,1,1,2
11847,OMOTO,1,1,2
11494,UNTYPE,1,1,2
11612,BYTECODE,1,1,2
11030,EMPANEL,1,1,2
11661,ISEVEN,1,1,2
11499,FRESCA,1,1,2
10756,OSMAN,1,1,2
11028,INCURVE,1,1,2
11660,TRIALLE,1,1,2
11505,WENGIE,1,1,2
11608,TOREZ,1,1,2
10951,CLOY,1,1,2
11241,TEMEL,1,1,2
11528,FARSHAD,1,1,2
11214,ABERRATE,1,1,2
11583,HDPE,1,1,2
10862,REROOF,1,1,2
11553,HAFTEN,1,1,2
10984,DECONTEXTUALIZE,1,1,2
10997,XANDRE,1,1,2
10864,UNSHIFTE,1,1,2
11767,CHODA,1,1,2
7280,UNREBUTTE,2,0,2
11939,TWOFER,1,1,2
11565,MISPELLE,1,1,2
10723,REMAN,1,1,2
10996,REVOL,1,1,2
11934,UNPRESCRIBE,1,1,2
11220,ASHOKAN,1,1,2
10720,BASALT,1,1,2
11837,HPV,1,1,2
11631,CHICER,1,1,2
10966,TINGUISHE,1,1,2
7283,26.6,2,0,2
7286,WESTE,2,0,2
10713,OREGON,1,1,2
11752,BF3,1,1,2
11652,TELEME,1,1,2
10733,SAMUNG,1,1,2
11632,WROTEN,1,1,2
11750,BREADY,1,1,2
10970,ROWN,1,1,2
11592,DURAND,1,1,2
10711,ÅLESUND,1,1,2
11008,DRAUSSEN,1,1,2
10744,FIVEFOLD,1,1,2
10743,OSEBO,1,1,2
7255,CHALLEN,2,0,2
11236,UNTRAMMELE,1,1,2
7261,BOOGERE,2,0,2
11208,SCRE,1,1,2
11539,DREESSEN,1,1,2
11190,STANSTE,1,1,2
10734,FRIEZA,1,1,2
10982,BAGGOLI,1,1,2
11004,SMULLEN,1,1,2
10983,OFFCUT,1,1,2
11256,RIESEN,1,1,2
11232,WYNKEN,1,1,2
11331,MCNC,1,1,2
11469,OTM,1,1,2
11806,PLAST,1,1,2
10809,LISP,1,1,2
10808,MALADJUSTE,1,1,2
11793,CYC,1,1,2
11792,PILCHARD,1,1,2
11318,ROTOSCOPE,1,1,2
11131,MULLETE,1,1,2
10919,BVQ,1,1,2
11316,SCHMALTZY,1,1,2
11311,BRANNA,1,1,2
10836,LAKOTAS,1,1,2
11861,LESTRADE,1,1,2
11709,WETZLAR,1,1,2
11308,SHOKE,1,1,2
11304,FRONTIN,1,1,2
11302,SWINGBALL,1,1,2
11377,TOOTEN,1,1,2
11378,DAUNCE,1,1,2
10838,HORKE,1,1,2
11898,UNBORED,1,1,2
11380,DELEUZE,1,1,2
11080,TRISKIN,1,1,2
11382,SAO,1,1,2
11079,FILIPPIS,1,1,2
10812,TRUMPY,1,1,2
11099,CHURTEN,1,1,2
10899,UNSHAVED,1,1,2
11347,WOEBEGONE,1,1,2
10828,BANT,1,1,2
11330,TOUKEN,1,1,2
11723,VBI,1,1,2
11888,ATTACE,1,1,2
11335,BERETE,1,1,2
11336,SONNE,1,1,2
11116,PRERECORD,1,1,2
10825,UNBAKED,1,1,2
11338,LAKORN,1,1,2
10831,GROANIN,1,1,2
10823,EPOXIE,1,1,2
10832,D2I,1,1,2
11110,JAMSHE,1,1,2
11797,PATCHWORKE,1,1,2
10910,PRECEEDE,1,1,2
11719,WHRO,1,1,2
11105,TONSURE,1,1,2
11104,PATRONISE,1,1,2
10820,MEAS,1,1,2
10819,WASHIN,1,1,2
11102,PHF,1,1,2
11322,LOBULATE,1,1,2
11795,UNDESTOOD,1,1,2
11078,ACCRED,1,1,2
11886,DOGGIN,1,1,2
11260,MEGARE,1,1,2
11052,SLOKAS,1,1,2
11151,UNCONTRIVE,1,1,2
11152,ARND,1,1,2
10893,TUESD,1,1,2
11274,SHIRA,1,1,2
11819,RETA,1,1,2
11683,DERNE,1,1,2
11735,MANUFACTURING,1,1,2
10848,UNFERTILIZED,1,1,2
11909,DEMIT,1,1,2
11781,NAVIK,1,1,2
11438,UPLINKE,1,1,2
11738,GLOPPE,1,1,2
11445,GUILDE,1,1,2
11881,UNCRATED,1,1,2
10941,LAZYTOWN,1,1,2
10774,FRANCONI,1,1,2
10829,RENDITIONE,1,1,2
11453,GLADDE,1,1,2
11457,CERRADO,1,1,2
11739,O2,1,1,2
11915,GRANDMOTHERE,1,1,2
11740,GLEBE,1,1,2
11039,PRIESTHOOD,1,1,2
11688,MANCA,1,1,2
11782,CARITA,1,1,2
11075,MISFOLDE,1,1,2
11056,SOCOM,1,1,2
11393,TWEEKE,1,1,2
11074,KAROL,1,1,2
11210,DISCULPE,1,1,2
11395,POLLENATE,1,1,2
10929,HPW,1,1,2
11813,GABBLE,1,1,2
11399,VEGGE,1,1,2
11701,YOUJIN,1,1,2
11291,BRIGID,1,1,2
11139,PROXIMITY,1,1,2
11404,FORMYLATE,1,1,2
11697,S.H.E,1,1,2
11732,VERSO,1,1,2
11814,LAMORNE,1,1,2
11786,TWITTEN,1,1,2
11905,RESYNCHRONIZE,1,1,2
10788,NARROWBANDE,1,1,2
11407,INIT,1,1,2
11408,PASSAT,1,1,2
11058,INTERIORIZE,1,1,2
10786,ACCUSSE,1,1,2
10933,COZEN,1,1,2
11414,EDMODO,1,1,2
10773,COMPUTERISE,1,1,2
10242,PEGYLATE,1,1,2
9742,BURTONI,1,1,2
9570,UNMERITE,1,1,2
8286,CONSHOHOCKEN,2,0,2
12300,PEEED,1,1,2
12302,DEREGISTERE,1,1,2
9588,SOCIALISE,1,1,2
8298,CRISTEN,2,0,2
8301,ROOFIE,2,0,2
8302,NECROTIZED,2,0,2
8308,DYNAMIZE,2,0,2
8314,AGENTE,2,0,2
8321,MILKEN,2,0,2
8004,LAKETOWN,2,0,2
9565,FLIX,1,1,2
9559,PTOWN,1,1,2
9557,BERGHOFF,1,1,2
8330,CLEARASIL,2,0,2
12314,DESTRUCTURE,1,1,2
8333,SCHWÖRE,2,0,2
9539,JPEG,1,1,2
8343,GRAMOPHONE,2,0,2
9531,WOLFRE,1,1,2
9597,PRERENDERE,1,1,2
9599,HUMMA,1,1,2
8282,DOYLESTOWN,2,0,2
9601,BLANKLY,1,1,2
8246,FORESAID,2,0,2
9651,CDA,1,1,2
9649,ARAMARK,1,1,2
12280,MILKO,1,1,2
8251,RAMSHACKLE,2,0,2
12283,UNRANKE,1,1,2
9639,RUNABOUT,1,1,2
9634,ETTEN,1,1,2
8264,BELIEVEN,2,0,2
9623,LOBOTOMIZE,1,1,2
8269,PENNSAUKEN,2,0,2
9620,ALCH,1,1,2
12292,THINE,1,1,2
8270,PARBOIL,2,0,2
12295,BHAVAN,1,1,2
8277,FRESHE,2,0,2
9609,RTP,1,1,2
9605,KETCHE,1,1,2
9604,RECONQUER,1,1,2
9529,DAMSEL,1,1,2
8357,ROONE,2,0,2
9520,MAVI,1,1,2
9449,BROOKHURST,1,1,2
9445,WEEDEATER,1,1,2
9443,ASUNDER,1,1,2
9442,SIMPER,1,1,2
9441,COLLY,1,1,2
12351,TANDA,1,1,2
12352,SQUINCH,1,1,2
9431,KAZUSA,1,1,2
8435,UNSURPRISE,2,0,2
12356,TORSTEN,1,1,2
12359,STOSUR,1,1,2
8453,COMINIUS,2,0,2
9408,AUDEN,1,1,2
8461,TERRAFORME,2,0,2
9393,WHEESHE,1,1,2
8469,FMRI,2,0,2
8473,CANCERE,2,0,2
8476,FIROWN,2,0,2
8479,VORTEXE,2,0,2
8481,BEDAD,2,0,2
12349,DENN,1,1,2
9451,DDL,1,1,2
12325,INTESTE,1,1,2
12347,LESEN,1,1,2
8367,INSUFFLATE,2,0,2
9502,FIRESTONE,1,1,2
9496,REBODIE,1,1,2
8379,DESALT,2,0,2
8380,MIRANDIZE,2,0,2
8387,CYBERBULLIE,2,0,2
9486,REPREHEND,1,1,2
8388,MILLEN,2,0,2
9483,FRAGGE,1,1,2
9481,LIPPOLD,1,1,2
8392,THEREBETWEEN,2,0,2
8399,LOWKEY,2,0,2
9470,GENEVA,1,1,2
8401,INTERNALISE,2,0,2
8402,CULATE,2,0,2
8404,PLASTIFIE,2,0,2
8409,THORNWOOD,2,0,2
9461,KAPUT,1,1,2
8412,F1E,2,0,2
8243,COQ,2,0,2
8242,CONNECTE,2,0,2
8239,SCRATCHIN,2,0,2
8081,DISSAPPOINTE,2,0,2
12226,MORRIS,1,1,2
9845,TANDOORI,1,1,2
9836,MULLIKEN,1,1,2
8098,UNPRESSURIZED,2,0,2
8102,RIGHTER,2,0,2
8103,CENTERFOLD,2,0,2
9824,LASYA,1,1,2
12230,ESENT,1,1,2
12231,STATEN,1,1,2
9815,RAIVEN,1,1,2
8113,PARASAILE,2,0,2
8120,MISADVENTURE,2,0,2
8121,SWAYBACKE,2,0,2
9803,LSAT,1,1,2
8129,UNAIRE,2,0,2
12237,INTERRUPTIN,1,1,2
8132,MEDICALIZE,2,0,2
9793,SLEN,1,1,2
9788,IZZLE,1,1,2
9848,PIDELE,1,1,2
9856,FECUND,1,1,2
12243,VTG,1,1,2
8070,CRESAPTOWN,2,0,2
8005,CHINA,2,0,2
8008,HERWIG,2,0,2
8009,FORLORN,2,0,2
8010,AGLAEA,2,0,2
8014,MISWIRE,2,0,2
9908,PUBME,1,1,2
9907,ORANGUTANG,1,1,2
8017,BERNHARD,2,0,2
12204,SLUTTE,1,1,2
9890,REMAINDE,1,1,2
9884,IEG,1,1,2
12213,BUDEAU,1,1,2
12214,PLAYSET,1,1,2
9871,FRENCHTOWN,1,1,2
8060,PHIFFIER,2,0,2
8062,SLIPCOVERE,2,0,2
12216,CHOIC,1,1,2
8066,AMINATE,2,0,2
8069,FLINTSTONE,2,0,2
9787,RIMAS,1,1,2
9778,LAMPOON,1,1,2
9664,CARCAST,1,1,2
8189,MUSIL,2,0,2
8196,ROADBLOCKE,2,0,2
12265,INTREATE,1,1,2
9705,HOTBED,1,1,2
9703,LOSEN,1,1,2
9702,INDID,1,1,2
9699,RAGBRAI,1,1,2
9696,KISAN,1,1,2
9694,PSYCHOANALYZE,1,1,2
9692,CLARY,1,1,2
9690,THREATE,1,1,2
9687,UNSTIRRED,1,1,2
8222,ROCKSTEADY,2,0,2
9682,FOREKNOWN,1,1,2
8224,NDE,2,0,2
8226,BATTLEBORN,2,0,2
8230,OZONATE,2,0,2
9673,UNCONFESSED,1,1,2
9672,FEENIN,1,1,2
8232,SUBSCRIB,2,0,2
9715,PERFICIENT,1,1,2
9722,RETEAME,1,1,2
12245,TABLEAU,1,1,2
8186,REDIRKSEN,2,0,2
12247,CORNROWE,1,1,2
9766,CAF,1,1,2
8147,BHAI,2,0,2
8148,FALKEN,2,0,2
8152,REPLUGGE,2,0,2
9759,PUTRID,1,1,2
12251,NOOB,1,1,2
8153,SINGULATE,2,0,2
8154,NOMU,2,0,2
9751,LURIE,1,1,2
9750,SERI,1,1,2
8158,POYET,2,0,2
9744,WPA,1,1,2
9740,LMG,1,1,2
8172,WINDWARD,2,0,2
9736,BUNGER,1,1,2
8179,FREEBORN,2,0,2
8182,SORWE,2,0,2
12258,AUTOBAHN,1,1,2
9382,ATLANTA,1,1,2
8489,INDUSTRIALISE,2,0,2
8495,NV+,2,0,2
9030,FLATHEAD,1,1,2
8748,BOUGAINVILLEA,1,1,2
9025,AMAZING.I,1,1,2
12573,UNWALLE,1,1,2
9015,UPREGULATE,1,1,2
8770,STOLLEN,1,1,2
9004,BUTTLE,1,1,2
9000,GODO,1,1,2
8999,SHAMONE,1,1,2
8998,WITHOUTEN,1,1,2
8996,ZAROK,1,1,2
12492,MOVEON,1,1,2
8994,BINDWEED,1,1,2
8993,RYU,1,1,2
8783,MONOCHROME,1,1,2
12493,HOSPIRA,1,1,2
8989,HAFTE,1,1,2
8987,TWP,1,1,2
8788,REAPERE,1,1,2
8977,TSJ,1,1,2
8747,PELLIT,1,1,2
12579,REVOLUTIONISE,1,1,2
8975,SORSA,1,1,2
8735,FRICKEN,1,1,2
12585,GAREKI,1,1,2
12469,DEMOB,1,1,2
8719,HENRI,1,1,2
12584,BNP,1,1,2
9075,JANICE,1,1,2
9072,SCHOEN,1,1,2
8723,UNWORKE,1,1,2
9069,PERSCRIBE,1,1,2
9067,EMOTIONALLY,1,1,2
9066,OPINIONE,1,1,2
9065,DECONSECRATE,1,1,2
12581,DISSIMULATE,1,1,2
8729,DEMAGOGUE,1,1,2
8731,PUPPETEERE,1,1,2
9054,CONDUCTION,1,1,2
12580,BELTZMAN,1,1,2
9049,DONHAD,1,1,2
12477,SHAZA,1,1,2
12478,GOUND,1,1,2
12497,GORDONI,1,1,2
8974,PREMATURE,1,1,2
8713,AGGE,1,1,2
8914,ENRIQUE,1,1,2
8909,HUGG,1,1,2
12551,TELECINE,1,1,2
8825,BAKERSFIELD,1,1,2
8827,CSAT,1,1,2
12549,SHIFTLESS,1,1,2
12521,TICKETY,1,1,2
12546,CTHE,1,1,2
12523,BROADLY,1,1,2
12526,CIRCULARIZE,1,1,2
8886,DSB,1,1,2
8885,SUNNA,1,1,2
12527,DEVENDRA,1,1,2
8848,PREPPER,1,1,2
8881,FERVENT,1,1,2
8854,OMETER,1,1,2
8874,PROOFREADER,1,1,2
8873,DOKKEN,1,1,2
8857,UNINCLUDED,1,1,2
8859,UNCONDITIONE,1,1,2
8819,TOOTHE,1,1,2
8818,SURPISE,1,1,2
12498,STROUD,1,1,2
8922,KASYA,1,1,2
12558,RONCA,1,1,2
8964,CROSSLINKE,1,1,2
8960,SP6,1,1,2
8802,BAKRA,1,1,2
12503,SLENDERIZE,1,1,2
8803,KARVONEN,1,1,2
8953,TRICKIN,1,1,2
12554,MSI,1,1,2
8951,OKAPIS,1,1,2
8949,CREEPLY,1,1,2
8947,MISPREDICTE,1,1,2
8944,HYPNOTISE,1,1,2
12511,CARBOXYLATE,1,1,2
8932,AZLE,1,1,2
12512,OXIDATE,1,1,2
12513,SINTER,1,1,2
8925,NEUTURE,1,1,2
12515,NITROGENATE,1,1,2
8923,ENFEEBLE,1,1,2
12468,BOOGA,1,1,2
9088,EXPERINCE,1,1,2
8502,MISFORME,2,0,2
8565,KANAVAN,1,1,2
8572,UNDERFEED,1,1,2
9293,EPPELA,1,1,2
8575,SWEATEN,1,1,2
8578,UNCROPPED,1,1,2
8579,HAUGHTY,1,1,2
9287,UNLEVELED,1,1,2
8587,ELASTICATE,1,1,2
9278,DAID,1,1,2
9276,UNRETURNE,1,1,2
9271,EFE,1,1,2
9261,CHEMICALIZE,1,1,2
9260,PODUNK,1,1,2
9257,PREFFERE,1,1,2
8597,KNOWNIN,1,1,2
8599,HERBERTO,1,1,2
12414,UNTRAVELE,1,1,2
9247,PRIMARIE,1,1,2
8608,UNGATED,1,1,2
12421,ITTEN,1,1,2
9298,ZHU,1,1,2
12394,HUAWEI,1,1,2
9224,PDFS,1,1,2
9307,FLAKKA,1,1,2
9373,UNDERBANKED,1,1,2
8512,ENGLAND,2,0,2
8516,YEASTE,2,0,2
8519,REGROWN,2,0,2
9354,CHARACTE,1,1,2
9345,TERRIFI,1,1,2
9344,LEGITIMISE,1,1,2
12381,SPALTE,1,1,2
8539,27.6,2,0,2
12640,SELASA,1,1,2
9334,TOCRAWL,1,1,2
12638,PRATEN,1,1,2
9330,THYROIDITIS,1,1,2
9328,RESVERATROL,1,1,2
9327,RANDOMISE,1,1,2
8551,VERANDAS,1,1,2
8560,WILDY,1,1,2
12634,DOGTOWN,1,1,2
9311,N+,1,1,2
12422,UNIMPAIRE,1,1,2
9221,7.1,1,1,2
8710,EVANNA,1,1,2
9163,CIEARE,1,1,2
8677,DODOK,1,1,2
8678,UNVENTE,1,1,2
9151,TIEBREAK,1,1,2
12451,FDCPA,1,1,2
9137,OE,1,1,2
9136,UNDEREDUCATED,1,1,2
12456,ARCURI,1,1,2
9128,TIPOS,1,1,2
9123,BLENT,1,1,2
8695,EBC,1,1,2
12463,FELSEN,1,1,2
8697,WEIWEI,1,1,2
9108,MARVERE,1,1,2
9104,CHLOROFORM,1,1,2
9103,TXE,1,1,2
9101,BROTEN,1,1,2
9096,METAMORPHOSIZED,1,1,2
9095,BEUST,1,1,2
9094,PERVE,1,1,2
9160,HEADQUARTE,1,1,2
8664,UNSPONSORED,1,1,2
12427,RATIONALISE,1,1,2
9167,SARGASSUM,1,1,2
9209,NEGGE,1,1,2
12616,+10,1,1,2
8633,RABBET,1,1,2
8634,PULPY,1,1,2
8638,KHALIL,1,1,2
8645,REVITALISE,1,1,2
9193,VULCANIZE,1,1,2
12435,LIBO,1,1,2
9189,UNDYED,1,1,2
9188,LIBERT,1,1,2
9186,TAMPA,1,1,2
8650,LOCALISE,1,1,2
12611,EBBESEN,1,1,2
12610,RECOLONIZE,1,1,2
8655,CONFECT,1,1,2
12606,UNBURNT,1,1,2
9174,PEDIGREED,1,1,2
9171,BARONY,1,1,2
12604,WREATHE,1,1,2
9920,SKEEVE,1,1,2
11621,SAMBUCA,1,1,2
10344,XCITE,1,1,2
10264,DELICATESSEN,1,1,2
10269,KANUTO,1,1,2
11991,ATMEL,1,1,2
7678,RHAENY,2,0,2
12084,6.1,1,1,2
7412,CONTEMN,2,0,2
10578,HILLARIE,1,1,2
7679,SOCKETE,2,0,2
7685,10.4,2,0,2
7704,MILKMAID,2,0,2
12088,UNBANKE,1,1,2
10256,PROSHRE,1,1,2
10255,TRIFON,1,1,2
12091,CONNECTICUT,1,1,2
7694,NOBBLE,2,0,2
12093,KNEED,1,1,2
10581,WC8,1,1,2
7674,TRAVEN,2,0,2
10275,POLYGRAPHE,1,1,2
7418,HAWTHORN,2,0,2
10279,HONDURAN,1,1,2
10321,FLIPSIE,1,1,2
10314,PREPENDE,1,1,2
10313,CATALYSE,1,1,2
10312,BHAVIK,1,1,2
11999,TANAY,1,1,2
7640,AFFH,2,0,2
7424,LOMU,2,0,2
11995,TENNECO,1,1,2
12071,COPPICE,1,1,2
10301,REGULO,1,1,2
12074,SAMOYED,1,1,2
10294,ELECTIONEER,1,1,2
12076,SWISHY,1,1,2
10290,DEMENT,1,1,2
12081,SALAZAR,1,1,2
7404,YUROK,2,0,2
7402,SQUAG,2,0,2
10555,DECKLE,1,1,2
7766,CHASTEEN,2,0,2
7750,FAID,2,0,2
10183,AXELA,1,1,2
7757,GLOBALISE,2,0,2
10597,BROASTE,1,1,2
10175,CACKE,1,1,2
7386,BROUGHTEN,2,0,2
7384,CUSTOMISE,2,0,2
7383,DECARBOXYLATE,2,0,2
7707,MOZILO,2,0,2
10168,P38,1,1,2
12122,STOMPIN,1,1,2
10164,REEMBARKE,1,1,2
10162,AERONAUTICAL,1,1,2
12124,SWCA,1,1,2
10606,FROGTOWN,1,1,2
7769,GUNKE,2,0,2
7748,PROCO,2,0,2
7392,BANNIN,2,0,2
7741,RAKUTEN,2,0,2
7486,AITKEN,2,0,2
7397,DEPROGRAMME,2,0,2
7708,HOSPITALISE,2,0,2
12098,CRACKIN,1,1,2
7396,POLITICK,2,0,2
7728,ARMAID,2,0,2
7729,PUPPETE,2,0,2
10215,SARSA,1,1,2
7731,GAITE,2,0,2
7395,RESETTE,2,0,2
10210,BRISTOW,1,1,2
10209,SENSITISE,1,1,2
7737,UNACTIVATED,2,0,2
10204,MISDELIVER,1,1,2
10202,ALEVE,1,1,2
11985,SCUD,1,1,2
10322,JETLAGGE,1,1,2
10324,CABBE,1,1,2
11980,NORMANDEAU,1,1,2
10501,GRAZIOLI,1,1,2
10497,UNCRACKED,1,1,2
12029,AGUSTÍ,1,1,2
7538,WATCHGUARD,2,0,2
10433,RUMPE,1,1,2
7540,UNCOMPELLE,2,0,2
10430,GOGEBIC,1,1,2
7545,GRUNTLE,2,0,2
10425,CPL,1,1,2
12009,HARMONISE,1,1,2
10423,UNSEASONE,1,1,2
7478,POLITICISE,2,0,2
12013,SATIVAS,1,1,2
10422,PSL,1,1,2
10512,BRIGGSIE,1,1,2
10420,PREEXIST,1,1,2
10410,CAITLYN,1,1,2
10452,GLOCCA,1,1,2
10454,CAMPOREE,1,1,2
10456,THROK,1,1,2
7527,DISREGULATE,2,0,2
7490,HORNSWOGGLE,2,0,2
7491,OVERBLOWN,2,0,2
7492,FRAUDE,2,0,2
10488,SANTUR,1,1,2
10487,LABATT,1,1,2
10481,STATEMENTE,1,1,2
10479,DAYLIT,1,1,2
7516,PHISHE,2,0,2
10473,OROPESA,1,1,2
7485,UNVALIDATE,2,0,2
10472,EB1,1,1,2
10470,TURI,1,1,2
7519,GUESSABLE,2,0,2
10464,BLOODSTONE,1,1,2
12023,POETESS,1,1,2
12039,CLOTTY,1,1,2
7569,RECOMENDE,2,0,2
10326,UNENDORSED,1,1,2
7628,DODGERTOWN,2,0,2
12059,TEZA,1,1,2
7623,CIVITA,2,0,2
10348,DUMFOUNDE,1,1,2
10345,INTOWN,1,1,2
9929,GUDEN,1,1,2
7625,FESTOON,2,0,2
10341,DGS,1,1,2
10335,ZELDA,1,1,2
7572,BETT,2,0,2
7630,LIVERIE,2,0,2
7631,SEEWALD,2,0,2
7439,0.6,2,0,2
10550,BECU,1,1,2
7633,NAPALME,2,0,2
7634,NEXTE,2,0,2
10327,COARSER,1,1,2
10352,REVELL,1,1,2
10547,LENSE,1,1,2
7440,POOTE,2,0,2
10542,UNBONDED,1,1,2
7464,STERILISE,2,0,2
10399,ILLUSIONE,1,1,2
7463,HYPERACCELERATE,2,0,2
7582,DESEED,2,0,2
7585,DEPOLITICIZE,2,0,2
10525,HAZELE,1,1,2
12047,GANSAN,1,1,2
10383,PRODUCTIZE,1,1,2
10532,MISPRICE,1,1,2
7596,DEFANG,2,0,2
10537,ESOK,1,1,2
10369,HEPPE,1,1,2
7612,LBR,2,0,2
7441,SHELLSHOCKE,2,0,2
10357,UNSCREENE,1,1,2
12125,DECOMMITTE,1,1,2
12108,BONEHEADE,1,1,2
10653,FIAME,1,1,2
10155,MINIATURISE,1,1,2
10684,SRG,1,1,2
10040,HOLBROOK,1,1,2
7331,REFLOWE,2,0,2
10047,EVENTBRITE,1,1,2
10051,EXEDE,1,1,2
7333,I-49,2,0,2
10650,UNCURED,1,1,2
7954,SICKLIE,2,0,2
10053,LSU,1,1,2
7880,COXED,2,0,2
10057,UNCONFUSE,1,1,2
9967,WILDERE,1,1,2
10644,TRAFICO,1,1,2
7957,PAISAN,2,0,2
7878,SKELETONIZE,2,0,2
10059,WHCA,1,1,2
10064,CLAUDIUS,1,1,2
7869,CFCS,2,0,2
7868,NOVATE,2,0,2
9960,LEMARCHAL,1,1,2
7966,BILLUND,2,0,2
7855,SECTORE,2,0,2
11963,BLUSA,1,1,2
10077,VERMICOMPOST,1,1,2
10081,PRESTRESSE,1,1,2
7345,RENOWE,2,0,2
7346,MOHAMMED,2,0,2
10037,A123,1,1,2
10654,ASVAB,1,1,2
12148,TELEOPERATE,1,1,2
9974,NAPCO,1,1,2
10003,CATHLEEN,1,1,2
10671,SCOUTEN,1,1,2
7913,BATSHIT,2,0,2
7316,WU,2,0,2
7921,CATFISHE,2,0,2
12180,LWE,1,1,2
7903,SYNTHESISE,2,0,2
7317,COSSET,2,0,2
7319,ZOMBIFIE,2,0,2
12172,MINOTAUR,1,1,2
12169,CLOWNIN,1,1,2
10027,WALKETH,1,1,2
10028,PRESELECTE,1,1,2
11953,HKN,1,1,2
12167,SIMRAN,1,1,2
10664,CYBERNATE,1,1,2
7936,REKA,2,0,2
7900,WAKARUSA,2,0,2
10662,HUCKE,1,1,2
12182,TRYNNA,1,1,2
7945,LAWNE,2,0,2
7899,LATINIZE,2,0,2
11956,SZEGE,1,1,2
7897,COPYCATTE,2,0,2
7312,DESEG,2,0,2
7946,REPINNE,2,0,2
7324,GLAMME,2,0,2
12188,UNCONTACTE,1,1,2
7344,HOUSEBOUND,2,0,2
7842,UPSIZED,2,0,2
10622,GLOBBE,1,1,2
7974,COALTARBASE,2,0,2
9950,MUNDI,1,1,2
7817,INTONATE,2,0,2
7812,SHIRAJ,2,0,2
10092,MAGNAVOX,1,1,2
10121,UNHOLSTERED,1,1,2
10122,GIMMICKRY,1,1,2
7809,GRIMM,2,0,2
9942,APPARATE,1,1,2
7986,KABLI,2,0,2
7806,NEWEGG,2,0,2
7800,DEMONETIZE,2,0,2
10129,BODYGUARD,1,1,2
7988,UNFARME,2,0,2
7359,SCHÖNSTEN,2,0,2
7989,MARSHFIELD,2,0,2
7992,ACERBIC,2,0,2
10132,STNA,1,1,2
10618,DWI,1,1,2
7997,COLLIMATE,2,0,2
7792,DYNEGY,2,0,2
12133,PITTSFIELD,1,1,2
10141,TENSELY,1,1,2
10143,SHEEPSHEAD,1,1,2
7780,OVERHARVESTE,2,0,2
12129,UNEXPOSE,1,1,2
12128,HILDREN,1,1,2
10154,MECKLEN,1,1,2
10111,EMMITE,1,1,2
10623,ENGRAVEN,1,1,2
7354,LEGALISE,2,0,2
10105,ACCOMPIE,1,1,2
7836,BUCA,2,0,2
10097,TEME,1,1,2
7347,DIVEDE,2,0,2
7826,LIZALLEN,2,0,2
11968,EXEED,1,1,2
10688,SWO,1,1,2
11969,HSH,1,1,2
7918,RECONVICT,2,0,2
7972,REFLASHE,2,0,2
11673,REVVIN,1,0,1
11901,SABS,1,0,1
12596,STRAWHORN,1,0,1
12015,MALAYSIAN,1,0,1
12007,EAU,1,0,1
12536,GESSIE,1,0,1
12598,CHIX,1,0,1
12455,CS8,1,0,1
12599,BEARDINI,1,0,1
11671,FANCIFIE,1,0,1
12462,SAFT,1,0,1
12590,CHAMBERMAID,1,0,1
12016,OVERBREED,1,0,1
11895,RUMSEN,1,0,1
12457,CANOGA,1,0,1
12540,COUNTERBORE,1,0,1
12004,PERFUMEY,1,0,1
12597,CODERE,1,0,1
12014,HUBBE,1,0,1
11952,SNAKEBIT,1,0,1
11678,LUNK,1,0,1
12529,EPOST,1,0,1
12595,REPOLARIZE,1,0,1
12535,PROPERTIE,1,0,1
12459,SHAUVIK,1,0,1
12532,TENNARD,1,0,1
11623,SPECTRAL,1,0,1
12458,TICKLIN,1,0,1
11948,GOSNOLD,1,0,1
11672,ASSADÍ,1,0,1
11947,ENCHAIN,1,0,1
12528,GEEZA,1,0,1
11676,WINDHOEK,1,0,1
11940,GIO,1,0,1
12534,P1R,1,0,1
12531,PORTELA,1,0,1
11949,NEBULIZE,1,0,1
12542,HUMPBACKE,1,0,1
12530,SSLC,1,0,1
12494,GRI,1,0,1
12465,TSST,1,0,1
11966,FINKED,1,0,1
12572,LOATHSOME,1,0,1
11914,BALAK,1,0,1
12557,GLASKEN,1,0,1
11986,AD8,1,0,1
12481,SONNEVELD,1,0,1
11967,TUNDRATOWN,1,0,1
11656,GLUTATHIONE,1,0,1
12003,YAZI,1,0,1
12574,CIRCUMSIZE,1,0,1
11910,TELETRAN,1,0,1
11988,AGRITATE,1,0,1
11637,SPS,1,0,1
11924,KAREOKE,1,0,1
12504,BONUSE,1,0,1
12484,UNTENANTE,1,0,1
12559,HELLICKSEN,1,0,1
12560,AFFOREST,1,0,1
12570,BOLDNESS,1,0,1
12490,TSSAA,1,0,1
11916,DEANNE,1,0,1
11984,BLOWIE,1,0,1
11917,OVERACHIEVER,1,0,1
11983,BCJ,1,0,1
11974,N2O4,1,0,1
11649,BADUK,1,0,1
11920,TULUM,1,0,1
12563,DIVINIZE,1,0,1
11647,ANALISTA,1,0,1
11975,SISAL,1,0,1
11645,STEAMROLLER,1,0,1
11978,DEVISTATE,1,0,1
12505,PH2,1,0,1
11992,ENGLISHE,1,0,1
11636,CHAGE,1,0,1
11957,WATCHBIRD,1,0,1
12524,SNAPSHOTTE,1,0,1
12544,SPUNG,1,0,1
12587,UNOBSERVE,1,0,1
12466,PREINSTALLE,1,0,1
12467,ILLEGALIZE,1,0,1
12586,BOKRAM,1,0,1
12522,DESERTIFIE,1,0,1
11906,CANG,1,0,1
11935,LOKRA,1,0,1
11664,SAFED,1,0,1
12550,LIGATE,1,0,1
11955,CENTERMOST,1,0,1
11626,FACTIONALIZE,1,0,1
12470,HAFIZ,1,0,1
11663,STRIB,1,0,1
11635,FUGGE,1,0,1
11630,RIRAF,1,0,1
12516,POLYMERISE,1,0,1
11931,UNINFLUENCE,1,0,1
11662,FREEZA,1,0,1
11928,TETCHE,1,0,1
11633,SLOWLORIS,1,0,1
12583,MAZI,1,0,1
11960,GILLESPI,1,0,1
11926,HOGA,1,0,1
12472,TOMODEA,1,0,1
12473,FETTLE,1,0,1
12475,ÉSTA,1,0,1
11994,MARVI,1,0,1
12506,CUYAHOGA,1,0,1
12600,GETTEN,1,0,1
12196,GAKU,1,0,1
12449,UNDESCRIBE,1,0,1
11780,CONTEXTUALISATION,1,0,1
12269,SKYHOOK,1,0,1
11839,EICHSTÄTT,1,0,1
11838,CHIRSTEN,1,0,1
12146,IBM,1,0,1
11772,FITNA,1,0,1
11773,EXCULPATE,1,0,1
11774,GIMM,1,0,1
12262,SKELTER,1,0,1
12261,TEAST,1,0,1
12152,EXPECE,1,0,1
11832,MCCLOY,1,0,1
12259,EDMISTEN,1,0,1
11775,DOLCH,1,0,1
11776,UP.I,1,0,1
12257,LOWEEN,1,0,1
11829,AUDC,1,0,1
11945,KARARA,1,0,1
11828,RASHAUN,1,0,1
12160,DTOWN,1,0,1
11770,INSIDEY,1,0,1
11769,OHLAWD,1,0,1
12271,XPOSE,1,0,1
12288,CARBONISE,1,0,1
11747,STULTIFY,1,0,1
12119,DEFIT,1,0,1
12120,OPENDE,1,0,1
12121,GIOTTO,1,0,1
12297,XOD,1,0,1
12293,STAGEFRIGHT,1,0,1
11753,TOKAI,1,0,1
12291,SYLVIANE,1,0,1
12285,FACEOOK,1,0,1
12144,DESSERTE,1,0,1
12284,CONNETE,1,0,1
12134,REDSHIFTE,1,0,1
12135,ZOP,1,0,1
12137,FABBE,1,0,1
11763,DORAID,1,0,1
11843,SWASTIKAS,1,0,1
12142,HANDWORK,1,0,1
12272,UNSTACKE,1,0,1
11827,GALEEN,1,0,1
12252,ANALIZE,1,0,1
12117,MORTALIZE,1,0,1
12163,DVANKEN,1,0,1
12227,DIU,1,0,1
11802,ANTARSYA,1,0,1
12224,UNDETAILED,1,0,1
12221,LAWE,1,0,1
12220,REPRESEN,1,0,1
12217,TELEF,1,0,1
12185,UNSTABILIZE,1,0,1
11817,LINAANDDAME,1,0,1
12189,PIC6,1,0,1
12211,RESEN,1,0,1
11807,STRAN,1,0,1
11808,HANGOVER,1,0,1
11809,WILDUNG,1,0,1
12210,DEMME,1,0,1
12207,SHADEIJA,1,0,1
12190,ENERVATE,1,0,1
12191,RZG,1,0,1
12194,BWM,1,0,1
12198,GENERICIZE,1,0,1
11800,KEYLIGHT,1,0,1
12177,BRONCHOSPASM,1,0,1
11799,CAMBUS,1,0,1
11787,INSTERESTE,1,0,1
11825,UNABASHE,1,0,1
12164,ZA-,1,0,1
12246,OVERFLOWN,1,0,1
11785,KINGHORN,1,0,1
11823,UNREMARKE,1,0,1
12244,RAMPID,1,0,1
11822,SIDDOWN,1,0,1
12166,DOZIN,1,0,1
11788,OSPITAL,1,0,1
12176,ALTERNA,1,0,1
12242,6W,1,0,1
11789,BEEBOWEN,1,0,1
12240,LEGITIMACY,1,0,1
11791,UNBOTHERED,1,0,1
12171,HIIIGH,1,0,1
12173,TRANSCODE,1,0,1
12233,CAZA,1,0,1
12232,WHELEN,1,0,1
11852,GHETTOIZE,1,0,1
12115,BLUBBER,1,0,1
11891,LTAC,1,0,1
12388,RAILTOWN,1,0,1
12412,HIJAZI,1,0,1
12041,TRISECT,1,0,1
12409,DRUNKE,1,0,1
12624,WINNIPEG,1,0,1
12405,FLEETWOOD,1,0,1
12404,NANDE,1,0,1
12042,ANNIVERSA,1,0,1
12399,ASHRAE,1,0,1
12629,TAKAHASHI,1,0,1
12398,PAULY,1,0,1
11880,RXE,1,0,1
11712,QUAK,1,0,1
12049,FUNNER,1,0,1
12051,WILLIAMSTOWN,1,0,1
11877,OPALIZE,1,0,1
11714,BRAINTOWN,1,0,1
12052,SHICKEN,1,0,1
11715,BETHEL,1,0,1
12055,DAMNED,1,0,1
11704,HRSC,1,0,1
12417,COGIC,1,0,1
11884,BASSE,1,0,1
11695,IRONWEED,1,0,1
12601,THORSEN,1,0,1
12445,AUTOCAD,1,0,1
11687,NECROSHADE,1,0,1
12608,PIETEN,1,0,1
11691,EUPHEMIZE,1,0,1
11692,RORE,1,0,1
12027,GROUNG,1,0,1
12432,BRIGHTSTONE,1,0,1
11696,WDY,1,0,1
12622,WIGGLER,1,0,1
12033,SOLOQ,1,0,1
12425,ROUSSET,1,0,1
11698,PUMPKINSEED,1,0,1
11699,OVERLOCKE,1,0,1
12035,NIEBO,1,0,1
12617,SIMPIE,1,0,1
11702,BIPYRAMID,1,0,1
12620,FAIRTRADE,1,0,1
12056,DEFATTE,1,0,1
11875,SUKHASAN,1,0,1
12307,THWACK,1,0,1
12057,ARRY,1,0,1
12336,DOWNTURNE,1,0,1
12094,ROUST,1,0,1
12538,BONAFIE,1,0,1
11859,SOUTEN,1,0,1
12331,CALIE,1,0,1
11733,HINGA,1,0,1
12326,DCK,1,0,1
12100,CRENULATE,1,0,1
12321,KOSTET,1,0,1
11736,UNPERVADE,1,0,1
12104,MISIL,1,0,1
12316,CALIBRACHOA,1,0,1
12315,HOPFIELD,1,0,1
11741,BYB,1,0,1
12311,LOQ,1,0,1
11855,GLISSADE,1,0,1
12309,BORAGE,1,0,1
11743,COMPRANDO,1,0,1
12308,OVERPRINT,1,0,1
11731,PETESY,1,0,1
12090,LEILA,1,0,1
12342,KINNA,1,0,1
12070,MEMORIDE,1,0,1
12384,FLYERE,1,0,1
12061,GOGOGO,1,0,1
11721,FAIRLAWN,1,0,1
12375,YALETOWN,1,0,1
11871,S56,1,0,1
12371,TREVAN,1,0,1
12065,WEBM,1,0,1
12365,HAGEDORN,1,0,1
12362,IMMOBILISE,1,0,1
12085,Z77,1,0,1
12361,NIGMA,1,0,1
12354,BETTERTO,1,0,1
11725,LCSW,1,0,1
11863,DOAH,1,0,1
12077,STARTEN,1,0,1
12082,PRAYUT,1,0,1
12346,OKLAHOMA,1,0,1
12345,LCB,1,0,1
11944,SAYYE,1,0,1
8759,LINEARISE,1,0,1
11618,BICONNECTE,1,0,1
9572,MARMOSET,1,0,1
9616,VIEWSAT,1,0,1
9615,FIBREX,1,0,1
9613,VOLLENTINE,1,0,1
9612,TERSA,1,0,1
9608,BASKETE,1,0,1
9607,CORONAS,1,0,1
9592,MULTIPLEXE,1,0,1
9591,STONEWASH,1,0,1
9590,NUNN,1,0,1
9586,BREVEN,1,0,1
9579,TÚLIO,1,0,1
9577,DECANA,1,0,1
9573,MARATHONE,1,0,1
9569,CONVEYORIZE,1,0,1
9618,FELSTE,1,0,1
9568,PLASH,1,0,1
9562,PEIZO,1,0,1
9561,SOPHA,1,0,1
9560,DIONE,1,0,1
9556,YOUHAD,1,0,1
9554,B18,1,0,1
9551,AGRASEN,1,0,1
9549,EXCECUTE,1,0,1
9536,TRUSTYTREY,1,0,1
9534,MEDICI,1,0,1
9530,CINDEX,1,0,1
9528,13.4,1,0,1
9526,ECCM,1,0,1
9617,IOCKE,1,0,1
9621,PRECEIVE,1,0,1
9519,EXOR,1,0,1
9670,TYLERJACOBSEN,1,0,1
9717,JDSWED,1,0,1
9714,ABOUTEN,1,0,1
9709,BIRDEE,1,0,1
9708,MILDEWY,1,0,1
9706,HENCKEN,1,0,1
9695,JANKE,1,0,1
9691,BLURBE,1,0,1
9688,EMPIRICALLY,1,0,1
9686,MANOEUVER,1,0,1
9685,RODDE,1,0,1
9680,SACRALIZE,1,0,1
9679,UNSUPPRESSED,1,0,1
9678,TROPHYLESS,1,0,1
9663,AMIDATE,1,0,1
9624,BISSAN,1,0,1
9655,TEGAN,1,0,1
9654,UNCONDENSED,1,0,1
9653,JOANNA,1,0,1
9648,FABU,1,0,1
9646,ANEESA,1,0,1
9642,PLESTE,1,0,1
9641,SLAYBECK,1,0,1
9636,FUXORE,1,0,1
9632,TINOS,1,0,1
9630,TOUKO,1,0,1
9628,COTUIT,1,0,1
9626,EUROPEANIZE,1,0,1
9625,PLISSKEN,1,0,1
9523,MONOSATURATE,1,0,1
9516,CARBONITE,1,0,1
9317,PCSD,1,0,1
9386,MAJEED,1,0,1
9421,BLACKTOWN,1,0,1
9420,UNTHAW,1,0,1
9418,TAKFIRI,1,0,1
9416,BABC,1,0,1
9414,CHINDEN,1,0,1
9413,GOBBE,1,0,1
9404,DELRI,1,0,1
9401,PAULTEN,1,0,1
9400,STANDARIZE,1,0,1
9397,STONEBRIDGE,1,0,1
9395,PRSA,1,0,1
9394,MEATE,1,0,1
9388,PERIODIZE,1,0,1
9385,CONINE,1,0,1
9425,BROKEDOWN,1,0,1
9374,71.4,1,0,1
9372,DELIGHTSOME,1,0,1
9371,V50,1,0,1
9367,GH5,1,0,1
9364,KAMUK,1,0,1
9356,SNICE,1,0,1
9349,NATSOUND,1,0,1
9342,TELESCREEN,1,0,1
9341,34.4,1,0,1
9337,REFLUXE,1,0,1
9335,DABIGATRAN,1,0,1
9332,UNLIQUIDATED,1,0,1
9329,PEDUNCULATE,1,0,1
9423,AUTZEN,1,0,1
9429,AGGITATE,1,0,1
9515,DESEX,1,0,1
9476,IMRS,1,0,1
9513,BINOMIAL,1,0,1
9509,ADVANCETRAC,1,0,1
9508,SARTET,1,0,1
9507,C1A,1,0,1
9504,PHILLISKIRK,1,0,1
9500,CRYPTE,1,0,1
9498,PHYSICALIZE,1,0,1
9495,UNSCHOOLE,1,0,1
9494,ARIELA,1,0,1
9490,SOX,1,0,1
9488,GLENALLEN,1,0,1
9484,DATE2,1,0,1
9478,ZONKE,1,0,1
9465,SPEA,1,0,1
9433,AETYI,1,0,1
9464,ALIBI,1,0,1
9463,COVIN,1,0,1
9459,ZIBBET,1,0,1
9457,CABALLUS,1,0,1
9455,BARNAMEH,1,0,1
9454,RVG,1,0,1
9453,RACHAU,1,0,1
9450,ARRIVEN,1,0,1
9447,BANDULUS,1,0,1
9444,BRATTIN,1,0,1
9438,EASYTO,1,0,1
9437,BAKDAE,1,0,1
9435,BERGESEN,1,0,1
9719,YOGIBO,1,0,1
9724,WIDELY,1,0,1
9725,UNRHYMED,1,0,1
9992,UNSHIELDED,1,0,1
10030,UNPRODUCED,1,0,1
10029,DTAC,1,0,1
10025,SELAMUN,1,0,1
10024,PRECOMPOSE,1,0,1
10023,ZR3,1,0,1
10022,INCRUST,1,0,1
10021,HAPTEN,1,0,1
10013,INSTRUC,1,0,1
10011,QUILLEN,1,0,1
10004,WOLKEN,1,0,1
9998,POWDERIZE,1,0,1
9996,ES2,1,0,1
9995,UNDRAINE,1,0,1
9984,REFERRE,1,0,1
10036,BOUSSARD,1,0,1
9983,FOMA,1,0,1
9979,SPLA,1,0,1
9966,WINTERFIELD,1,0,1
9963,DOOKIE,1,0,1
9962,PERCOSET,1,0,1
9956,BUZZ60,1,0,1
9955,SEIKEN,1,0,1
9954,UNSHELLED,1,0,1
9949,RITUALIZE,1,0,1
9943,BIANNA,1,0,1
9940,GDANSK,1,0,1
9938,TUPAEA,1,0,1
9931,STEMI,1,0,1
10033,BÉCHAMEL,1,0,1
10038,LEBEAU,1,0,1
9726,MOTORBOAT,1,0,1
10082,ERYONE,1,0,1
10134,YOUE,1,0,1
10133,GRIFFIX,1,0,1
10130,UNLIKED,1,0,1
10128,HENPECKE,1,0,1
10127,COPLA,1,0,1
10119,STAGEA,1,0,1
10114,YEAHH,1,0,1
10112,DEWINE,1,0,1
10109,SICINIUS,1,0,1
10107,MELONE,1,0,1
10102,SADOWSKI,1,0,1
10101,CRACKERJACK,1,0,1
10089,NEOME,1,0,1
10080,OLM,1,0,1
10041,CERTIE,1,0,1
10079,CANCEIIE,1,0,1
10076,SKOWHEGAN,1,0,1
10075,KEBAPI,1,0,1
10070,ONAC,1,0,1
10068,TET,1,0,1
10067,MISGENDER,1,0,1
10066,2CR,1,0,1
10065,ASPERSA,1,0,1
10063,BERRINEAU,1,0,1
10054,SNN,1,0,1
10052,HARDHEADE,1,0,1
10043,FOOTBAL,1,0,1
10042,TRAGE,1,0,1
9930,PROBLEN,1,0,1
9926,THRASHIN,1,0,1
9924,JITTERE,1,0,1
9785,LUGG,1,0,1
9818,TOTALIZE,1,0,1
9817,UNENHANCE,1,0,1
9816,1.0,1,0,1
9813,TSEEBO,1,0,1
9811,WONTE,1,0,1
9807,LEANRE,1,0,1
9802,NEUTRALISE,1,0,1
9800,BAMPO,1,0,1
9796,NEWSTE,1,0,1
9795,SGPA,1,0,1
9794,CAMFE,1,0,1
9791,DYKEN,1,0,1
9789,BUDDHAHOOD,1,0,1
9777,ONIE,1,0,1
9921,THOT,1,0,1
9776,QUEDADO,1,0,1
9774,GROMMETE,1,0,1
9773,THRIVEN,1,0,1
9770,DISPPOINTE,1,0,1
9768,WROTH,1,0,1
9767,INCENTIVISE,1,0,1
9756,TADY,1,0,1
9755,COHEED,1,0,1
9753,PREPROGRAMME,1,0,1
9747,TECNICO,1,0,1
9743,JORN,1,0,1
9733,STODDARD,1,0,1
9732,OVERDUBBE,1,0,1
9837,JUND,1,0,1
9841,WGE,1,0,1
9844,MORDEEN,1,0,1
9847,FINAY,1,0,1
9916,OPENRICE,1,0,1
9914,RENKEN,1,0,1
9912,SHIPMAN,1,0,1
9911,STRENGHTEN,1,0,1
9903,FRIMET,1,0,1
9902,THEONE,1,0,1
9900,WISN,1,0,1
9899,SOTTE,1,0,1
9895,STONEBROOK,1,0,1
9893,REMODULATE,1,0,1
9891,FRATER,1,0,1
9888,EPITAXY,1,0,1
9881,0N0,1,0,1
9880,LLS,1,0,1
9879,AIRBED,1,0,1
9875,OVERSPICE,1,0,1
9873,MUTHAF,1,0,1
9868,TRODUCE,1,0,1
9867,PUCKE,1,0,1
9864,GPSP,1,0,1
9863,KANAB,1,0,1
9861,DOWNREGULATE,1,0,1
9860,DHENUKA,1,0,1
9858,GELLHORN,1,0,1
9853,BERRYTOWN,1,0,1
9850,COLOSTOMY,1,0,1
9849,DISSERVE,1,0,1
9321,MALLADUGU,1,0,1
9316,REVITALADE,1,0,1
10138,BENAMI,1,0,1
8791,SCHIESSEN,1,0,1
8829,MERCELE,1,0,1
8826,UNHUMAN,1,0,1
8823,LLEN,1,0,1
8817,ZOOFARI,1,0,1
8809,PR70,1,0,1
8807,WORCHESTER,1,0,1
8804,PRESORTE,1,0,1
8799,PREDISPOSITIONE,1,0,1
8797,FACTORIZE,1,0,1
8796,MUSSEN,1,0,1
8795,EVU,1,0,1
8793,OURE,1,0,1
8792,CLARO,1,0,1
8790,REDELIVERE,1,0,1
8832,PONGE,1,0,1
8776,EXFOLIANT,1,0,1
8774,63.6,1,0,1
8773,TWITTERPATE,1,0,1
8772,PIJ,1,0,1
8769,REKNIT,1,0,1
8762,ACUSSE,1,0,1
8761,GOCTA,1,0,1
8760,POONE,1,0,1
8754,STIPE,1,0,1
8753,UNSANCTIFIE,1,0,1
8745,CP8,1,0,1
8743,APRONE,1,0,1
8741,BIOPREFERRE,1,0,1
8831,DESIGNE,1,0,1
8837,MASAKI,1,0,1
8739,TOYOU,1,0,1
8878,STONESTOWN,1,0,1
8910,SHAKAREZ,1,0,1
8907,WHASSAT,1,0,1
8906,SECON,1,0,1
8904,ECHIZEN,1,0,1
8899,PLAISTE,1,0,1
8898,3FEEDBACK,1,0,1
8892,CONVENTIONALIZE,1,0,1
8890,ERECTA,1,0,1
8889,SAGRAMOR,1,0,1
8888,TOWEI,1,0,1
8884,KAREMMA,1,0,1
8883,DOGNAPPE,1,0,1
8879,YEREVAN,1,0,1
8875,SCEPTERE,1,0,1
8842,PAVAKAH,1,0,1
8872,TINCT,1,0,1
8870,WIREHAIRE,1,0,1
8869,XETA,1,0,1
8866,TUPLE,1,0,1
8865,FACIALIZE,1,0,1
8864,GOULD,1,0,1
8863,UNMERGED,1,0,1
8862,CDFA,1,0,1
8861,SUBSETTE,1,0,1
8860,UNASSOCIATED,1,0,1
8852,71.2,1,0,1
8846,OUTFOXED,1,0,1
8844,EEDE,1,0,1
8740,ENCINAL,1,0,1
8738,ROOHULAMEEN,1,0,1
9314,DECALE,1,0,1
8589,ADGQ,1,0,1
8642,ALLIGNE,1,0,1
8641,DOMINICANO,1,0,1
8639,GREATENE,1,0,1
8632,8.6,1,0,1
8620,STICKEN,1,0,1
8619,CORRELATED,1,0,1
8617,RITD,1,0,1
8615,PEEZY,1,0,1
8613,GABRIELSEN,1,0,1
8612,RANSIE,1,0,1
8604,STILA,1,0,1
8593,OUGHT,1,0,1
8591,VWR,1,0,1
8585,ADEQ,1,0,1
8651,DEFRIENDE,1,0,1
8582,DATABANK,1,0,1
8580,UNHARDENED,1,0,1
8571,TALKEETNA,1,0,1
8569,BURTIE,1,0,1
8568,GIACALONE,1,0,1
8564,RUSSIFIE,1,0,1
8563,PROPOGATE,1,0,1
8554,INTRUST,1,0,1
8552,B3B,1,0,1
8547,JAMUN,1,0,1
8544,SYNCRO,1,0,1
8543,THEAND,1,0,1
8541,WINNE,1,0,1
8648,WINABI,1,0,1
8652,HERF,1,0,1
8732,SEANEEN,1,0,1
8700,MENTEN,1,0,1
8728,ENCINITAS,1,0,1
8727,TYPHUS,1,0,1
8725,APPIIE,1,0,1
8720,PECTEN,1,0,1
8718,SG9,1,0,1
8717,GULF,1,0,1
8714,ESTOP,1,0,1
8712,KURUNG,1,0,1
8709,MOSAICKE,1,0,1
8708,WOODSMOKE,1,0,1
8707,YASU,1,0,1
8706,STELLASTOT,1,0,1
8703,UNDOPE,1,0,1
8693,HOUSEMAID,1,0,1
8653,S600,1,0,1
8691,DOGPATCH,1,0,1
8689,BOSSTONE,1,0,1
8688,ETHELRE,1,0,1
8687,SLAINE,1,0,1
8680,PROTONATE,1,0,1
8676,MANAUS,1,0,1
8673,UNBLEACHED,1,0,1
8665,CEZA,1,0,1
8662,FANTASTICO,1,0,1
8661,ARWEN,1,0,1
8658,UNFINANCED,1,0,1
8657,MOTIVA,1,0,1
8656,SQUIRTY,1,0,1
8920,FAPPE,1,0,1
8924,CCQ,1,0,1
8928,SPORN,1,0,1
9190,BOCONCEPT,1,0,1
9227,FUY,1,0,1
9226,GIEUX,1,0,1
9220,SECONDI,1,0,1
9219,CARQUEST,1,0,1
9214,HEYVI,1,0,1
9213,DEPILATE,1,0,1
9211,PRR,1,0,1
9205,TRANQUILISE,1,0,1
9203,DOIDA,1,0,1
9202,MAGICKE,1,0,1
9197,REBOOSTE,1,0,1
9195,BOLINGO,1,0,1
9192,JUMPSCARE,1,0,1
9184,DIGITISE,1,0,1
9230,OKAY.JUST,1,0,1
9181,OVERTOWN,1,0,1
9180,ITWA,1,0,1
9179,THARPE,1,0,1
9178,COLOCATE,1,0,1
9175,LGBTQIA+,1,0,1
9170,HYPERACTIVATE,1,0,1
9166,FUCCE,1,0,1
9164,SF7,1,0,1
9158,SINGHALÛT,1,0,1
9156,SIPG,1,0,1
9154,SKILLICORN,1,0,1
9153,UNCROSSED,1,0,1
9152,DISPROPORTIONE,1,0,1
9229,LEWAY,1,0,1
9234,UNREFUTE,1,0,1
8929,TUMPE,1,0,1
9275,DOQ,1,0,1
9312,DESPECIALIZE,1,0,1
9310,RETROREFLECTED,1,0,1
9309,AGUA,1,0,1
9308,DEDICATEED,1,0,1
9305,GOGI,1,0,1
9296,RECOMBINASE,1,0,1
9295,UNOPP,1,0,1
9288,ARIELLA,1,0,1
9286,L60,1,0,1
9283,BESHT,1,0,1
9281,EMBROWN,1,0,1
9279,NAKORN,1,0,1
9277,BACKSTABBE,1,0,1
9273,BURUNG,1,0,1
9238,BROWBEATEN,1,0,1
9270,KANADE,1,0,1
9269,KRISTANNA,1,0,1
9268,LALAY,1,0,1
9267,COCE,1,0,1
9266,STRELA,1,0,1
9264,28.6,1,0,1
9262,7.4,1,0,1
9251,FELD,1,0,1
9250,SPLASHDOWN,1,0,1
9249,MEADOWGLEN,1,0,1
9248,ALBRIGHT,1,0,1
9245,MORKEN,1,0,1
9244,DR.OZ,1,0,1
9150,RIFKEN,1,0,1
9148,UNPACKAGED,1,0,1
9146,PYE,1,0,1
8973,PRETERIUS,1,0,1
9016,METABOLISE,1,0,1
9014,UNAMUSE,1,0,1
9013,WIDEFIELD,1,0,1
9012,PRETEXTE,1,0,1
9011,UNCHAPERONE,1,0,1
9009,1990,1,0,1
9006,UNTOTEN,1,0,1
8995,PRESSURISE,1,0,1
8990,WILMSEN,1,0,1
8988,ADVERTISING,1,0,1
8984,MARGINE,1,0,1
8981,PA1,1,0,1
8976,EVOLUTE,1,0,1
8970,GLOMP,1,0,1
9142,CARBON-,1,0,1
8967,WINNETKA,1,0,1
8966,PALERMO,1,0,1
8963,DCCT,1,0,1
8958,COMMUTATE,1,0,1
8946,SOLUBILIZE,1,0,1
8942,LADWP,1,0,1
8941,WORNE,1,0,1
8940,STRANGIE,1,0,1
8939,SHOWZEN,1,0,1
8936,BREIVIK,1,0,1
8935,DUNDERHEADE,1,0,1
8934,MASCULINIZE,1,0,1
8931,UNTALKE,1,0,1
9017,TIROS,1,0,1
9019,TROLLIE,1,0,1
9026,SILVERTHORNE,1,0,1
9028,UNCOLORED,1,0,1
9139,THCRE,1,0,1
9138,SABAL,1,0,1
9135,TENECIA,1,0,1
9131,FOCUSER,1,0,1
9127,ROSSIO,1,0,1
9126,SEMAINE,1,0,1
9122,PETERBILT,1,0,1
9117,WINDAGE,1,0,1
9115,THOMASTOWN,1,0,1
9113,BELÉN,1,0,1
9106,GONNNA,1,0,1
9092,18.4,1,0,1
9084,PATRICKREZA,1,0,1
9083,BACKWASHE,1,0,1
9081,RECHANNELE,1,0,1
9078,TRUDEAU,1,0,1
9073,ABONDONE,1,0,1
9068,UNHYDRATE,1,0,1
9061,GRAYBEARD,1,0,1
9060,VATTEN,1,0,1
9059,ANONYMISE,1,0,1
9058,TYREQ,1,0,1
9052,NAFFE,1,0,1
9047,BRUSA,1,0,1
9044,FDAC,1,0,1
9038,OHSHIT,1,0,1
9031,UNDISMAYE,1,0,1
10135,MADEE,1,0,1
10139,DOUGHTEN,1,0,1
11598,AIRHEADE,1,0,1
11122,STRUNK,1,0,1
11147,AEROBE,1,0,1
11146,RIVERHEAD,1,0,1
11144,RJK,1,0,1
11140,KEYBANK,1,0,1
11138,TSKINNAK,1,0,1
11136,PHYSICALLY,1,0,1
11134,THUNDERDOME,1,0,1
11132,ASOME,1,0,1
11129,OQ,1,0,1
11128,BERRIN,1,0,1
11127,IMPUDENT,1,0,1
11124,DELO,1,0,1
11123,GRAMMAFUNKEN,1,0,1
11120,TORNE,1,0,1
11150,DPLA,1,0,1
11118,TOMBALL,1,0,1
11114,CHBOSKY,1,0,1
11113,AFROPUNK,1,0,1
11109,SAMAJIS,1,0,1
11106,ENFPS,1,0,1
11098,DELAVAN,1,0,1
11097,PARISHE,1,0,1
11096,REDISPLAYE,1,0,1
11092,GRANTLAND,1,0,1
11091,LUGLI,1,0,1
11090,LIVESTREAME,1,0,1
11089,EXTUBATE,1,0,1
11085,RAMIFY,1,0,1
11149,CHOGA,1,0,1
11154,FLOCCULATE,1,0,1
11069,TREVOSE,1,0,1
11202,SHREKE,1,0,1
11230,NGG,1,0,1
11229,THRELKELD,1,0,1
11228,CORNFUSE,1,0,1
11227,DOCUMENTID,1,0,1
11225,UNTAXE,1,0,1
11223,YOUHAVE,1,0,1
11222,AMMONIUS,1,0,1
11219,PADEN,1,0,1
11217,SUBLATE,1,0,1
11215,KEISTERE,1,0,1
11212,TLI,1,0,1
11211,RYOUKO,1,0,1
11207,WNE,1,0,1
11201,TVVF,1,0,1
11156,EDLUND,1,0,1
11200,WAMBA,1,0,1
11197,DEBURRE,1,0,1
11196,33.4,1,0,1
11194,THINLY,1,0,1
11189,CEDARTOWN,1,0,1
11183,SCARPER,1,0,1
11182,BUDVA,1,0,1
11181,DUMANCEAU,1,0,1
11172,DETER-,1,0,1
11170,AYDEN,1,0,1
11165,ENROBE,1,0,1
11163,KNOWNE,1,0,1
11161,SHELVIN,1,0,1
11076,BROWNSTOWN,1,0,1
11063,CHINZY,1,0,1
10863,NSE,1,0,1
10921,LMF,1,0,1
10969,OXV,1,0,1
10964,BOKEN,1,0,1
10961,CRETU,1,0,1
10960,93.4,1,0,1
10953,JANNA,1,0,1
10947,AREFOX,1,0,1
10946,PELLUCIDA,1,0,1
10944,LANDEN,1,0,1
10943,AITU,1,0,1
10931,BRATE,1,0,1
10930,R1U,1,0,1
10928,MISNUMBERE,1,0,1
10925,PORTAVOZ,1,0,1
10913,BELABOUR,1,0,1
10976,DERIVATE,1,0,1
10904,SUCIDE,1,0,1
10903,PLACES--,1,0,1
10901,APLICASTE,1,0,1
10897,COUNTY.THE,1,0,1
10894,BEDROOME,1,0,1
10889,PEENE,1,0,1
10888,DIVERTICULITIS,1,0,1
10886,PEPITONE,1,0,1
10885,PALOM,1,0,1
10883,UNSNAP,1,0,1
10880,HERBUX,1,0,1
10876,DIVUS,1,0,1
10870,CRAPO,1,0,1
10974,GLYCOSYLATE,1,0,1
10977,UNCORRUPTED,1,0,1
11062,RAAM,1,0,1
11011,VACUFORME,1,0,1
11059,TASHAWN,1,0,1
11055,PETALLE,1,0,1
11048,RECONCEIVE,1,0,1
11046,GYAL,1,0,1
11044,WEPCO,1,0,1
11033,SCHWIFTY,1,0,1
11026,BHAIRAV,1,0,1
11025,RATNA,1,0,1
11024,SPENCA,1,0,1
11022,BARLEYCORN,1,0,1
11021,GEOGRID,1,0,1
11017,EASTTOWN,1,0,1
11012,COHOSTE,1,0,1
11010,STETTEN,1,0,1
10979,PORFOLIO,1,0,1
11006,CLAIRVOYANT,1,0,1
11005,HAVERTOWN,1,0,1
11003,SUPERANNUATE,1,0,1
11002,SPANGLER,1,0,1
11001,MOMINEEN,1,0,1
11000,PEKOE,1,0,1
10994,UNASSURED,1,0,1
10993,BHUTESU,1,0,1
10992,B1O,1,0,1
10991,REMOTEN,1,0,1
10990,LUVOX,1,0,1
10988,WIU,1,0,1
10985,CARTOGRAPHY,1,0,1
11231,DREMELE,1,0,1
11238,RESHAD,1,0,1
11239,UNREWARDE,1,0,1
11477,BRADSTONE,1,0,1
11513,FOXCATCHER,1,0,1
11509,19.4,1,0,1
11507,TUBELIGHT,1,0,1
11503,LANGTANG,1,0,1
11498,FALLDOWN,1,0,1
11496,DEALLOCATE,1,0,1
11492,WWLL,1,0,1
11490,ESPL,1,0,1
11488,GUSSETE,1,0,1
11483,IBTC,1,0,1
11482,RECOMPRESSE,1,0,1
11480,SHORTHAIRE,1,0,1
11479,UNPOSE,1,0,1
11471,PAIE,1,0,1
11517,BOKKEN,1,0,1
11467,AREC,1,0,1
11465,TCQ,1,0,1
11464,PRVS,1,0,1
11458,BLASIUS,1,0,1
11456,BAKOOL,1,0,1
11449,GEARSET,1,0,1
11448,REPRESSURIZE,1,0,1
11447,BREASTBONE,1,0,1
11443,GAMBOL,1,0,1
11442,TXP,1,0,1
11439,DECIDA,1,0,1
11435,KAMMA,1,0,1
11434,WORTHE,1,0,1
11515,SPONDE,1,0,1
11519,MINERALISE,1,0,1
11242,BROCRO,1,0,1
11561,DISTRUBE,1,0,1
11596,VILLIFIE,1,0,1
11588,BESTRODE,1,0,1
11587,ORAC,1,0,1
11586,DISEÑO,1,0,1
11585,SHINONOME,1,0,1
11584,AHUNDRE,1,0,1
11581,IBED,1,0,1
11578,TRUFF,1,0,1
11575,LESBEN,1,0,1
11573,PAPERCUT,1,0,1
11570,TAMMEH,1,0,1
11569,WHYWE,1,0,1
11563,ESIGHT,1,0,1
11557,GIANNONE,1,0,1
11525,CHORIZO,1,0,1
11555,JAILBROKEN,1,0,1
11554,DISCOVERABLE,1,0,1
11551,ADEMMA,1,0,1
11550,ROBSTOWN,1,0,1
11545,LYONDELL,1,0,1
11543,NDRE,1,0,1
11541,PANIOLO,1,0,1
11538,ESTERDOME,1,0,1
11537,SUGESTE,1,0,1
11533,OVERTRAINE,1,0,1
11532,BENBROOK,1,0,1
11531,ABANDONNE,1,0,1
11527,OFFSTAGE,1,0,1
11433,BLOXOM,1,0,1
11432,SNAN,1,0,1
11428,GTATYR,1,0,1
11279,CLARIS,1,0,1
11340,MARCHESA,1,0,1
11339,IMPRESSIONE,1,0,1
11332,SHIMMA,1,0,1
11326,COINTREAU,1,0,1
11320,BLOOME,1,0,1
11314,PUGGLE,1,0,1
11313,SAUSA,1,0,1
11298,PARTYI,1,0,1
11296,EXTRAVASATE,1,0,1
11289,CCCA,1,0,1
11288,PLUMBNESS,1,0,1
11287,CPCC,1,0,1
11286,TIMESTEP,1,0,1
11277,0.4,1,0,1
11427,LCIS,1,0,1
11273,ZEGLEN,1,0,1
11272,YESIL,1,0,1
11269,MENTIONIN,1,0,1
11268,MISORIENTE,1,0,1
11266,SNUN,1,0,1
11262,NOVELIZE,1,0,1
11261,BITNA,1,0,1
11258,BLI,1,0,1
11255,HIGHMINDE,1,0,1
11250,GREX,1,0,1
11248,MORDANTE,1,0,1
11246,BUFFO,1,0,1
11243,CAMPERDOWN,1,0,1
11343,ALANNA,1,0,1
11352,ASUDEVAN,1,0,1
11357,PISE,1,0,1
11358,SUBOXONE,1,0,1
11421,T2,1,0,1
11418,BISIO,1,0,1
11417,INTERLOCKEN,1,0,1
11416,MONOTONE,1,0,1
11415,SUNBORN,1,0,1
11413,TROMPO,1,0,1
11412,MACTOWN,1,0,1
11411,SICCOLA,1,0,1
11405,BEANBOOZLE,1,0,1
11403,TARKAN,1,0,1
11402,CINCETTA,1,0,1
11401,KPH,1,0,1
11400,GADLIGHT,1,0,1
11398,PIEPKORN,1,0,1
11396,LUNDVIK,1,0,1
11391,BODO,1,0,1
11390,TAMELA,1,0,1
11388,DIKH,1,0,1
11386,RIVALZ,1,0,1
11384,UNCREWE,1,0,1
11375,BROGDEN,1,0,1
11372,EJEMPLO,1,0,1
11371,KAFON,1,0,1
11370,OFFERRE,1,0,1
11365,BUREAUCRATIZE,1,0,1
11364,STRAYHORN,1,0,1
11362,SHMACKE,1,0,1
10869,BEEHAD,1,0,1
10860,FOODIST,1,0,1
10146,BLADEZZ,1,0,1
10370,PRORACK,1,0,1
10409,QUINTEN,1,0,1
10407,REJUVEN,1,0,1
10405,PATHAK,1,0,1
10398,ANACHROME,1,0,1
10395,RASOI,1,0,1
10394,SIMCOX,1,0,1
10393,DEBAUCH,1,0,1
10387,MOELVEN,1,0,1
10384,WATCHIT,1,0,1
10382,WAINSCOTE,1,0,1
10381,DAYBE,1,0,1
10379,LAKEFIELD,1,0,1
10372,METHALONE,1,0,1
10364,DISAPPARATE,1,0,1
10417,POWN,1,0,1
10362,HANDEL,1,0,1
10359,STREEN,1,0,1
10356,GLITCHY,1,0,1
10354,QUARTO,1,0,1
10353,UNWITNESSED,1,0,1
10351,MISDATE,1,0,1
10340,INDIGENCY,1,0,1
10336,HARNED,1,0,1
10332,WAZZE,1,0,1
10330,KHURSHEED,1,0,1
10329,REVIVIFY,1,0,1
10320,EXORCIZE,1,0,1
10318,REMETANEA,1,0,1
10413,UNREVENGED,1,0,1
10419,JOHNSTOWN,1,0,1
10311,NOLDEN,1,0,1
10482,UPSKILLE,1,0,1
10520,SILVAN,1,0,1
10519,PITTEN,1,0,1
10516,LETTERBOXED,1,0,1
10513,MARGUERITE,1,0,1
10511,ROLF,1,0,1
10510,OVEREDUCATE,1,0,1
10506,ROSEA,1,0,1
10500,UNFORMATTED,1,0,1
10498,MARIANNE,1,0,1
10495,VIELEN,1,0,1
10490,RUSHLOW,1,0,1
10486,SAVEN,1,0,1
10483,BALTI,1,0,1
10476,CANUDA,1,0,1
10427,ELUNE,1,0,1
10467,SIMILI,1,0,1
10460,761ST,1,0,1
10457,FUKEN,1,0,1
10455,QUARTERMASTER,1,0,1
10453,CHRISTOPHERSEN,1,0,1
10451,UNHUSKE,1,0,1
10450,HOOVE,1,0,1
10448,HISTORICIZE,1,0,1
10445,DELOCATE,1,0,1
10443,OVERSEXE,1,0,1
10442,DEEN,1,0,1
10437,UNCONFLICTED,1,0,1
10432,EARHART,1,0,1
10316,SIDDHANT,1,0,1
10309,HOTHEADE,1,0,1
10859,UNWAGE,1,0,1
10180,UNEXCELLE,1,0,1
10214,STNG,1,0,1
10213,UNACQUAINTED,1,0,1
10212,SSAS,1,0,1
10205,REDISSOLVE,1,0,1
10201,13.6,1,0,1
10200,AGGLOMERATE,1,0,1
10197,GOODALL,1,0,1
10196,FROLF,1,0,1
10195,PUCO,1,0,1
10193,CLOPAY,1,0,1
10192,BROCKEN,1,0,1
10188,UNTARGETE,1,0,1
10185,UNDRIE,1,0,1
10179,KITU,1,0,1
10222,GLENHAVEN,1,0,1
10177,MORGRE,1,0,1
10172,MISFIGURE,1,0,1
10169,BOHL,1,0,1
10167,VIDEOGRAPHE,1,0,1
10166,WANKERE,1,0,1
10165,BAMBERD,1,0,1
10161,SNOCKERE,1,0,1
10159,GOATE,1,0,1
10153,LUGINBILL,1,0,1
10151,FINCHHAVEN,1,0,1
10150,INSAN,1,0,1
10149,FOREY,1,0,1
10148,TOUCHIERE,1,0,1
10218,BHAVE,1,0,1
10226,PREMIXED,1,0,1
10308,DIPLÔME,1,0,1
10267,NANO2,1,0,1
10304,BERTELSEN,1,0,1
10303,IFRAME,1,0,1
10300,DUMBSTRUCK,1,0,1
10298,FIRSTBORN,1,0,1
10295,REMOR,1,0,1
10292,THORIATE,1,0,1
10289,LILIUS,1,0,1
10288,SAFTY,1,0,1
10283,TOONE,1,0,1
10281,VACINATE,1,0,1
10280,OOV,1,0,1
10278,BRAMBLEWOOD,1,0,1
10272,HALLMARKE,1,0,1
10266,RESTREAME,1,0,1
10231,CHRISTOWN,1,0,1
10263,BAYBROOK,1,0,1
10262,MZA,1,0,1
10259,BOTEN,1,0,1
10257,SMEGMA,1,0,1
10253,WBE,1,0,1
10250,RANDALLSTOWN,1,0,1
10249,TIMON,1,0,1
10244,CCPC,1,0,1
10243,TEJANO,1,0,1
10239,COMPONENTIZE,1,0,1
10236,WHIGFIELD,1,0,1
10234,BONDAX,1,0,1
10233,DUVAN,1,0,1
10521,SETNA,1,0,1
10522,DEZA,1,0,1
10524,14.6,1,0,1
10736,BRUSCHETTA,1,0,1
10770,POZ,1,0,1
10769,RO1,1,0,1
10768,GUTTEN,1,0,1
10767,GORN,1,0,1
10765,ANIE,1,0,1
10763,DECREPID,1,0,1
10761,HACKATHORN,1,0,1
10753,UNFLAGGED,1,0,1
10752,RECAPITALISE,1,0,1
10751,CWELCH,1,0,1
10747,TMNT,1,0,1
10738,UNMUTATED,1,0,1
10737,BABLI,1,0,1
10735,IGB,1,0,1
10775,SOOT,1,0,1
10732,ONRE,1,0,1
10731,XQI,1,0,1
10730,OHSU,1,0,1
10729,LIRAS,1,0,1
10728,POLLOI,1,0,1
10726,OUTPOLLE,1,0,1
10722,INTERFILE,1,0,1
10721,NEURALYZE,1,0,1
10719,GABBARD,1,0,1
10718,LETTERPRESSE,1,0,1
10717,MCCARVER,1,0,1
10716,DORGAN,1,0,1
10714,REVIEWNIT,1,0,1
10772,INTRENCH,1,0,1
10778,BINBIN,1,0,1
10529,DEMILLE,1,0,1
10811,DIZZ,1,0,1
10857,STUMER,1,0,1
10850,KERSTEN,1,0,1
10847,PROTET,1,0,1
10846,WORK.I,1,0,1
10845,BYOT,1,0,1
10844,VILLAGIO,1,0,1
10840,VHR,1,0,1
10837,URBANISED,1,0,1
10827,NOELEEN,1,0,1
10826,GALIUS,1,0,1
10818,PROMTE,1,0,1
10816,LAZ,1,0,1
10814,RANIZO,1,0,1
10810,BELHAVEN,1,0,1
10779,LASHONNA,1,0,1
10807,HAKEN,1,0,1
10806,PRENUMBERE,1,0,1
10805,COPYLEFT,1,0,1
10802,PLANARIZE,1,0,1
10800,CHUC,1,0,1
10799,RNE,1,0,1
10797,FSCS,1,0,1
10795,RYUKEN,1,0,1
10794,SUPERMODIFIE,1,0,1
10793,TRANFERE,1,0,1
10790,BUDGETARILY,1,0,1
10789,PERAMBULATE,1,0,1
10782,BOLLIX,1,0,1
10709,KORTEN,1,0,1
10704,JOUST,1,0,1
10703,GLHF,1,0,1
10580,VERVAIN,1,0,1
10616,CHESE,1,0,1
10615,OVERBURDENSOME,1,0,1
10614,COMPACTIFIE,1,0,1
10612,LEDERHOSEN,1,0,1
10611,PHRE,1,0,1
10607,BROOKLYN,1,0,1
10603,FADDEN,1,0,1
10599,BEHRENDT,1,0,1
10596,CRACKFIELD,1,0,1
10593,MICROBIOME,1,0,1
10591,MISTRANSLATE,1,0,1
10588,DENATURALIZE,1,0,1
10587,OVERBEAR,1,0,1
10579,UNFUCK,1,0,1
10701,TORBJORN,1,0,1
10576,FOCALIZE,1,0,1
10571,ENCAGE,1,0,1
10569,SWE,1,0,1
10566,BREATHALYSE,1,0,1
10565,DESOLL,1,0,1
10563,SLETTEN,1,0,1
10560,ANNEKA,1,0,1
10559,QBASIC,1,0,1
10558,RETRANSLATE,1,0,1
10557,PREPLANNE,1,0,1
10546,MICRORNA,1,0,1
10545,RECAREY,1,0,1
10530,GROOSE,1,0,1
10620,VICTIMISE,1,0,1
10624,AMUNDSEN,1,0,1
10625,ICUK,1,0,1
10626,RENUMBERE,1,0,1
10699,RICKROLLE,1,0,1
10698,PSID,1,0,1
10697,ZMU,1,0,1
10696,GRAFFE,1,0,1
10692,KUNTRAM,1,0,1
10687,RONALD,1,0,1
10683,AMERCE,1,0,1
10680,BESMEAR,1,0,1
10678,EXTRANGE,1,0,1
10676,SUBLUXATE,1,0,1
10673,PRODUCTEN,1,0,1
10661,UNPAIRE,1,0,1
10660,ESCHEATE,1,0,1
10659,ALBUTEROL,1,0,1
10658,TBI,1,0,1
10655,BULLDOGGE,1,0,1
10648,PAPALI,1,0,1
10646,PASTEURISE,1,0,1
10643,DIJKE,1,0,1
10642,ADOLPHUS,1,0,1
10640,AUTOSIZE,1,0,1
10639,UNTRIMME,1,0,1
10638,REIAXE,1,0,1
10637,WESTHOFF,1,0,1
10636,SSCI,1,0,1
10635,UNSCRAMBLE,1,0,1
10630,STARIX,1,0,1
12641,SANDBACH,1,0,1
